Дата визита,Источник трафика (детально),UTM Source,UTM Campaign,UTM Content,Достигнутая цель,Визиты,Статья,Интерес
2023-07-25,Яндекс ПромоСтраницы,yandex.promopages,Промостатья: Моя история 1 | Цена перехода | Ж25-54,"Как я преобразила свою жизнь, открыв зоомагазин_6489b3c2b218576c1a6c58ed",ОТПРАВКА ЛЮБОЙ ФОРМЫ,3,Моя история 1,
2023-08-10,Яндекс ПромоСтраницы,yandex.promopages,Промостатья: Моя история 1 | Цена перехода | Ж25-54,"Как я преобразила свою жизнь, открыв зоомагазин_6489b3c2b218576c1a6c58ed",ОТПРАВКА ЛЮБОЙ ФОРМЫ,3,Моя история 1,
2023-08-11,Яндекс ПромоСтраницы,yandex.promopages,Промостатья: Моя история 1 | Цена перехода | Ж25-54,"Как я преобразила свою жизнь, открыв зоомагазин_6489b3c2b218576c1a6c58ed",ОТПРАВКА ЛЮБОЙ ФОРМЫ,3,Моя история 1,
2023-09-24,Яндекс ПромоСтраницы,yandex.promopages,Промостатья: Моя история 1 | Цена перехода | Ж25-54,"Как я преобразила свою жизнь, открыв зоомагазин_6489b3c2b218576c1a6c58ed",ОТПРАВКА ЛЮБОЙ ФОРМЫ,3,Моя история 1,
2023-08-12,Яндекс ПромоСтраницы,yandex.promopages,Промостатья: Моя история 1 | Цена перехода | Ж25-54,"Как я преобразила свою жизнь, открыв зоомагазин_6489b3c2b218576c1a6c58ed",ОТПРАВКА ЛЮБОЙ ФОРМЫ,2,Моя история 1,
2023-08-14,Яндекс ПромоСтраницы,yandex.promopages,Промостатья: Моя история 1 | Цена перехода | Ж25-54,"Как я преобразила свою жизнь, открыв зоомагазин_6489b3c2b218576c1a6c58ed",ОТПРАВКА ЛЮБОЙ ФОРМЫ,2,Моя история 1,
2023-08-27,Яндекс ПромоСтраницы,yandex.promopages,Промостатья: Моя история 1 | Цена перехода | Ж25-54,"Как я преобразила свою жизнь, открыв зоомагазин_6489b3c2b218576c1a6c58ed",ОТПРАВКА ЛЮБОЙ ФОРМЫ,2,Моя история 1,
2023-09-21,Яндекс ПромоСтраницы,yandex.promopages,Промостатья: Моя история 1 | Цена перехода | Ж25-54,"Как я преобразила свою жизнь, открыв зоомагазин_6489b3c2b218576c1a6c58ed",ОТПРАВКА ЛЮБОЙ ФОРМЫ,2,Моя история 1,
2023-09-25,Яндекс ПромоСтраницы,yandex.promopages,Промостатья: Моя история 1 | Цена перехода | Ж25-54,"Как я преобразила свою жизнь, открыв зоомагазин_6489b3c2b218576c1a6c58ed",ОТПРАВКА ЛЮБОЙ ФОРМЫ,2,Моя история 1,
2023-09-27,Яндекс ПромоСтраницы,yandex.promopages,Промостатья: Моя история 1 | Цена перехода | Ж25-54,"Как я преобразила свою жизнь, открыв зоомагазин_6489b3c2b218576c1a6c58ed",ОТПРАВКА ЛЮБОЙ ФОРМЫ,2,Моя история 1,
2023-12-02,Яндекс ПромоСтраницы,yandex.promopages,Промостатья: Моя история 1 | Цена перехода | Ж25-54,"Как я преобразила свою жизнь, открыв зоомагазин_6489b3c2b218576c1a6c58ed",ОТПРАВКА ЛЮБОЙ ФОРМЫ,2,Моя история 1,
2023-12-13,Яндекс ПромоСтраницы,yandex.promopages,Промостатья: Моя история 1 | Цена перехода | Ж25-54,"Как я преобразила свою жизнь, открыв зоомагазин_6489b3c2b218576c1a6c58ed",ОТПРАВКА ЛЮБОЙ ФОРМЫ,2,Моя история 1,
2023-12-19,Яндекс ПромоСтраницы,yandex.promopages,Промостатья: Моя история 1 | Цена перехода | Ж25-54,"Как я преобразила свою жизнь, открыв зоомагазин_6489b3c2b218576c1a6c58ed",ОТПРАВКА ЛЮБОЙ ФОРМЫ,2,Моя история 1,
2023-06-27,Яндекс ПромоСтраницы,yandex.promopages,Промостатья: Моя история 1 | Цена перехода | Ж25-54,"Как я преобразила свою жизнь, открыв зоомагазин_6489b3c2b218576c1a6c58ed",ОТПРАВКА ЛЮБОЙ ФОРМЫ,1,Моя история 1,
2023-07-22,Яндекс ПромоСтраницы,yandex.promopages,Промостатья: Моя история 1 | Цена перехода | Ж25-54,"Как я преобразила свою жизнь, открыв зоомагазин_6489b3c2b218576c1a6c58ed",ОТПРАВКА ЛЮБОЙ ФОРМЫ,1,Моя история 1,
2023-07-27,Яндекс ПромоСтраницы,yandex.promopages,Промостатья: Моя история 1 | Цена перехода | Ж25-54,"Как я преобразила свою жизнь, открыв зоомагазин_6489b3c2b218576c1a6c58ed",ОТПРАВКА ЛЮБОЙ ФОРМЫ,1,Моя история 1,
2023-08-04,Яндекс ПромоСтраницы,yandex.promopages,Промостатья: Моя история 1 | Цена перехода | Ж25-54,"Как я преобразила свою жизнь, открыв зоомагазин_6489b3c2b218576c1a6c58ed",ОТПРАВКА ЛЮБОЙ ФОРМЫ,1,Моя история 1,
2023-08-07,Яндекс ПромоСтраницы,yandex.promopages,Промостатья: Моя история 1 | Цена перехода | Ж25-54,"Как я преобразила свою жизнь, открыв зоомагазин_6489b3c2b218576c1a6c58ed",ОТПРАВКА ЛЮБОЙ ФОРМЫ,1,Моя история 1,
2023-08-10,Яндекс: Директ,yandex.promopages,Промостатья: Моя история 1 | Цена перехода | Ж25-54,"Как я преобразила свою жизнь, открыв зоомагазин_6489b3c2b218576c1a6c58ed",ОТПРАВКА ЛЮБОЙ ФОРМЫ,1,Моя история 1,
2023-08-13,Яндекс ПромоСтраницы,yandex.promopages,Промостатья: Моя история 1 | Цена перехода | Ж25-54,"Как я преобразила свою жизнь, открыв зоомагазин_6489b3c2b218576c1a6c58ed",ОТПРАВКА ЛЮБОЙ ФОРМЫ,1,Моя история 1,
2023-08-15,Яндекс ПромоСтраницы,yandex.promopages,Промостатья: Моя история 1 | Цена перехода | Ж25-54,"Как я преобразила свою жизнь, открыв зоомагазин_6489b3c2b218576c1a6c58ed",ОТПРАВКА ЛЮБОЙ ФОРМЫ,1,Моя история 1,
2023-08-19,Яндекс ПромоСтраницы,yandex.promopages,Промостатья: Моя история 1 | Цена перехода | Ж25-54,"Как я преобразила свою жизнь, открыв зоомагазин_6489b3c2b218576c1a6c58ed",ОТПРАВКА ЛЮБОЙ ФОРМЫ,1,Моя история 1,
2023-08-22,Яндекс ПромоСтраницы,yandex.promopages,Промостатья: Моя история 1 | Цена перехода | Ж25-54,"Как я преобразила свою жизнь, открыв зоомагазин_6489b3c2b218576c1a6c58ed",ОТПРАВКА ЛЮБОЙ ФОРМЫ,1,Моя история 1,
2023-09-16,Яндекс ПромоСтраницы,yandex.promopages,Промостатья: Моя история 1 | Цена перехода | Ж25-54,"Как я преобразила свою жизнь, открыв зоомагазин_6489b3c2b218576c1a6c58ed",ОТПРАВКА ЛЮБОЙ ФОРМЫ,1,Моя история 1,
2023-09-18,Яндекс ПромоСтраницы,yandex.promopages,Промостатья: Моя история 1 | Цена перехода | Ж25-54,"Как я преобразила свою жизнь, открыв зоомагазин_6489b3c2b218576c1a6c58ed",ОТПРАВКА ЛЮБОЙ ФОРМЫ,1,Моя история 1,
2023-09-20,Яндекс ПромоСтраницы,yandex.promopages,Промостатья: Моя история 1 | Цена перехода | Ж25-54,"Как я преобразила свою жизнь, открыв зоомагазин_6489b3c2b218576c1a6c58ed",ОТПРАВКА ЛЮБОЙ ФОРМЫ,1,Моя история 1,
2023-09-24,Яндекс: Директ,yandex.promopages,Промостатья: Моя история 1 | Цена перехода | Ж25-54,"Как я преобразила свою жизнь, открыв зоомагазин_6489b3c2b218576c1a6c58ed",ОТПРАВКА ЛЮБОЙ ФОРМЫ,1,Моя история 1,
2023-09-26,Яндекс ПромоСтраницы,yandex.promopages,Промостатья: Моя история 1 | Цена перехода | Ж25-54,"Как я преобразила свою жизнь, открыв зоомагазин_6489b3c2b218576c1a6c58ed",ОТПРАВКА ЛЮБОЙ ФОРМЫ,1,Моя история 1,
2023-10-29,Яндекс ПромоСтраницы,yandex.promopages,Промостатья: Моя история 1 | Цена перехода | Ж25-54,"Как я преобразила свою жизнь, открыв зоомагазин_6489b3c2b218576c1a6c58ed",ОТПРАВКА ЛЮБОЙ ФОРМЫ,1,Моя история 1,
2023-10-30,Яндекс: Директ,yandex.promopages,Промостатья: Моя история 1 | Цена перехода | Ж25-54,"Как я преобразила свою жизнь, открыв зоомагазин_6489b3c2b218576c1a6c58ed",ОТПРАВКА ЛЮБОЙ ФОРМЫ,1,Моя история 1,
2023-11-11,Яндекс ПромоСтраницы,yandex.promopages,Промостатья: Моя история 1 | Цена перехода | Ж25-54,"Как я преобразила свою жизнь, открыв зоомагазин_6489b3c2b218576c1a6c58ed",ОТПРАВКА ЛЮБОЙ ФОРМЫ,1,Моя история 1,
2023-11-12,Яндекс ПромоСтраницы,yandex.promopages,Промостатья: Моя история 1 | Цена перехода | Ж25-54,"Как я преобразила свою жизнь, открыв зоомагазин_6489b3c2b218576c1a6c58ed",ОТПРАВКА ЛЮБОЙ ФОРМЫ,1,Моя история 1,
2023-11-18,Яндекс ПромоСтраницы,yandex.promopages,Промостатья: Моя история 1 | Цена перехода | Ж25-54,"Как я преобразила свою жизнь, открыв зоомагазин_6489b3c2b218576c1a6c58ed",ОТПРАВКА ЛЮБОЙ ФОРМЫ,1,Моя история 1,
2023-11-24,Яндекс ПромоСтраницы,yandex.promopages,Промостатья: Моя история 1 | Цена перехода | Ж25-54,"Как я преобразила свою жизнь, открыв зоомагазин_6489b3c2b218576c1a6c58ed",ОТПРАВКА ЛЮБОЙ ФОРМЫ,1,Моя история 1,
2023-12-01,Яндекс ПромоСтраницы,yandex.promopages,Промостатья: Моя история 1 | Цена перехода | Ж25-54,"Как я преобразила свою жизнь, открыв зоомагазин_6489b3c2b218576c1a6c58ed",ОТПРАВКА ЛЮБОЙ ФОРМЫ,1,Моя история 1,
2023-12-09,Яндекс ПромоСтраницы,yandex.promopages,Промостатья: Моя история 1 | Цена перехода | Ж25-54,"Как я преобразила свою жизнь, открыв зоомагазин_6489b3c2b218576c1a6c58ed",ОТПРАВКА ЛЮБОЙ ФОРМЫ,1,Моя история 1,
2023-12-10,Яндекс ПромоСтраницы,yandex.promopages,Промостатья: Моя история 1 | Цена перехода | Ж25-54,"Как я преобразила свою жизнь, открыв зоомагазин_6489b3c2b218576c1a6c58ed",ОТПРАВКА ЛЮБОЙ ФОРМЫ,1,Моя история 1,
2023-12-12,Яндекс ПромоСтраницы,yandex.promopages,Промостатья: Моя история 1 | Цена перехода | Ж25-54,"Как я преобразила свою жизнь, открыв зоомагазин_6489b3c2b218576c1a6c58ed",ОТПРАВКА ЛЮБОЙ ФОРМЫ,1,Моя история 1,
2023-12-15,Яндекс ПромоСтраницы,yandex.promopages,Промостатья: Моя история 1 | Цена перехода | Ж25-54,"Как я преобразила свою жизнь, открыв зоомагазин_6489b3c2b218576c1a6c58ed",ОТПРАВКА ЛЮБОЙ ФОРМЫ,1,Моя история 1,
2023-12-17,Яндекс ПромоСтраницы,yandex.promopages,Промостатья: Моя история 1 | Цена перехода | Ж25-54,"Как я преобразила свою жизнь, открыв зоомагазин_6489b3c2b218576c1a6c58ed",ОТПРАВКА ЛЮБОЙ ФОРМЫ,1,Моя история 1,
2023-12-18,Яндекс ПромоСтраницы,yandex.promopages,Промостатья: Моя история 1 | Цена перехода | Ж25-54,"Как я преобразила свою жизнь, открыв зоомагазин_6489b3c2b218576c1a6c58ed",ОТПРАВКА ЛЮБОЙ ФОРМЫ,1,Моя история 1,
2023-12-24,Яндекс ПромоСтраницы,yandex.promopages,Промостатья: Моя история 2 | Цена перехода | 25-54,Поиск идеального бизнеса: Как я открыл свой зоомагазин_6581a8808e730e6f79d09159,ОТПРАВКА ЛЮБОЙ ФОРМЫ,1,Моя история 2,
2023-12-30,Яндекс ПромоСтраницы,yandex.promopages,Промостатья: Моя история 2 | Цена перехода | 25-54,Зоомагазин: Почему он стал идельным бизнесом для меня_6581a8808e730e6f79d09159,ОТПРАВКА ЛЮБОЙ ФОРМЫ,1,Моя история 2,
2024-01-22,Яндекс ПромоСтраницы,yandex.promopages,Промостатья: Моя история 1 | Цена перехода | Ж25-54,"Как я преобразила свою жизнь, открыв зоомагазин_6489b3c2b218576c1a6c58ed",ОТПРАВКА ЛЮБОЙ ФОРМЫ,3,Моя история 1,
2024-02-27,Яндекс ПромоСтраницы,yandex.promopages,Промостатья: Моя история 1 | Цена перехода | Ж25-54,"Как я преобразила свою жизнь, открыв зоомагазин_6489b3c2b218576c1a6c58ed",ОТПРАВКА ЛЮБОЙ ФОРМЫ,3,Моя история 1,
2024-03-30,Яндекс ПромоСтраницы,yandex.promopages,Промостатья: Моя история 1 | Цена перехода | Ж25-54,"Как я преобразила свою жизнь, открыв зоомагазин_6489b3c2b218576c1a6c58ed",ОТПРАВКА ЛЮБОЙ ФОРМЫ,3,Моя история 1,
2024-04-14,Яндекс ПромоСтраницы,yandex.promopages,Промостатья: Моя история 1 | Цена перехода | Ж25-54,"Как я преобразила свою жизнь, открыв зоомагазин_6489b3c2b218576c1a6c58ed",ОТПРАВКА ЛЮБОЙ ФОРМЫ,3,Моя история 1,
2024-10-26,Яндекс ПромоСтраницы,yandex.promopages,Промостатья: Моя история 1 | Цена перехода | Ж25-54,"Как я преобразила свою жизнь, открыв зоомагазин_6489b3c2b218576c1a6c58ed",ОТПРАВКА ЛЮБОЙ ФОРМЫ,3,Моя история 1,
2024-01-16,Яндекс ПромоСтраницы,yandex.promopages,Промостатья: Моя история 1 | Цена перехода | Ж25-54,"Как я преобразила свою жизнь, открыв зоомагазин_6489b3c2b218576c1a6c58ed",ОТПРАВКА ЛЮБОЙ ФОРМЫ,2,Моя история 1,
2024-01-24,Яндекс ПромоСтраницы,yandex.promopages,Промостатья: Моя история 1 | Цена перехода | Ж25-54,"Как я преобразила свою жизнь, открыв зоомагазин_6489b3c2b218576c1a6c58ed",ОТПРАВКА ЛЮБОЙ ФОРМЫ,2,Моя история 1,
2024-01-26,Яндекс ПромоСтраницы,yandex.promopages,Промостатья: Моя история 1 | Цена перехода | Ж25-54,"Как я преобразила свою жизнь, открыв зоомагазин_6489b3c2b218576c1a6c58ed",ОТПРАВКА ЛЮБОЙ ФОРМЫ,2,Моя история 1,
2024-01-30,Яндекс ПромоСтраницы,yandex.promopages,Промостатья: Моя история 1 | Цена перехода | Ж25-54,"Как я преобразила свою жизнь, открыв зоомагазин_6489b3c2b218576c1a6c58ed",ОТПРАВКА ЛЮБОЙ ФОРМЫ,2,Моя история 1,
2024-01-31,Яндекс ПромоСтраницы,yandex.promopages,Промостатья: Моя история 1 | Цена перехода | Ж25-54,"Как я преобразила свою жизнь, открыв зоомагазин_6489b3c2b218576c1a6c58ed",ОТПРАВКА ЛЮБОЙ ФОРМЫ,2,Моя история 1,
2024-02-28,Яндекс ПромоСтраницы,yandex.promopages,Промостатья: Моя история 1 | Цена перехода | Ж25-54,"Как я преобразила свою жизнь, открыв зоомагазин_6489b3c2b218576c1a6c58ed",ОТПРАВКА ЛЮБОЙ ФОРМЫ,2,Моя история 1,
2024-02-29,Яндекс ПромоСтраницы,yandex.promopages,Промостатья: Моя история 1 | Цена перехода | Ж25-54,"Как я преобразила свою жизнь, открыв зоомагазин_6489b3c2b218576c1a6c58ed",ОТПРАВКА ЛЮБОЙ ФОРМЫ,2,Моя история 1,
2024-03-18,Яндекс ПромоСтраницы,yandex.promopages,Промостатья: Моя история 1 | Цена перехода | Ж25-54,"Как я преобразила свою жизнь, открыв зоомагазин_6489b3c2b218576c1a6c58ed",ОТПРАВКА ЛЮБОЙ ФОРМЫ,2,Моя история 1,
2024-04-07,Яндекс ПромоСтраницы,yandex.promopages,Промостатья: Моя история 1 | Цена перехода | Ж25-54,"Как я преобразила свою жизнь, открыв зоомагазин_6489b3c2b218576c1a6c58ed",ОТПРАВКА ЛЮБОЙ ФОРМЫ,2,Моя история 1,
2024-07-25,Яндекс ПромоСтраницы,yandex.promopages,Промостатья: Моя история 1 | Цена перехода | Ж25-54,"Как я преобразила свою жизнь, открыв зоомагазин_6489b3c2b218576c1a6c58ed",ОТПРАВКА ЛЮБОЙ ФОРМЫ,2,Моя история 1,
2024-08-01,Яндекс ПромоСтраницы,yandex.promopages,Промостатья: Моя история 1 | Цена перехода | Ж25-54,"Как я преобразила свою жизнь, открыв зоомагазин_6489b3c2b218576c1a6c58ed",ОТПРАВКА ЛЮБОЙ ФОРМЫ,2,Моя история 1,
2024-08-31,Яндекс ПромоСтраницы,yandex.promopages,Промостатья: Моя история 1 | Цена перехода | Ж25-54,"Как я преобразила свою жизнь, открыв зоомагазин_6489b3c2b218576c1a6c58ed",ОТПРАВКА ЛЮБОЙ ФОРМЫ,2,Моя история 1,
2024-09-01,Яндекс ПромоСтраницы,yandex.promopages,Промостатья: Моя история 1 | Цена перехода | Ж25-54,"Как я преобразила свою жизнь, открыв зоомагазин_6489b3c2b218576c1a6c58ed",ОТПРАВКА ЛЮБОЙ ФОРМЫ,2,Моя история 1,
2024-10-31,Яндекс ПромоСтраницы,yandex.promopages,Промостатья: Моя история 1 | Цена перехода | Ж25-54,"Как я преобразила свою жизнь, открыв зоомагазин_6489b3c2b218576c1a6c58ed",ОТПРАВКА ЛЮБОЙ ФОРМЫ,2,Моя история 1,
2024-11-07,Яндекс ПромоСтраницы,yandex.promopages,Статья: Цифры и факты / Интересы: франшиза,"Откройте успешный зоомагазин с франшизой ""Мокрый Нос""_66bb527ae551a90e2f296f95",ОТПРАВКА ЛЮБОЙ ФОРМЫ,2,Цифры и факты,франшиза
2024-11-28,Яндекс ПромоСтраницы,yandex.promopages,Промостатья: Моя история 1 | Цена перехода | Ж25-54,"Как я преобразила свою жизнь, открыв зоомагазин_6489b3c2b218576c1a6c58ed",ОТПРАВКА ЛЮБОЙ ФОРМЫ,2,Моя история 1,
2024-11-29,Яндекс ПромоСтраницы,yandex.promopages,Промостатья: Моя история 1 | Цена перехода | Ж25-54,"Как я преобразила свою жизнь, открыв зоомагазин_6489b3c2b218576c1a6c58ed",ОТПРАВКА ЛЮБОЙ ФОРМЫ,2,Моя история 1,
2024-01-03,Яндекс ПромоСтраницы,yandex.promopages,Промостатья: Моя история 2 | Цена перехода | 25-54,Зоомагазин как идеальный бизнес: Почему это мой выбор_6581a8808e730e6f79d09159,ОТПРАВКА ЛЮБОЙ ФОРМЫ,1,Моя история 2,
2024-01-04,Яндекс ПромоСтраницы,yandex.promopages,Промостатья: Моя история 2 | Цена перехода | 25-54,Зоомагазин: Почему он стал идельным бизнесом для меня_6581a8808e730e6f79d09159,ОТПРАВКА ЛЮБОЙ ФОРМЫ,1,Моя история 2,
2024-01-11,Яндекс ПромоСтраницы,yandex.promopages,Промостатья: Моя история 2 | Цена перехода | 25-54,Зоомагазин как идеальный бизнес: Почему это мой выбор_6581a8808e730e6f79d09159,ОТПРАВКА ЛЮБОЙ ФОРМЫ,1,Моя история 2,
2024-01-12,Яндекс ПромоСтраницы,yandex.promopages,Промостатья: Моя история 1 | Цена перехода | Ж25-54,"Как я преобразила свою жизнь, открыв зоомагазин_6489b3c2b218576c1a6c58ed",ОТПРАВКА ЛЮБОЙ ФОРМЫ,1,Моя история 1,
2024-01-13,Яндекс ПромоСтраницы,yandex.promopages,Промостатья: Моя история 1 | Цена перехода | Ж25-54,"Как я преобразила свою жизнь, открыв зоомагазин_6489b3c2b218576c1a6c58ed",ОТПРАВКА ЛЮБОЙ ФОРМЫ,1,Моя история 1,
2024-01-18,Яндекс ПромоСтраницы,yandex.promopages,Промостатья: Моя история 1 | Цена перехода | Ж25-54,"Как я преобразила свою жизнь, открыв зоомагазин_6489b3c2b218576c1a6c58ed",ОТПРАВКА ЛЮБОЙ ФОРМЫ,1,Моя история 1,
2024-01-19,Яндекс: Директ,yandex.promopages,Промостатья: Моя история 1 | Цена перехода | Ж25-54,"Как я преобразила свою жизнь, открыв зоомагазин_6489b3c2b218576c1a6c58ed",ОТПРАВКА ЛЮБОЙ ФОРМЫ,1,Моя история 1,
2024-01-23,Яндекс ПромоСтраницы,yandex.promopages,Промостатья: Моя история 1 | Цена перехода | Ж25-54,"Как я преобразила свою жизнь, открыв зоомагазин_6489b3c2b218576c1a6c58ed",ОТПРАВКА ЛЮБОЙ ФОРМЫ,1,Моя история 1,
2024-01-25,Яндекс ПромоСтраницы,yandex.promopages,Промостатья: Моя история 1 | Цена перехода | Ж25-54,"Как я преобразила свою жизнь, открыв зоомагазин_6489b3c2b218576c1a6c58ed",ОТПРАВКА ЛЮБОЙ ФОРМЫ,1,Моя история 1,
2024-01-27,Яндекс ПромоСтраницы,yandex.promopages,Промостатья: Моя история 1 | Цена перехода | Ж25-54,"Как я преобразила свою жизнь, открыв зоомагазин_6489b3c2b218576c1a6c58ed",ОТПРАВКА ЛЮБОЙ ФОРМЫ,1,Моя история 1,
2024-01-29,Яндекс ПромоСтраницы,yandex.promopages,Промостатья: Моя история 1 | Цена перехода | Ж25-54,"Как я преобразила свою жизнь, открыв зоомагазин_6489b3c2b218576c1a6c58ed",ОТПРАВКА ЛЮБОЙ ФОРМЫ,1,Моя история 1,
2024-02-01,Яндекс ПромоСтраницы,yandex.promopages,Промостатья: Моя история 1 | Цена перехода | Ж25-54,"Как я преобразила свою жизнь, открыв зоомагазин_6489b3c2b218576c1a6c58ed",ОТПРАВКА ЛЮБОЙ ФОРМЫ,1,Моя история 1,
2024-02-15,Яндекс ПромоСтраницы,yandex.promopages,Промостатья: Моя история 1 | Цена перехода | Ж25-54,"Как я преобразила свою жизнь, открыв зоомагазин_6489b3c2b218576c1a6c58ed",ОТПРАВКА ЛЮБОЙ ФОРМЫ,1,Моя история 1,
2024-02-17,Яндекс ПромоСтраницы,yandex.promopages,Промостатья: Моя история 1 | Цена перехода | Ж25-54,"Как я преобразила свою жизнь, открыв зоомагазин_6489b3c2b218576c1a6c58ed",ОТПРАВКА ЛЮБОЙ ФОРМЫ,1,Моя история 1,
2024-02-19,Яндекс ПромоСтраницы,yandex.promopages,Промостатья: Моя история 1 | Цена перехода | Ж25-54,"Как я преобразила свою жизнь, открыв зоомагазин_6489b3c2b218576c1a6c58ed",ОТПРАВКА ЛЮБОЙ ФОРМЫ,1,Моя история 1,
2024-02-20,Яндекс ПромоСтраницы,yandex.promopages,Промостатья: Моя история 1 | Цена перехода | Ж25-54,"Как я преобразила свою жизнь, открыв зоомагазин_6489b3c2b218576c1a6c58ed",ОТПРАВКА ЛЮБОЙ ФОРМЫ,1,Моя история 1,
2024-02-22,Яндекс ПромоСтраницы,yandex.promopages,Промостатья: Моя история 1 | Цена перехода | Ж25-54,"Как я преобразила свою жизнь, открыв зоомагазин_6489b3c2b218576c1a6c58ed",ОТПРАВКА ЛЮБОЙ ФОРМЫ,1,Моя история 1,
2024-02-23,Яндекс ПромоСтраницы,yandex.promopages,Промостатья: Моя история 1 | Цена перехода | Ж25-54,"Как я преобразила свою жизнь, открыв зоомагазин_6489b3c2b218576c1a6c58ed",ОТПРАВКА ЛЮБОЙ ФОРМЫ,1,Моя история 1,
2024-02-26,Яндекс ПромоСтраницы,yandex.promopages,Промостатья: Моя история 1 | Цена перехода | Ж25-54,"Как я преобразила свою жизнь, открыв зоомагазин_6489b3c2b218576c1a6c58ed",ОТПРАВКА ЛЮБОЙ ФОРМЫ,1,Моя история 1,
2024-03-11,Яндекс ПромоСтраницы,yandex.promopages,Промостатья: Моя история 1 | Цена перехода | Ж25-54,"Как я преобразила свою жизнь, открыв зоомагазин_6489b3c2b218576c1a6c58ed",ОТПРАВКА ЛЮБОЙ ФОРМЫ,1,Моя история 1,
2024-03-13,Яндекс ПромоСтраницы,yandex.promopages,Промостатья: Моя история 1 | Цена перехода | Ж25-54,"Как я преобразила свою жизнь, открыв зоомагазин_6489b3c2b218576c1a6c58ed",ОТПРАВКА ЛЮБОЙ ФОРМЫ,1,Моя история 1,
2024-03-14,Яндекс ПромоСтраницы,yandex.promopages,Промостатья: Моя история 1 | Цена перехода | Ж25-54,"Как я преобразила свою жизнь, открыв зоомагазин_6489b3c2b218576c1a6c58ed",ОТПРАВКА ЛЮБОЙ ФОРМЫ,1,Моя история 1,
2024-03-16,Яндекс ПромоСтраницы,yandex.promopages,Промостатья: Моя история 1 | Цена перехода | Ж25-54,"Как я преобразила свою жизнь, открыв зоомагазин_6489b3c2b218576c1a6c58ed",ОТПРАВКА ЛЮБОЙ ФОРМЫ,1,Моя история 1,
2024-03-19,Яндекс ПромоСтраницы,yandex.promopages,Промостатья: Моя история 1 | Цена перехода | Ж25-54,"Как я преобразила свою жизнь, открыв зоомагазин_6489b3c2b218576c1a6c58ed",ОТПРАВКА ЛЮБОЙ ФОРМЫ,1,Моя история 1,
2024-03-23,Яндекс ПромоСтраницы,yandex.promopages,Промостатья: Моя история 1 | Цена перехода | Ж25-54,"Как я преобразила свою жизнь, открыв зоомагазин_6489b3c2b218576c1a6c58ed",ОТПРАВКА ЛЮБОЙ ФОРМЫ,1,Моя история 1,
2024-04-06,Яндекс ПромоСтраницы,yandex.promopages,Промостатья: Моя история 1 | Цена перехода | Ж25-54,"Как я преобразила свою жизнь, открыв зоомагазин_6489b3c2b218576c1a6c58ed",ОТПРАВКА ЛЮБОЙ ФОРМЫ,1,Моя история 1,
2024-04-11,Яндекс ПромоСтраницы,yandex.promopages,Промостатья: Моя история 1 | Цена перехода | Ж25-54,"Как я преобразила свою жизнь, открыв зоомагазин_6489b3c2b218576c1a6c58ed",ОТПРАВКА ЛЮБОЙ ФОРМЫ,1,Моя история 1,
2024-04-13,Яндекс ПромоСтраницы,yandex.promopages,Промостатья: Моя история 1 | Цена перехода | Ж25-54,"Как я преобразила свою жизнь, открыв зоомагазин_6489b3c2b218576c1a6c58ed",ОТПРАВКА ЛЮБОЙ ФОРМЫ,1,Моя история 1,
2024-04-17,franchise-mokryinos-ru.turbopages.org,yandex.promopages,Промостатья: Моя история 1 | Цена перехода | Ж25-54,"Как я преобразила свою жизнь, открыв зоомагазин_6489b3c2b218576c1a6c58ed",ОТПРАВКА ЛЮБОЙ ФОРМЫ,1,Моя история 1,
2024-04-18,Яндекс ПромоСтраницы,yandex.promopages,Промостатья: Моя история 1 | Цена перехода | Ж25-54,"Как я преобразила свою жизнь, открыв зоомагазин_6489b3c2b218576c1a6c58ed",ОТПРАВКА ЛЮБОЙ ФОРМЫ,1,Моя история 1,
2024-04-23,Яндекс ПромоСтраницы,yandex.promopages,Промостатья: Моя история 1 | Цена перехода | Ж25-54,"Как я преобразила свою жизнь, открыв зоомагазин_6489b3c2b218576c1a6c58ed",ОТПРАВКА ЛЮБОЙ ФОРМЫ,1,Моя история 1,
2024-04-24,Яндекс ПромоСтраницы,yandex.promopages,Промостатья: Моя история 1 | Цена перехода | Ж25-54,"Как я преобразила свою жизнь, открыв зоомагазин_6489b3c2b218576c1a6c58ed",ОТПРАВКА ЛЮБОЙ ФОРМЫ,1,Моя история 1,
2024-04-26,Яндекс ПромоСтраницы,yandex.promopages,Промостатья: Моя история 1 | Цена перехода | Ж25-54,"Как я преобразила свою жизнь, открыв зоомагазин_6489b3c2b218576c1a6c58ed",ОТПРАВКА ЛЮБОЙ ФОРМЫ,1,Моя история 1,
2024-04-29,Яндекс ПромоСтраницы,yandex.promopages,Промостатья: Моя история 1 | Цена перехода | Ж25-54,"Как я преобразила свою жизнь, открыв зоомагазин_6489b3c2b218576c1a6c58ed",ОТПРАВКА ЛЮБОЙ ФОРМЫ,1,Моя история 1,
2024-05-06,Яндекс ПромоСтраницы,yandex.promopages,Промостатья: Моя история 2 | Цена перехода | 25-54,Поиск идеального бизнеса: Как я открыл свой зоомагазин_6581a8808e730e6f79d09159,ОТПРАВКА ЛЮБОЙ ФОРМЫ,1,Моя история 2,
2024-05-07,Яндекс.Директ: Не определено,yandex.promopages,Промостатья: Моя история 1 | Цена перехода | Ж25-54,"Как я преобразила свою жизнь, открыв зоомагазин_6489b3c2b218576c1a6c58ed",ОТПРАВКА ЛЮБОЙ ФОРМЫ,1,Моя история 1,
2024-05-07,Яндекс: Директ,yandex.promopages,Промостатья: Моя история 1 | Цена перехода | Ж25-54,"Как я преобразила свою жизнь, открыв зоомагазин_6489b3c2b218576c1a6c58ed",ОТПРАВКА ЛЮБОЙ ФОРМЫ,1,Моя история 1,
2024-05-21,Яндекс ПромоСтраницы,yandex.promopages,Промостатья: Моя история 1 | Цена перехода | Ж25-54,"Как я преобразила свою жизнь, открыв зоомагазин_6489b3c2b218576c1a6c58ed",ОТПРАВКА ЛЮБОЙ ФОРМЫ,1,Моя история 1,
2024-05-30,Яндекс ПромоСтраницы,yandex.promopages,Промостатья: Моя история 3 | Цена перехода | 25-54,Зоомагазин как идеальный бизнес: Почему это мой выбор_66546aa6d9304216bde5c510,ОТПРАВКА ЛЮБОЙ ФОРМЫ,1,Моя история 3,
2024-06-05,Яндекс ПромоСтраницы,yandex.promopages,Промостатья: Моя история 3 | Цена перехода | 25-54,Зоомагазин: Почему он стал идельным бизнесом для меня_66546aa6d9304216bde5c510,ОТПРАВКА ЛЮБОЙ ФОРМЫ,1,Моя история 3,
2024-06-07,Яндекс ПромоСтраницы,yandex.promopages,Промостатья: Моя история 3 | Цена перехода | 25-54,Поиск идеального бизнеса: Как я открыла свой зоомагазин_66546aa6d9304216bde5c510,ОТПРАВКА ЛЮБОЙ ФОРМЫ,1,Моя история 3,
2024-06-07,Яндекс: Директ,yandex.promopages,Промостатья: Моя история 3 | Цена перехода | 25-54,Поиск идеального бизнеса: Как я открыла свой зоомагазин_66546aa6d9304216bde5c510,ОТПРАВКА ЛЮБОЙ ФОРМЫ,1,Моя история 3,
2024-06-19,Яндекс ПромоСтраницы,yandex.promopages,Промостатья: Моя история 3 | Цена перехода | 25-54 | lp /franchise,Поиск идеального бизнеса: Как я открыла свой зоомагазин_66546aa6d9304216bde5c510,ОТПРАВКА ЛЮБОЙ ФОРМЫ,1,Моя история 3,
2024-06-21,Яндекс ПромоСтраницы,yandex.promopages,Промостатья: Моя история 3 | Цена перехода | 25-54 | lp /dzen,Зоомагазин как идеальный бизнес: Почему это мой выбор_667147a1f598e415f34e8ecb,ОТПРАВКА ЛЮБОЙ ФОРМЫ,1,Моя история 3,
2024-07-09,Яндекс ПромоСтраницы,yandex.promopages,Промостатья: Моя история 3 | Цена перехода | 25-54 | lp /franchise,Зоомагазин как идеальный бизнес: Почему это мой выбор_66546aa6d9304216bde5c510,ОТПРАВКА ЛЮБОЙ ФОРМЫ,1,Моя история 3,
2024-07-09,Яндекс ПромоСтраницы,yandex.promopages,Промостатья: Моя история 3 | Цена перехода | 25-54 | lp /franchise,Поиск идеального бизнеса: Как я открыла свой зоомагазин_66546aa6d9304216bde5c510,ОТПРАВКА ЛЮБОЙ ФОРМЫ,1,Моя история 3,
2024-07-26,Яндекс ПромоСтраницы,yandex.promopages,Промостатья: Моя история 1 | Цена перехода | Ж25-54,"Как я преобразила свою жизнь, открыв зоомагазин_6489b3c2b218576c1a6c58ed",ОТПРАВКА ЛЮБОЙ ФОРМЫ,1,Моя история 1,
2024-07-29,Яндекс ПромоСтраницы,yandex.promopages,Промостатья: Моя история 1 | Цена перехода | Ж25-54,"Как я преобразила свою жизнь, открыв зоомагазин_6489b3c2b218576c1a6c58ed",ОТПРАВКА ЛЮБОЙ ФОРМЫ,1,Моя история 1,
2024-08-03,Яндекс ПромоСтраницы,yandex.promopages,Промостатья: Моя история 1 | Цена перехода | Ж25-54,"Как я преобразила свою жизнь, открыв зоомагазин_6489b3c2b218576c1a6c58ed",ОТПРАВКА ЛЮБОЙ ФОРМЫ,1,Моя история 1,
2024-08-06,Яндекс ПромоСтраницы,yandex.promopages,Промостатья: Моя история 1 | Цена перехода | Ж25-54,"Как я преобразила свою жизнь, открыв зоомагазин_6489b3c2b218576c1a6c58ed",ОТПРАВКА ЛЮБОЙ ФОРМЫ,1,Моя история 1,
2024-08-15,Яндекс ПромоСтраницы,yandex.promopages,Статья: Цифры и факты / Интересы: франшиза,Почему стоит открыть зоомагаз по франшизе Мокрый Нос_66bb527ae551a90e2f296f95,ОТПРАВКА ЛЮБОЙ ФОРМЫ,1,Цифры и факты,франшиза
2024-08-21,Яндекс ПромоСтраницы,yandex.promopages,Промостатья: Моя история 1 | Цена перехода | Ж25-54,"Как я преобразила свою жизнь, открыв зоомагазин_6489b3c2b218576c1a6c58ed",ОТПРАВКА ЛЮБОЙ ФОРМЫ,1,Моя история 1,
2024-08-21,Яндекс: Директ,yandex.promopages,Промостатья: Моя история 1 | Цена перехода | Ж25-54,"Как я преобразила свою жизнь, открыв зоомагазин_6489b3c2b218576c1a6c58ed",ОТПРАВКА ЛЮБОЙ ФОРМЫ,1,Моя история 1,
2024-08-24,Яндекс ПромоСтраницы,yandex.promopages,Промостатья: Моя история 1 | Цена перехода | Ж25-54,"Как я преобразила свою жизнь, открыв зоомагазин_6489b3c2b218576c1a6c58ed",ОТПРАВКА ЛЮБОЙ ФОРМЫ,1,Моя история 1,
2024-08-27,Яндекс ПромоСтраницы,yandex.promopages,Промостатья: Моя история 1 | Цена перехода | Ж25-54,"Как я преобразила свою жизнь, открыв зоомагазин_6489b3c2b218576c1a6c58ed",ОТПРАВКА ЛЮБОЙ ФОРМЫ,1,Моя история 1,
2024-08-28,Яндекс ПромоСтраницы,yandex.promopages,Промостатья: Моя история 1 | Цена перехода | Ж25-54,"Как я преобразила свою жизнь, открыв зоомагазин_6489b3c2b218576c1a6c58ed",ОТПРАВКА ЛЮБОЙ ФОРМЫ,1,Моя история 1,
2024-08-28,Яндекс ПромоСтраницы,yandex.promopages,Статья: Цифры и факты / Интересы: франшиза,"Откройте успешный зоомагазин с франшизой ""Мокрый Нос""_66bb527ae551a90e2f296f95",ОТПРАВКА ЛЮБОЙ ФОРМЫ,1,Цифры и факты,франшиза
2024-08-30,Яндекс ПромоСтраницы,yandex.promopages,Промостатья: Моя история 1 | Цена перехода | Ж25-54,"Как я преобразила свою жизнь, открыв зоомагазин_6489b3c2b218576c1a6c58ed",ОТПРАВКА ЛЮБОЙ ФОРМЫ,1,Моя история 1,
2024-09-02,Яндекс ПромоСтраницы,yandex.promopages,Промостатья: Моя история 1 | Цена перехода | Ж25-54,"Как я преобразила свою жизнь, открыв зоомагазин_6489b3c2b218576c1a6c58ed",ОТПРАВКА ЛЮБОЙ ФОРМЫ,1,Моя история 1,
2024-09-09,Яндекс ПромоСтраницы,yandex.promopages,Промостатья: Моя история 1 | Цена перехода | Ж25-54,"Как ""Мокрый нос"" помог мне достичь успеха в бизнесе_6489b3c2b218576c1a6c58ed",ОТПРАВКА ЛЮБОЙ ФОРМЫ,1,Моя история 1,
2024-09-17,Яндекс ПромоСтраницы,yandex.promopages,Промостатья: Моя история 1 | Цена перехода | Ж25-54,"Как я преобразила свою жизнь, открыв зоомагазин_6489b3c2b218576c1a6c58ed",ОТПРАВКА ЛЮБОЙ ФОРМЫ,1,Моя история 1,
2024-10-08,Яндекс ПромоСтраницы,yandex.promopages,Промостатья: Моя история 1 | Цена перехода | Ж25-54,"Как я преобразила свою жизнь, открыв зоомагазин_6489b3c2b218576c1a6c58ed",ОТПРАВКА ЛЮБОЙ ФОРМЫ,1,Моя история 1,
2024-10-09,Яндекс ПромоСтраницы,yandex.promopages,Промостатья: Моя история 1 | Цена перехода | Ж25-54,"Как я преобразила свою жизнь, открыв зоомагазин_6489b3c2b218576c1a6c58ed",ОТПРАВКА ЛЮБОЙ ФОРМЫ,1,Моя история 1,
2024-10-09,Яндекс ПромоСтраницы,yandex.promopages,Статья: Цифры и факты / Интересы: франшиза,"Откройте успешный зоомагазин с франшизой ""Мокрый Нос""_66bb527ae551a90e2f296f95",ОТПРАВКА ЛЮБОЙ ФОРМЫ,1,Цифры и факты,франшиза
2024-10-17,Яндекс ПромоСтраницы,yandex.promopages,Статья: Цифры и факты / Интересы: открытие бизнеса,"Откройте успешный зоомагазин с франшизой ""Мокрый Нос""_66c6fd7880ce265d420a0974",ОТПРАВКА ЛЮБОЙ ФОРМЫ,1,Цифры и факты,открытие бизнеса
2024-10-19,Яндекс ПромоСтраницы,yandex.promopages,Промостатья: Моя история 1 | Цена перехода | Ж25-54,"Как я преобразила свою жизнь, открыв зоомагазин_6489b3c2b218576c1a6c58ed",ОТПРАВКА ЛЮБОЙ ФОРМЫ,1,Моя история 1,
2024-10-23,Яндекс ПромоСтраницы,yandex.promopages,Статья: Цифры и факты / Интересы: франшиза,"Откройте успешный зоомагазин с франшизой ""Мокрый Нос""_66bb527ae551a90e2f296f95",ОТПРАВКА ЛЮБОЙ ФОРМЫ,1,Цифры и факты,франшиза
2024-10-24,Яндекс ПромоСтраницы,yandex.promopages,Статья: Цифры и факты / Интересы: открытие бизнеса,Почему стоит открыть зоомагаз по франшизе Мокрый Нос_66c6fd7880ce265d420a0974,ОТПРАВКА ЛЮБОЙ ФОРМЫ,1,Цифры и факты,открытие бизнеса
2024-10-25,Яндекс ПромоСтраницы,yandex.promopages,Промостатья: Моя история 1 | Цена перехода | Ж25-54,"Как я преобразила свою жизнь, открыв зоомагазин_6489b3c2b218576c1a6c58ed",ОТПРАВКА ЛЮБОЙ ФОРМЫ,1,Моя история 1,
2024-10-28,Яндекс ПромоСтраницы,yandex.promopages,Статья: Цифры и факты / Интересы: открытие бизнеса,"Откройте успешный зоомагазин с франшизой ""Мокрый Нос""_66c6fd7880ce265d420a0974",ОТПРАВКА ЛЮБОЙ ФОРМЫ,1,Цифры и факты,открытие бизнеса
2024-10-30,franchise-mokryinos-ru.turbopages.org,yandex.promopages,Промостатья: Моя история 1 | Цена перехода | Ж25-54,"Как я преобразила свою жизнь, открыв зоомагазин_6489b3c2b218576c1a6c58ed",ОТПРАВКА ЛЮБОЙ ФОРМЫ,1,Моя история 1,
2024-10-30,Яндекс ПромоСтраницы,yandex.promopages,Промостатья: Моя история 1 | Цена перехода | Ж25-54,"Как я преобразила свою жизнь, открыв зоомагазин_6489b3c2b218576c1a6c58ed",ОТПРАВКА ЛЮБОЙ ФОРМЫ,1,Моя история 1,
2024-11-01,Яндекс ПромоСтраницы,yandex.promopages,Промостатья: Моя история 1 | Цена перехода | Ж25-54,"Как я преобразила свою жизнь, открыв зоомагазин_6489b3c2b218576c1a6c58ed",ОТПРАВКА ЛЮБОЙ ФОРМЫ,1,Моя история 1,
2024-11-04,Яндекс ПромоСтраницы,yandex.promopages,Промостатья: Моя история 1 | Цена перехода | Ж25-54,"Как я преобразила свою жизнь, открыв зоомагазин_6489b3c2b218576c1a6c58ed",ОТПРАВКА ЛЮБОЙ ФОРМЫ,1,Моя история 1,
2024-11-08,Другая реклама: определено по меткам,yandex.promopages,Статья: Цифры и факты / Интересы: открытие бизнеса,"Откройте успешный зоомагазин с франшизой ""Мокрый Нос""_66c6fd7880ce265d420a0974",ОТПРАВКА ЛЮБОЙ ФОРМЫ,1,Цифры и факты,открытие бизнеса
2024-11-11,Яндекс ПромоСтраницы,yandex.promopages,Промостатья: Моя история 1 | Цена перехода | Ж25-54,"Как я преобразила свою жизнь, открыв зоомагазин_6489b3c2b218576c1a6c58ed",ОТПРАВКА ЛЮБОЙ ФОРМЫ,1,Моя история 1,
2024-11-22,Яндекс ПромоСтраницы,yandex.promopages,Промостатья: Моя история 1 | Цена перехода | Ж25-54,"Как я преобразила свою жизнь, открыв зоомагазин_6489b3c2b218576c1a6c58ed",ОТПРАВКА ЛЮБОЙ ФОРМЫ,1,Моя история 1,
2024-11-24,Яндекс ПромоСтраницы,yandex.promopages,Промостатья: Моя история 1 | Цена перехода | Ж25-54,"Как я преобразила свою жизнь, открыв зоомагазин_6489b3c2b218576c1a6c58ed",ОТПРАВКА ЛЮБОЙ ФОРМЫ,1,Моя история 1,
2024-11-25,Яндекс ПромоСтраницы,yandex.promopages,Промостатья: Моя история 1 | Цена перехода | Ж25-54,"Как я преобразила свою жизнь, открыв зоомагазин_6489b3c2b218576c1a6c58ed",ОТПРАВКА ЛЮБОЙ ФОРМЫ,1,Моя история 1,
2025-07-25,Яндекс ПромоСтраницы,yandex.promopages,Промостатья: Моя история 1 / Цена перехода / Ж25-54 / интерес_франшиза / 2507,"Как я преобразила свою жизнь, открыв зоомагазин_687f9795e4759b77bb17ce53",ОТПРАВКА ЛЮБОЙ ФОРМЫ,7,Моя история 1,франшиза
2025-03-29,Яндекс ПромоСтраницы,yandex.promopages,Промостатья: Моя история 1 / Цена перехода / Ж25-54 / интерес_франшиза,"Как я преобразила свою жизнь, открыв зоомагазин_67dd175da853554dcf7a941e",ОТПРАВКА ЛЮБОЙ ФОРМЫ,3,Моя история 1,франшиза
2025-04-30,Яндекс ПромоСтраницы,yandex.promopages,Промостатья: Моя история 1 / Цена перехода / Ж25-54 / интерес_открытие бизнеса,"Как я преобразила свою жизнь, открыв зоомагазин_67e2d1fb02adb863df447f39",ОТПРАВКА ЛЮБОЙ ФОРМЫ,3,Моя история 1,открытие бизнеса
2025-05-29,Яндекс ПромоСтраницы,yandex.promopages,Промостатья: Моя история 1 / Цена перехода / Ж25-54 / интерес_открытие бизнеса,"Как я преобразила свою жизнь, открыв зоомагазин_67e2d1fb02adb863df447f39",ОТПРАВКА ЛЮБОЙ ФОРМЫ,3,Моя история 1,открытие бизнеса
2025-05-31,Яндекс: Директ,yandex.promopages,Промостатья: Моя история 1 / Цена перехода / Ж25-54 / интерес_франшиза,"Как я преобразила свою жизнь, открыв зоомагазин_67dd175da853554dcf7a941e",ОТПРАВКА ЛЮБОЙ ФОРМЫ,3,Моя история 1,франшиза
2025-07-26,Яндекс ПромоСтраницы,yandex.promopages,Промостатья: Моя история 1 / Цена перехода / Ж25-54 / интерес_франшиза / 2507,"Как я преобразила свою жизнь, открыв зоомагазин_687f9795e4759b77bb17ce53",ОТПРАВКА ЛЮБОЙ ФОРМЫ,3,Моя история 1,франшиза
2025-03-21,Яндекс ПромоСтраницы,yandex.promopages,Промостатья: Моя история 1 | Цена перехода | Ж25-54 (копия),"Как я преобразила свою жизнь, открыв зоомагазин_67dd175da853554dcf7a941e",ОТПРАВКА ЛЮБОЙ ФОРМЫ,2,Моя история 1,
2025-03-30,Яндекс ПромоСтраницы,yandex.promopages,Промостатья: Моя история 1 / Цена перехода / Ж25-54 / интерес_франшиза,"Как я преобразила свою жизнь, открыв зоомагазин_67dd175da853554dcf7a941e",ОТПРАВКА ЛЮБОЙ ФОРМЫ,2,Моя история 1,франшиза
2025-04-01,Яндекс ПромоСтраницы,yandex.promopages,Промостатья: Моя история 1 / Цена перехода / Ж25-54 / интерес_франшиза,"Как я преобразила свою жизнь, открыв зоомагазин_67dd175da853554dcf7a941e",ОТПРАВКА ЛЮБОЙ ФОРМЫ,2,Моя история 1,франшиза
2025-04-02,Яндекс ПромоСтраницы,yandex.promopages,Промостатья: Моя история 1 / Цена перехода / Ж25-54 / интерес_франшиза,"Как я преобразила свою жизнь, открыв зоомагазин_67dd175da853554dcf7a941e",ОТПРАВКА ЛЮБОЙ ФОРМЫ,2,Моя история 1,франшиза
2025-04-30,Яндекс ПромоСтраницы,yandex.promopages,Промостатья: Моя история 1 / Цена перехода / Ж25-54 / интерес_открытие бизнеса,"Как ""Мокрый нос"" помог мне достичь успеха в бизнесе_67e2d1fb02adb863df447f39",ОТПРАВКА ЛЮБОЙ ФОРМЫ,2,Моя история 1,открытие бизнеса
2025-05-14,Яндекс: Директ,yandex.promopages,Промостатья: Моя история 1 / Цена перехода / Ж25-54 / интерес_открытие бизнеса,"Как я преобразила свою жизнь, открыв зоомагазин_67e2d1fb02adb863df447f39",ОТПРАВКА ЛЮБОЙ ФОРМЫ,2,Моя история 1,открытие бизнеса
2025-05-15,Яндекс ПромоСтраницы,yandex.promopages,Промостатья: Моя история 1 / Цена перехода / Ж25-54 / интерес_франшиза,"Как я преобразила свою жизнь, открыв зоомагазин_67dd175da853554dcf7a941e",ОТПРАВКА ЛЮБОЙ ФОРМЫ,2,Моя история 1,франшиза
2025-05-22,Яндекс ПромоСтраницы,yandex.promopages,Промостатья: Моя история 1 / Цена перехода / Ж25-54 / интерес_франшиза,"Как я преобразила свою жизнь, открыв зоомагазин_67dd175da853554dcf7a941e",ОТПРАВКА ЛЮБОЙ ФОРМЫ,2,Моя история 1,франшиза
2025-05-27,Яндекс: Директ,yandex.promopages,Промостатья: Моя история 1 / Цена перехода / Ж25-54 / интерес_франшиза,"Как я преобразила свою жизнь, открыв зоомагазин_67dd175da853554dcf7a941e",ОТПРАВКА ЛЮБОЙ ФОРМЫ,2,Моя история 1,франшиза
2025-05-30,Яндекс ПромоСтраницы,yandex.promopages,Промостатья: Моя история 1 / Цена перехода / Ж25-54 / интерес_открытие бизнеса,История успеха: мой путь от работницы к предпринимателю_67e2d1fb02adb863df447f39,ОТПРАВКА ЛЮБОЙ ФОРМЫ,2,Моя история 1,открытие бизнеса
2025-05-30,Яндекс: Директ,yandex.promopages,Промостатья: Моя история 1 / Цена перехода / Ж25-54 / интерес_франшиза,"Как я преобразила свою жизнь, открыв зоомагазин_67dd175da853554dcf7a941e",ОТПРАВКА ЛЮБОЙ ФОРМЫ,2,Моя история 1,франшиза
2025-05-31,Яндекс: Директ,yandex.promopages,Промостатья: Моя история 1 / Цена перехода / Ж25-54 / интерес_франшиза,История успеха: мой путь от работницы к предпринимателю_67dd175da853554dcf7a941e,ОТПРАВКА ЛЮБОЙ ФОРМЫ,2,Моя история 1,франшиза
2025-06-11,Яндекс ПромоСтраницы,yandex.promopages,Промостатья: Моя история 1 / Цена перехода / Ж25-54 / интерес_франшиза,"Как я преобразила свою жизнь, открыв зоомагазин_67dd175da853554dcf7a941e",ОТПРАВКА ЛЮБОЙ ФОРМЫ,2,Моя история 1,франшиза
2025-07-11,Яндекс ПромоСтраницы,yandex.promopages,Промостатья: Моя история 1 / Цена перехода / Ж25-54 / интерес_франшиза,"Как я преобразила свою жизнь, открыв зоомагазин_67dd175da853554dcf7a941e",ОТПРАВКА ЛЮБОЙ ФОРМЫ,2,Моя история 1,франшиза
2025-07-30,Яндекс: Директ,yandex.promopages,Промостатья: Моя история 1 / Цена перехода / Ж25-54 / интерес_франшиза / 2507,"Как я преобразила свою жизнь, открыв зоомагазин_687f9795e4759b77bb17ce53",ОТПРАВКА ЛЮБОЙ ФОРМЫ,2,Моя история 1,франшиза
2025-07-31,Яндекс: Директ,yandex.promopages,Промостатья: Моя история 1 / Цена перехода / Ж25-54 / интерес_франшиза / 2507,"Как я преобразила свою жизнь, открыв зоомагазин_687f9795e4759b77bb17ce53",ОТПРАВКА ЛЮБОЙ ФОРМЫ,2,Моя история 1,франшиза
2025-09-02,Яндекс: Директ,yandex.promopages,Промостатья: Моя история 1 / Цена перехода / Ж25-54 / интерес_франшиза / 2507,"Как я преобразила свою жизнь, открыв зоомагазин_687f9795e4759b77bb17ce53",ОТПРАВКА ЛЮБОЙ ФОРМЫ,2,Моя история 1,франшиза
2025-03-21,Яндекс ПромоСтраницы,yandex.promopages,Промостатья: Моя история 1 | Цена перехода | Ж25-54 (копия),"Как ""Мокрый нос"" помог мне достичь успеха в бизнесе_67dd175da853554dcf7a941e",ОТПРАВКА ЛЮБОЙ ФОРМЫ,1,Моя история 1,
2025-04-01,Яндекс ПромоСтраницы,yandex.promopages,Промостатья: Моя история 1 / Цена перехода / Ж25-54 / интерес_франшиза,История успеха: мой путь от работницы к предприн_67dd175da853554dcf7a941e,ОТПРАВКА ЛЮБОЙ ФОРМЫ,1,Моя история 1,франшиза
2025-04-08,Яндекс ПромоСтраницы,yandex.promopages,Промостатья: Моя история 1 / Цена перехода / Ж25-54 / интерес_франшиза,"Как я преобразила свою жизнь, открыв зоомагазин_67dd175da853554dcf7a941e",ОТПРАВКА ЛЮБОЙ ФОРМЫ,1,Моя история 1,франшиза
2025-04-10,Яндекс.Директ: Не определено,yandex.promopages,Промостатья: Моя история 1 / Цена перехода / Ж25-54 / интерес_франшиза,"Как я преобразила свою жизнь, открыв зоомагазин_67dd175da853554dcf7a941e",ОТПРАВКА ЛЮБОЙ ФОРМЫ,1,Моя история 1,франшиза
2025-04-10,Яндекс: Директ,yandex.promopages,Промостатья: Моя история 1 / Цена перехода / Ж25-54 / интерес_франшиза,"Как ""Мокрый нос"" помог мне достичь успеха в бизнесе_67dd175da853554dcf7a941e",ОТПРАВКА ЛЮБОЙ ФОРМЫ,1,Моя история 1,франшиза
2025-04-11,Яндекс: Директ,yandex.promopages,Промостатья: Моя история 1 / Цена перехода / Ж25-54 / интерес_франшиза,"Как я преобразила свою жизнь, открыв зоомагазин_67dd175da853554dcf7a941e",ОТПРАВКА ЛЮБОЙ ФОРМЫ,1,Моя история 1,франшиза
2025-04-16,Яндекс ПромоСтраницы,yandex.promopages,Промостатья: Моя история 1 / Цена перехода / Ж25-54 / интерес_франшиза,"Как я преобразила свою жизнь, открыв зоомагазин_67dd175da853554dcf7a941e",ОТПРАВКА ЛЮБОЙ ФОРМЫ,1,Моя история 1,франшиза
2025-04-23,Яндекс ПромоСтраницы,yandex.promopages,Промостатья: Моя история 1 / Цена перехода / Ж25-54 / интерес_франшиза,"Как я преобразила свою жизнь, открыв зоомагазин_67dd175da853554dcf7a941e",ОТПРАВКА ЛЮБОЙ ФОРМЫ,1,Моя история 1,франшиза
2025-04-24,Яндекс ПромоСтраницы,yandex.promopages,Промостатья: Моя история 1 / Цена перехода / Ж25-54 / интерес_франшиза,"Как я преобразила свою жизнь, открыв зоомагазин_67dd175da853554dcf7a941e",ОТПРАВКА ЛЮБОЙ ФОРМЫ,1,Моя история 1,франшиза
2025-04-25,Яндекс ПромоСтраницы,yandex.promopages,Промостатья: Моя история 1 / Цена перехода / Ж25-54 / интерес_франшиза,"Как я преобразила свою жизнь, открыв зоомагазин_67dd175da853554dcf7a941e",ОТПРАВКА ЛЮБОЙ ФОРМЫ,1,Моя история 1,франшиза
2025-04-26,Яндекс ПромоСтраницы,yandex.promopages,Промостатья: Моя история 1 / Цена перехода / Ж25-54 / интерес_франшиза,"Как я преобразила свою жизнь, открыв зоомагазин_67dd175da853554dcf7a941e",ОТПРАВКА ЛЮБОЙ ФОРМЫ,1,Моя история 1,франшиза
2025-04-30,Яндекс ПромоСтраницы,yandex.promopages,Промостатья: Моя история 1 / Цена перехода / Ж25-54 / интерес_франшиза,"Как я преобразила свою жизнь, открыв зоомагазин_67dd175da853554dcf7a941e",ОТПРАВКА ЛЮБОЙ ФОРМЫ,1,Моя история 1,франшиза
2025-05-05,Яндекс ПромоСтраницы,yandex.promopages,Промостатья: Моя история 1 / Цена перехода / Ж25-54 / интерес_открытие бизнеса,"Как я преобразила свою жизнь, открыв зоомагазин_67e2d1fb02adb863df447f39",ОТПРАВКА ЛЮБОЙ ФОРМЫ,1,Моя история 1,открытие бизнеса
2025-05-06,Яндекс ПромоСтраницы,yandex.promopages,Промостатья: Моя история 1 / Цена перехода / Ж25-54 / интерес_открытие бизнеса,"Как я преобразила свою жизнь, открыв зоомагазин_67e2d1fb02adb863df447f39",ОТПРАВКА ЛЮБОЙ ФОРМЫ,1,Моя история 1,открытие бизнеса
2025-05-07,Яндекс ПромоСтраницы,yandex.promopages,Промостатья: Моя история 1 / Цена перехода / Ж25-54 / интерес_открытие бизнеса,"Как я преобразила свою жизнь, открыв зоомагазин_67e2d1fb02adb863df447f39",ОТПРАВКА ЛЮБОЙ ФОРМЫ,1,Моя история 1,открытие бизнеса
2025-05-08,Яндекс ПромоСтраницы,yandex.promopages,Промостатья: Моя история 1 / Цена перехода / Ж25-54 / интерес_открытие бизнеса,"Как я преобразила свою жизнь, открыв зоомагазин_67e2d1fb02adb863df447f39",ОТПРАВКА ЛЮБОЙ ФОРМЫ,1,Моя история 1,открытие бизнеса
2025-05-09,Яндекс ПромоСтраницы,yandex.promopages,Промостатья: Моя история 1 / Цена перехода / Ж25-54 / интерес_открытие бизнеса,"Как я преобразила свою жизнь, открыв зоомагазин_67e2d1fb02adb863df447f39",ОТПРАВКА ЛЮБОЙ ФОРМЫ,1,Моя история 1,открытие бизнеса
2025-05-12,Яндекс ПромоСтраницы,yandex.promopages,Промостатья: Моя история 1 / Цена перехода / Ж25-54 / интерес_открытие бизнеса,"Как я преобразила свою жизнь, открыв зоомагазин_67e2d1fb02adb863df447f39",ОТПРАВКА ЛЮБОЙ ФОРМЫ,1,Моя история 1,открытие бизнеса
2025-05-13,Яндекс ПромоСтраницы,yandex.promopages,Промостатья: Моя история 1 / Цена перехода / Ж25-54 / интерес_франшиза,"Как я преобразила свою жизнь, открыв зоомагазин_67dd175da853554dcf7a941e",ОТПРАВКА ЛЮБОЙ ФОРМЫ,1,Моя история 1,франшиза
2025-05-14,Яндекс: Директ,yandex.promopages,Промостатья: Моя история 1 / Цена перехода / Ж25-54 / интерес_открытие бизнеса,История успеха: мой путь от работницы к предпринимателю_67e2d1fb02adb863df447f39,ОТПРАВКА ЛЮБОЙ ФОРМЫ,1,Моя история 1,открытие бизнеса
2025-05-16,Яндекс ПромоСтраницы,yandex.promopages,Промостатья: Моя история 1 / Цена перехода / Ж25-54 / интерес_франшиза,"Как я преобразила свою жизнь, открыв зоомагазин_67dd175da853554dcf7a941e",ОТПРАВКА ЛЮБОЙ ФОРМЫ,1,Моя история 1,франшиза
2025-05-23,Яндекс ПромоСтраницы,yandex.promopages,Статья: Цифры и факты / Интересы: франшиза (копия),"Откройте успешный зоомагазин с франшизой ""Мокрый нос""_6810d9ba9f74a13dc8cba5e7",ОТПРАВКА ЛЮБОЙ ФОРМЫ,1,Цифры и факты,франшиза
2025-05-24,Яндекс ПромоСтраницы,yandex.promopages,Статья: Цифры и факты / Интересы: франшиза (копия),"Откройте успешный зоомагазин с франшизой ""Мокрый нос""_6810d9ba9f74a13dc8cba5e7",ОТПРАВКА ЛЮБОЙ ФОРМЫ,1,Цифры и факты,франшиза
2025-05-25,Яндекс ПромоСтраницы,yandex.promopages,Промостатья: Моя история 1 / Цена перехода / Ж25-54 / интерес_открытие бизнеса,История успеха: мой путь от работницы к предпринимателю_67e2d1fb02adb863df447f39,ОТПРАВКА ЛЮБОЙ ФОРМЫ,1,Моя история 1,открытие бизнеса
2025-05-25,Яндекс ПромоСтраницы,yandex.promopages,Промостатья: Моя история 1 / Цена перехода / Ж25-54 / интерес_франшиза,"Как я преобразила свою жизнь, открыв зоомагазин_67dd175da853554dcf7a941e",ОТПРАВКА ЛЮБОЙ ФОРМЫ,1,Моя история 1,франшиза
2025-05-26,Яндекс ПромоСтраницы,yandex.promopages,Промостатья: Моя история 1 / Цена перехода / Ж25-54 / интерес_открытие бизнеса,"Как ""Мокрый нос"" помог мне достичь успеха в бизнесе_67e2d1fb02adb863df447f39",ОТПРАВКА ЛЮБОЙ ФОРМЫ,1,Моя история 1,открытие бизнеса
2025-05-26,Яндекс ПромоСтраницы,yandex.promopages,Промостатья: Моя история 1 / Цена перехода / Ж25-54 / интерес_франшиза,"Как я преобразила свою жизнь, открыв зоомагазин_67dd175da853554dcf7a941e",ОТПРАВКА ЛЮБОЙ ФОРМЫ,1,Моя история 1,франшиза
2025-05-26,Яндекс: Директ,yandex.promopages,Промостатья: Моя история 1 / Цена перехода / Ж25-54 / интерес_франшиза,"Как я преобразила свою жизнь, открыв зоомагазин_67dd175da853554dcf7a941e",ОТПРАВКА ЛЮБОЙ ФОРМЫ,1,Моя история 1,франшиза
2025-05-28,Яндекс ПромоСтраницы,yandex.promopages,Промостатья: Моя история 1 / Цена перехода / Ж25-54 / интерес_открытие бизнеса,История успеха: мой путь от работницы к предприн_67e2d1fb02adb863df447f39,ОТПРАВКА ЛЮБОЙ ФОРМЫ,1,Моя история 1,открытие бизнеса
2025-05-28,Яндекс: Директ,yandex.promopages,Промостатья: Моя история 1 / Цена перехода / Ж25-54 / интерес_франшиза,"Как я преобразила свою жизнь, открыв зоомагазин_67dd175da853554dcf7a941e",ОТПРАВКА ЛЮБОЙ ФОРМЫ,1,Моя история 1,франшиза
2025-05-29,Яндекс: Директ,yandex.promopages,Промостатья: Моя история 1 / Цена перехода / Ж25-54 / интерес_франшиза,"Как я преобразила свою жизнь, открыв зоомагазин_67dd175da853554dcf7a941e",ОТПРАВКА ЛЮБОЙ ФОРМЫ,1,Моя история 1,франшиза
2025-05-30,Яндекс ПромоСтраницы,yandex.promopages,Промостатья: Моя история 1 / Цена перехода / Ж25-54 / интерес_открытие бизнеса,"Как я преобразила свою жизнь, открыв зоомагазин_67e2d1fb02adb863df447f39",ОТПРАВКА ЛЮБОЙ ФОРМЫ,1,Моя история 1,открытие бизнеса
2025-05-31,Яндекс ПромоСтраницы,yandex.promopages,Промостатья: Моя история 1 / Цена перехода / Ж25-54 / интерес_открытие бизнеса,История успеха: мой путь от работницы к предпринимателю_67e2d1fb02adb863df447f39,ОТПРАВКА ЛЮБОЙ ФОРМЫ,1,Моя история 1,открытие бизнеса
2025-06-01,Яндекс: Директ,yandex.promopages,Промостатья: Моя история 1 / Цена перехода / Ж25-54 / интерес_франшиза,История успеха: мой путь от работницы к предпринимателю_67dd175da853554dcf7a941e,ОТПРАВКА ЛЮБОЙ ФОРМЫ,1,Моя история 1,франшиза
2025-06-02,Яндекс: Директ,yandex.promopages,Промостатья: Моя история 1 / Цена перехода / Ж25-54 / интерес_франшиза,История успеха: мой путь от работницы к предпринимателю_67dd175da853554dcf7a941e,ОТПРАВКА ЛЮБОЙ ФОРМЫ,1,Моя история 1,франшиза
2025-06-06,Яндекс ПромоСтраницы,yandex.promopages,Промостатья: Моя история 1 / Цена перехода / Ж25-54 / интерес_открытие бизнеса,"Как ""Мокрый нос"" помог мне достичь успеха в бизнесе_67e2d1fb02adb863df447f39",ОТПРАВКА ЛЮБОЙ ФОРМЫ,1,Моя история 1,открытие бизнеса
2025-06-10,Яндекс ПромоСтраницы,yandex.promopages,Статья: Цифры и факты / Интересы: франшиза (копия),"Откройте успешный зоомагазин с франшизой ""Мокрый Нос""_6810d9ba9f74a13dc8cba5e7",ОТПРАВКА ЛЮБОЙ ФОРМЫ,1,Цифры и факты,франшиза
2025-06-14,Яндекс ПромоСтраницы,yandex.promopages,Статья: Цифры и факты / Интересы: франшиза (копия),"Откройте успешный зоомагазин с франшизой ""Мокрый нос""_6810d9ba9f74a13dc8cba5e7",ОТПРАВКА ЛЮБОЙ ФОРМЫ,1,Цифры и факты,франшиза
2025-06-16,Яндекс ПромоСтраницы,yandex.promopages,Промостатья: Моя история 1 / Цена перехода / Ж25-54 / интерес_франшиза,"Как я преобразила свою жизнь, открыв зоомагазин_67dd175da853554dcf7a941e",ОТПРАВКА ЛЮБОЙ ФОРМЫ,1,Моя история 1,франшиза
2025-06-20,Яндекс ПромоСтраницы,yandex.promopages,Статья: Цифры и факты / Интересы: франшиза (копия),"Откройте успешный зоомагазин с франшизой ""Мокрый нос""_6810d9ba9f74a13dc8cba5e7",ОТПРАВКА ЛЮБОЙ ФОРМЫ,1,Цифры и факты,франшиза
2025-06-27,Яндекс ПромоСтраницы,yandex.promopages,Промостатья: Моя история 1 / Цена перехода / Ж25-54 / интерес_франшиза,"Как я преобразила свою жизнь, открыв зоомагазин_67dd175da853554dcf7a941e",ОТПРАВКА ЛЮБОЙ ФОРМЫ,1,Моя история 1,франшиза
2025-06-28,Яндекс ПромоСтраницы,yandex.promopages,Промостатья: Моя история 1 / Цена перехода / Ж25-54 / интерес_открытие бизнеса,"Как ""Мокрый нос"" помог мне достичь успеха в бизнесе_67e2d1fb02adb863df447f39",ОТПРАВКА ЛЮБОЙ ФОРМЫ,1,Моя история 1,открытие бизнеса
2025-07-05,Яндекс ПромоСтраницы,yandex.promopages,Промостатья: Моя история 1 / Цена перехода / Ж25-54 / интерес_открытие бизнеса,"Как ""Мокрый нос"" помог мне достичь успеха в бизнесе_67e2d1fb02adb863df447f39",ОТПРАВКА ЛЮБОЙ ФОРМЫ,1,Моя история 1,открытие бизнеса
2025-07-07,Яндекс ПромоСтраницы,yandex.promopages,Промостатья: Моя история 1 / Цена перехода / Ж25-54 / интерес_открытие бизнеса,"Как ""Мокрый нос"" помог мне достичь успеха в бизнесе_67e2d1fb02adb863df447f39",ОТПРАВКА ЛЮБОЙ ФОРМЫ,1,Моя история 1,открытие бизнеса
2025-07-07,Яндекс ПромоСтраницы,yandex.promopages,Промостатья: Моя история 1 / Цена перехода / Ж25-54 / интерес_франшиза,"Как я преобразила свою жизнь, открыв зоомагазин_67dd175da853554dcf7a941e",ОТПРАВКА ЛЮБОЙ ФОРМЫ,1,Моя история 1,франшиза
2025-07-10,Яндекс ПромоСтраницы,yandex.promopages,Промостатья: Моя история 1 / Цена перехода / Ж25-54 / интерес_франшиза,"Как я преобразила свою жизнь, открыв зоомагазин_67dd175da853554dcf7a941e",ОТПРАВКА ЛЮБОЙ ФОРМЫ,1,Моя история 1,франшиза
2025-07-11,Яндекс ПромоСтраницы,yandex.promopages,Промостатья: Моя история 1 / Цена перехода / Ж25-54 / интерес_франшиза,"Как ""Мокрый нос"" помог мне достичь успеха в бизнесе_67dd175da853554dcf7a941e",ОТПРАВКА ЛЮБОЙ ФОРМЫ,1,Моя история 1,франшиза
2025-07-12,Яндекс ПромоСтраницы,yandex.promopages,Промостатья: Моя история 1 / Цена перехода / Ж25-54 / интерес_франшиза,"Как я преобразила свою жизнь, открыв зоомагазин_67dd175da853554dcf7a941e",ОТПРАВКА ЛЮБОЙ ФОРМЫ,1,Моя история 1,франшиза
2025-07-22,Яндекс ПромоСтраницы,yandex.promopages,Промостатья: Моя история 1 / Цена перехода / Ж25-54 / интерес_франшиза / 2507,"Как я преобразила свою жизнь, открыв зоомагазин_687f9795e4759b77bb17ce53",ОТПРАВКА ЛЮБОЙ ФОРМЫ,1,Моя история 1,франшиза
2025-08-18,Яндекс: Директ,yandex.promopages,Промостатья: Моя история 1 / Цена перехода / Ж25-54 / интерес_открытие бизнеса /2507-1 ,"Как я преобразила свою жизнь, открыв зоомагазин_6889da93c8ef1065d87d4f0f",ОТПРАВКА ЛЮБОЙ ФОРМЫ,1,Моя история 1,открытие бизнеса
2025-08-22,Яндекс: Директ,yandex.promopages,Промостатья: Моя история 1 / Цена перехода / Ж25-54 / интерес_открытие бизнеса /2507-1 ,"Как я преобразила свою жизнь, открыв зоомагазин_6889da93c8ef1065d87d4f0f",ОТПРАВКА ЛЮБОЙ ФОРМЫ,1,Моя история 1,открытие бизнеса
2025-08-25,Яндекс: Директ,yandex.promopages,Промостатья: Моя история 1 / Цена перехода / Ж25-54 / интерес_открытие бизнеса /2507-1 ,"Как я преобразила свою жизнь, открыв зоомагазин_6889da93c8ef1065d87d4f0f",ОТПРАВКА ЛЮБОЙ ФОРМЫ,1,Моя история 1,открытие бизнеса
2025-08-26,Яндекс: Директ,yandex.promopages,Промостатья: Моя история 1 / Цена перехода / Ж25-54 / интерес_открытие бизнеса /2507-1 ,"Как я преобразила свою жизнь, открыв зоомагазин_6889da93c8ef1065d87d4f0f",ОТПРАВКА ЛЮБОЙ ФОРМЫ,1,Моя история 1,открытие бизнеса
2025-08-27,Яндекс ПромоСтраницы,yandex.promopages,Промостатья: Моя история 1 / Цена перехода / Ж25-54 / интерес_открытие бизнеса,История успеха: мой путь от работницы к предпринимателю_67e2d1fb02adb863df447f39,ОТПРАВКА ЛЮБОЙ ФОРМЫ,1,Моя история 1,открытие бизнеса
2025-08-27,Яндекс ПромоСтраницы,yandex.promopages,Промостатья: Моя история 1 / Цена перехода / Ж25-54 / интерес_открытие бизнеса,"Как я преобразила свою жизнь, открыв зоомагазин_67e2d1fb02adb863df447f39",ОТПРАВКА ЛЮБОЙ ФОРМЫ,1,Моя история 1,открытие бизнеса
2025-08-27,Яндекс: Директ,yandex.promopages,Промостатья: Моя история 1 / Цена перехода / Ж25-54 / интерес_открытие бизнеса /2507-1 ,"Как я преобразила свою жизнь, открыв зоомагазин_6889da93c8ef1065d87d4f0f",ОТПРАВКА ЛЮБОЙ ФОРМЫ,1,Моя история 1,открытие бизнеса
2025-08-28,Яндекс ПромоСтраницы,yandex.promopages,Промостатья: Моя история 1 / Цена перехода / Ж25-54 / интерес_открытие бизнеса,"Как я преобразила свою жизнь, открыв зоомагазин_67e2d1fb02adb863df447f39",ОТПРАВКА ЛЮБОЙ ФОРМЫ,1,Моя история 1,открытие бизнеса
2025-08-28,Яндекс: Директ,yandex.promopages,Промостатья: Моя история 1 / Цена перехода / Ж25-54 / интерес_открытие бизнеса,"Как ""Мокрый нос"" помог мне достичь успеха в бизнесе_67e2d1fb02adb863df447f39",ОТПРАВКА ЛЮБОЙ ФОРМЫ,1,Моя история 1,открытие бизнеса
2025-09-06,Яндекс: Директ,yandex.promopages,Промостатья: Моя история 1 / Цена перехода / Ж25-54 / интерес_открытие бизнеса /2507-1 ,"Как я преобразила свою жизнь, открыв зоомагазин_6889da93c8ef1065d87d4f0f",ОТПРАВКА ЛЮБОЙ ФОРМЫ,1,Моя история 1,открытие бизнеса
2025-09-11,Яндекс: Директ,yandex.promopages,Промостатья: Моя история 1 / Цена перехода / Ж25-54 / интерес_франшиза / 2507,"Как я преобразила свою жизнь, открыв зоомагазин_687f9795e4759b77bb17ce53",ОТПРАВКА ЛЮБОЙ ФОРМЫ,1,Моя история 1,франшиза
2025-09-13,Яндекс ПромоСтраницы,yandex.promopages,Промостатья: Моя история 1 / Цена перехода / Ж25-54 / интерес_открытие бизнеса /2507-1 ,"Как я преобразила свою жизнь, открыв зоомагазин_6889da93c8ef1065d87d4f0f",ОТПРАВКА ЛЮБОЙ ФОРМЫ,1,Моя история 1,открытие бизнеса
2025-09-14,Яндекс ПромоСтраницы,yandex.promopages,Промостатья: Моя история 1 / Цена перехода / Ж25-54 / интерес_открытие бизнеса /2507-1 ,"Как я преобразила свою жизнь, открыв зоомагазин_6889da93c8ef1065d87d4f0f",ОТПРАВКА ЛЮБОЙ ФОРМЫ,1,Моя история 1,открытие бизнеса
2025-09-14,Яндекс ПромоСтраницы,yandex.promopages,Промостатья: Моя история 1 / Цена перехода / Ж25-54 / интерес_франшиза / 2507,"Как я преобразила свою жизнь, открыв зоомагазин_687f9795e4759b77bb17ce53",ОТПРАВКА ЛЮБОЙ ФОРМЫ,1,Моя история 1,франшиза
2025-10-24,Яндекс ПромоСтраницы,yandex.promopages,Промостатья: Моя история 1 / Цена перехода / Ж25-54 / интерес_франшиза / рся / 2510-1,"Как я преобразила свою жизнь, открыв зоомагазин_68f8b06c55f9e8662beff784",ОТПРАВКА ЛЮБОЙ ФОРМЫ,1,Моя история 1,франшиза
2025-10-29,Яндекс: Директ,yandex.promopages,Промостатья: Моя история 1 / Цена перехода / Ж25-54 / интерес_франшиза / рся / 2510-1,"Как ""Мокрый нос"" помог мне достичь успеха в бизнесе_68f8b06c55f9e8662beff784",ОТПРАВКА ЛЮБОЙ ФОРМЫ,1,Моя история 1,франшиза
2025-11-01,Яндекс ПромоСтраницы,yandex.promopages,Промостатья: Моя история 1 / Цена перехода / Ж25-54 / интерес_франшиза / рся / 2510-1,"Как я преобразила свою жизнь, открыв зоомагазин_68f8b06c55f9e8662beff784",ОТПРАВКА ЛЮБОЙ ФОРМЫ,1,Моя история 1,франшиза
2025-11-18,Яндекс ПромоСтраницы,yandex.promopages,Промостатья: Моя история 1 / М 25-54 / интерес_франшиза / рся / #franchise / 2511-1,"Как я преобразила свою жизнь, открыв зоомагазин_691c6a492c2c3c3d96f6c1ef",ОТПРАВКА ЛЮБОЙ ФОРМЫ,1,Моя история 1,франшиза
2025-11-26,Яндекс ПромоСтраницы,yandex.promopages,Промостатья: Моя история 1 / Цена перехода / Ж25-54 / интерес_франшиза,"Как я преобразила свою жизнь, открыв зоомагазин_67dd175da853554dcf7a941e",ОТПРАВКА ЛЮБОЙ ФОРМЫ,1,Моя история 1,франшиза
2025-11-30,Яндекс ПромоСтраницы,yandex.promopages,Промостатья: Моя история 1 / М 25-54 / интерес_франшиза / рся / #franchise / 2511-1,"Как я преобразила свою жизнь, открыв зоомагазин_691c6a492c2c3c3d96f6c1ef",ОТПРАВКА ЛЮБОЙ ФОРМЫ,1,Моя история 1,франшиза
2025-12-07,Яндекс ПромоСтраницы,yandex.promopages,Промостатья: Моя история 1 / Ж25-54 / интерес_франшиза / рся / #franchise / 2511-1,Как франшиза меняет жизнь: история успеха_691c6dbb2c2c3c3d96f6f88d,ОТПРАВКА ЛЮБОЙ ФОРМЫ,1,Моя история 1,франшиза
2025-12-18,Не определено,yandex.promopages,Промостатья: рынок и тренды 1 / Ж25-54 / интерес_франшиза / рся / #promo / 2512-1,Этот бизнес вырос на 39% за 2025г. Пока другие выживали_6943ddc5d441fa401a721f35,ОТПРАВКА ЛЮБОЙ ФОРМЫ,1,рынок и тренды 1,франшиза
2025-12-19,Яндекс ПромоСтраницы,yandex.promopages,Промостатья: рынок и тренды 1 / М/Ж25-54 / интерес_франшиза / рся / #promo / 2512-1,"Почему зоомагазины процветают, пока другие закрываются_6943ddc5d441fa401a721f35",ОТПРАВКА ЛЮБОЙ ФОРМЫ,1,рынок и тренды 1,франшиза
2025-12-29,Яндекс ПромоСтраницы,yandex.promopages,Промостатья: рынок и тренды 1 / М/Ж25-54 / интерес_франшиза / рся / #promo / 2512-1,"Почему зоомагазины процветают, пока другие закрываются_6943ddc5d441fa401a721f35",ОТПРАВКА ЛЮБОЙ ФОРМЫ,1,рынок и тренды 1,франшиза
2026-04-28,Яндекс ПромоСтраницы,yandex.promopages,Промостатья: Моя история 1 / Ж 25-54/ интерес_открытие бизнеса / рся / #dzen / 2603-1,history,ОТПРАВКА ЛЮБОЙ ФОРМЫ,3,Моя история 1,открытие бизнеса
2026-01-10,Яндекс ПромоСтраницы,yandex.promopages,Промостатья: рынок и тренды 1 / М/Ж25-54 / интерес_франшиза / рся / #promo / 2512-1,"Почему зоомагазины процветают, пока другие закрываются_6943ddc5d441fa401a721f35",ОТПРАВКА ЛЮБОЙ ФОРМЫ,2,рынок и тренды 1,франшиза
2026-03-25,Яндекс ПромоСтраницы,yandex.promopages,Промостатья: Моя история 1 / Ж 25-54/ интерес_открытие бизнеса / рся / #dzen / 2603-1,history,ОТПРАВКА ЛЮБОЙ ФОРМЫ,2,Моя история 1,открытие бизнеса
2026-04-15,Яндекс ПромоСтраницы,yandex.promopages,Промостатья: Моя история 1 / Ж 25-54 / интерес_франшиза / рся / #dzen / 2602-1,history,ОТПРАВКА ЛЮБОЙ ФОРМЫ,2,Моя история 1,франшиза
2026-04-21,Яндекс ПромоСтраницы,yandex.promopages,Промостатья: рынок и тренды 1 / М25-44 / интерес_франшиза / рся / #dzen / 2603-1,market,ОТПРАВКА ЛЮБОЙ ФОРМЫ,2,рынок и тренды 1,франшиза
2026-05-11,Яндекс ПромоСтраницы,yandex.promopages,Промостатья: Моя история 1 / Ж 25-54 / интерес_франшиза / рся / #dzen / 2602-1,history,ОТПРАВКА ЛЮБОЙ ФОРМЫ,2,Моя история 1,франшиза
2026-06-15,Яндекс ПромоСтраницы,yandex.promopages,Промостатья: Моя история 1 / Ж 25-54 / интерес_франшиза / рся / #dzen / 2602-1,history,ОТПРАВКА ЛЮБОЙ ФОРМЫ,2,Моя история 1,франшиза
2026-07-11,Яндекс ПромоСтраницы,yandex.promopages,Промостатья: Моя история 1 / Ж 25-54 / интерес_франшиза / рся / #dzen / 2602-1,history,ОТПРАВКА ЛЮБОЙ ФОРМЫ,2,Моя история 1,франшиза
2026-07-17,Яндекс ПромоСтраницы,yandex.promopages,Промостатья: Моя история 1 / Ж 25-54 / интерес_франшиза / рся / #dzen / 2602-1,history,ОТПРАВКА ЛЮБОЙ ФОРМЫ,2,Моя история 1,франшиза
2026-01-01,Яндекс ПромоСтраницы,yandex.promopages,Промостатья: рынок и тренды 1 / М/Ж25-54 / интерес_открытие бизнеса / рся / #promo / 2512-1,"Почему зоомагазины процветают, пока другие закрываются_6943e83c924d6d6e4f7b8e27",ОТПРАВКА ЛЮБОЙ ФОРМЫ,1,рынок и тренды 1,открытие бизнеса
2026-01-05,Яндекс ПромоСтраницы,yandex.promopages,Промостатья: Моя история 1 / М/Ж 25-54 / интерес_франшиза / рся / #promo,История успеха: мой путь от работницы к предприн_6953d568464f9a5900fb5aba,ОТПРАВКА ЛЮБОЙ ФОРМЫ,1,Моя история 1,франшиза
2026-01-06,Яндекс ПромоСтраницы,yandex.promopages,Промостатья: Моя история 1 / М/Ж 25-54 / интерес_франшиза / рся / #promo,История успеха: мой путь от работницы к предприн_6953d568464f9a5900fb5aba,ОТПРАВКА ЛЮБОЙ ФОРМЫ,1,Моя история 1,франшиза
2026-01-06,Яндекс ПромоСтраницы,yandex.promopages,Промостатья: рынок и тренды 1 / М/Ж25-54 / интерес_открытие бизнеса / рся / #promo / 2512-1,"Почему зоомагазины процветают, пока другие закрываются_6943e83c924d6d6e4f7b8e27",ОТПРАВКА ЛЮБОЙ ФОРМЫ,1,рынок и тренды 1,открытие бизнеса
2026-01-09,Яндекс ПромоСтраницы,yandex.promopages,Промостатья: рынок и тренды 1 / М/Ж25-54 / интерес_франшиза / рся / #promo / 2512-1,"Почему зоомагазины процветают, пока другие закрываются_6943ddc5d441fa401a721f35",ОТПРАВКА ЛЮБОЙ ФОРМЫ,1,рынок и тренды 1,франшиза
2026-01-16,Яндекс ПромоСтраницы,yandex.promopages,Промостатья: рынок и тренды 1 / М/Ж25-54 / интерес_франшиза / рся / #promo / 2512-1,"Почему зоомагазины процветают, пока другие закрываются_6943ddc5d441fa401a721f35",ОТПРАВКА ЛЮБОЙ ФОРМЫ,1,рынок и тренды 1,франшиза
2026-01-17,Яндекс ПромоСтраницы,yandex.promopages,Промостатья: рынок и тренды 1 / М/Ж25-54 / интерес_франшиза / рся / #promo / 2512-1,"Почему зоомагазины процветают, пока другие закрываются_6943ddc5d441fa401a721f35",ОТПРАВКА ЛЮБОЙ ФОРМЫ,1,рынок и тренды 1,франшиза
2026-01-26,Яндекс ПромоСтраницы,yandex.promopages,Промостатья: рынок и тренды 1 / М/Ж25-54 / интерес_открытие бизнеса / рся / #promo / 2512-1,"Почему зоомагазины процветают, пока другие закрываются_6943e83c924d6d6e4f7b8e27",ОТПРАВКА ЛЮБОЙ ФОРМЫ,1,рынок и тренды 1,открытие бизнеса
2026-02-03,Яндекс ПромоСтраницы,yandex.promopages,Промостатья: Моя история 1 / Ж 25-54 / интерес_франшиза / рся / #dzen,"Как я преобразила свою жизнь, открыв зоомагазин_6971f7f0c57fdb2965e9f7a5",ОТПРАВКА ЛЮБОЙ ФОРМЫ,1,Моя история 1,франшиза
2026-02-09,Яндекс ПромоСтраницы,yandex.promopages,Промостатья: рынок и тренды 1 / М/Ж25-54 / интерес_франшиза / рся / #promo / 2512-1,"Почему зоомагазины процветают, пока другие закрываются_6943ddc5d441fa401a721f35",ОТПРАВКА ЛЮБОЙ ФОРМЫ,1,рынок и тренды 1,франшиза
2026-02-14,Яндекс ПромоСтраницы,yandex.promopages,Промостатья: рынок и тренды 1 / М/Ж25-54 / интерес_открытие бизнеса / рся / #promo / 2512-1,"Почему зоомагазины процветают, пока другие закрываются_6943e83c924d6d6e4f7b8e27",ОТПРАВКА ЛЮБОЙ ФОРМЫ,1,рынок и тренды 1,открытие бизнеса
2026-02-26,Яндекс ПромоСтраницы,yandex.promopages,Промостатья: Моя история 1 / Ж 25-54 / интерес_франшиза / рся / #dzen / 2602-1,"Как я преобразила свою жизнь, открыв зоомагазин_699eb80cb8de026b403a2e45",ОТПРАВКА ЛЮБОЙ ФОРМЫ,1,Моя история 1,франшиза
2026-02-27,Яндекс ПромоСтраницы,yandex.promopages,Промостатья: Моя история 1 / Ж 25-54 / интерес_франшиза / рся / #dzen / 2602-1,"Как я преобразила свою жизнь, открыв зоомагазин_699eb80cb8de026b403a2e45",ОТПРАВКА ЛЮБОЙ ФОРМЫ,1,Моя история 1,франшиза
2026-03-13,Яндекс ПромоСтраницы,yandex.promopages,Промостатья: Моя история 1 / Ж 25-54 / интерес_франшиза / рся / #dzen / 2602-1,history,ОТПРАВКА ЛЮБОЙ ФОРМЫ,1,Моя история 1,франшиза
2026-03-18,Яндекс ПромоСтраницы,yandex.promopages,Промостатья: Моя история 1 / Ж 25-54 / интерес_франшиза / рся / #dzen / 2602-1,history,ОТПРАВКА ЛЮБОЙ ФОРМЫ,1,Моя история 1,франшиза
2026-04-19,Яндекс ПромоСтраницы,yandex.promopages,Промостатья: Моя история 1 / Ж 25-54 / интерес_франшиза / рся / #dzen / 2602-1,history,ОТПРАВКА ЛЮБОЙ ФОРМЫ,1,Моя история 1,франшиза
2026-04-22,Яндекс ПромоСтраницы,yandex.promopages,Промостатья: рынок и тренды 1 / М25-44 / интерес_франшиза / рся / #dzen / 2603-1,market,ОТПРАВКА ЛЮБОЙ ФОРМЫ,1,рынок и тренды 1,франшиза
2026-04-27,Яндекс ПромоСтраницы,yandex.promopages,Промостатья: Моя история 1 / Ж 25-54/ интерес_открытие бизнеса / рся / #dzen / 2603-1,history,ОТПРАВКА ЛЮБОЙ ФОРМЫ,1,Моя история 1,открытие бизнеса
2026-05-15,Яндекс ПромоСтраницы,yandex.promopages,Промостатья: Моя история 1 / Ж 25-54 / интерес_франшиза / рся / #dzen / 2602-1,history,ОТПРАВКА ЛЮБОЙ ФОРМЫ,1,Моя история 1,франшиза
2026-05-16,Яндекс ПромоСтраницы,yandex.promopages,Промостатья: Моя история 1 / Ж 25-54 / интерес_франшиза / рся / #dzen / 2602-1,history,ОТПРАВКА ЛЮБОЙ ФОРМЫ,1,Моя история 1,франшиза
2026-05-17,Яндекс ПромоСтраницы,yandex.promopages,Промостатья: Моя история 1 / Ж 25-54 / интерес_франшиза / рся / #dzen / 2602-1,history,ОТПРАВКА ЛЮБОЙ ФОРМЫ,1,Моя история 1,франшиза
2026-05-20,Яндекс ПромоСтраницы,yandex.promopages,Промостатья: Моя история 1 / Ж 25-54/ интерес_открытие бизнеса / рся / #dzen / 2603-1,history,ОТПРАВКА ЛЮБОЙ ФОРМЫ,1,Моя история 1,открытие бизнеса
2026-05-25,Яндекс ПромоСтраницы,yandex.promopages,Промостатья: Моя история 1 / Ж 25-54/ интерес_открытие бизнеса / рся / #dzen / 2603-1,history,ОТПРАВКА ЛЮБОЙ ФОРМЫ,1,Моя история 1,открытие бизнеса
2026-05-29,Яндекс ПромоСтраницы,yandex.promopages,Промостатья: Моя история 1 / Ж 25-54/ интерес_открытие бизнеса / рся / #dzen / 2603-1,history,ОТПРАВКА ЛЮБОЙ ФОРМЫ,1,Моя история 1,открытие бизнеса
2026-05-31,Яндекс ПромоСтраницы,yandex.promopages,Промостатья: Моя история 1 / Ж 25-54 / интерес_франшиза / рся / #dzen / 2602-1,history,ОТПРАВКА ЛЮБОЙ ФОРМЫ,1,Моя история 1,франшиза
2026-06-02,Яндекс ПромоСтраницы,yandex.promopages,Промостатья: Моя история 1 / Ж 25-54 / интерес_франшиза / рся / #dzen / 2602-1,history,ОТПРАВКА ЛЮБОЙ ФОРМЫ,1,Моя история 1,франшиза
2026-06-11,Яндекс ПромоСтраницы,yandex.promopages,Промостатья: Моя история 1 / Ж 25-54 / интерес_франшиза / рся / #dzen / 2602-1,history,ОТПРАВКА ЛЮБОЙ ФОРМЫ,1,Моя история 1,франшиза
2026-06-20,Яндекс ПромоСтраницы,yandex.promopages,Промостатья: рынок и тренды 1 / М25-44 / интерес_франшиза / рся / #dzen / 2603-1,market,ОТПРАВКА ЛЮБОЙ ФОРМЫ,1,рынок и тренды 1,франшиза
2026-06-29,Яндекс ПромоСтраницы,yandex.promopages,Промостатья: Моя история 1 / Ж 25-54 / интерес_франшиза / рся / #dzen / 2602-1,history,ОТПРАВКА ЛЮБОЙ ФОРМЫ,1,Моя история 1,франшиза
2026-07-01,Яндекс ПромоСтраницы,yandex.promopages,Промостатья: Моя история 1 / Ж 25-54 / интерес_франшиза / рся / #dzen / 2602-1,history,ОТПРАВКА ЛЮБОЙ ФОРМЫ,1,Моя история 1,франшиза
2026-07-02,Яндекс ПромоСтраницы,yandex.promopages,Промостатья: рынок и тренды 1 / М25-44 / интерес_франшиза / рся / #dzen / 2603-1,market,ОТПРАВКА ЛЮБОЙ ФОРМЫ,1,рынок и тренды 1,франшиза
2026-07-20,Яндекс ПромоСтраницы,yandex.promopages,Промостатья: Моя история 1 / Ж 25-54 / интерес_франшиза / рся / #dzen / 2602-1,history,ОТПРАВКА ЛЮБОЙ ФОРМЫ,1,Моя история 1,франшиза
2026-07-21,Яндекс ПромоСтраницы,yandex.promopages,Промостатья: Моя история 1 / Ж 25-54 / интерес_франшиза / рся / #dzen / 2602-1,history,ОТПРАВКА ЛЮБОЙ ФОРМЫ,1,Моя история 1,франшиза
2026-07-22,Яндекс ПромоСтраницы,yandex.promopages,Промостатья: Моя история 1 / Ж 25-54/ интерес_открытие бизнеса / рся / #dzen / 2603-1,history,ОТПРАВКА ЛЮБОЙ ФОРМЫ,1,Моя история 1,открытие бизнеса
2026-07-23,Яндекс ПромоСтраницы,yandex.promopages,Промостатья: Моя история 1 / Ж 25-54 / интерес_франшиза / поиск / #dzen / 2607-1,history,ОТПРАВКА ЛЮБОЙ ФОРМЫ,1,Моя история 1,франшиза
2026-07-25,Яндекс ПромоСтраницы,yandex.promopages,Промостатья: Моя история 1 / Ж 25-54/ интерес_открытие бизнеса / рся / #dzen / 2603-1,history,ОТПРАВКА ЛЮБОЙ ФОРМЫ,1,Моя история 1,открытие бизнеса
2026-07-28,Яндекс ПромоСтраницы,yandex.promopages,Промостатья: Моя история 1 / Ж 25-54 / интерес_франшиза / рся / #dzen / 2602-1,history,ОТПРАВКА ЛЮБОЙ ФОРМЫ,1,Моя история 1,франшиза
2026-07-29,Яндекс ПромоСтраницы,yandex.promopages,Промостатья: Моя история 1 / Ж 25-54/ интерес_открытие бизнеса / рся / #dzen / 2603-1,history,ОТПРАВКА ЛЮБОЙ ФОРМЫ,1,Моя история 1,открытие бизнеса
2026-07-30,Яндекс ПромоСтраницы,yandex.promopages,Промостатья: Моя история 1 / Ж 25-54 / интерес_франшиза / рся / #dzen / 2602-1,history,ОТПРАВКА ЛЮБОЙ ФОРМЫ,1,Моя история 1,франшиза
2026-08-09,Яндекс ПромоСтраницы,yandex.promopages,Промостатья: рынок и тренды 1 / М25-44 / интерес_франшиза / рся / #dzen / 2603-1,market,ОТПРАВКА ЛЮБОЙ ФОРМЫ,1,рынок и тренды 1,франшиза
2026-08-11,Яндекс ПромоСтраницы,yandex.promopages,Промостатья: Моя история 1 / Ж 25-54/ интерес_открытие бизнеса / рся / #dzen / 2603-1,history,ОТПРАВКА ЛЮБОЙ ФОРМЫ,1,Моя история 1,открытие бизнеса
2026-08-19,Яндекс ПромоСтраницы,yandex.promopages,Промостатья: рынок и тренды 1 / М25-44 / интерес_франшиза / рся / #dzen / 2603-1,market,ОТПРАВКА ЛЮБОЙ ФОРМЫ,1,рынок и тренды 1,франшиза
