Дата визита,UTM Campaign,Город,Достигнутая цель,Визиты
2023-06-27,Промостатья: Моя история 1 | Цена перехода | Ж25-54,Не определено,ОТПРАВКА ЛЮБОЙ ФОРМЫ,1
2023-07-22,Промостатья: Моя история 1 | Цена перехода | Ж25-54,Не определено,ОТПРАВКА ЛЮБОЙ ФОРМЫ,1
2023-07-25,Промостатья: Моя история 1 | Цена перехода | Ж25-54,Не определено,ОТПРАВКА ЛЮБОЙ ФОРМЫ,1
2023-07-25,Промостатья: Моя история 1 | Цена перехода | Ж25-54,Донской,ОТПРАВКА ЛЮБОЙ ФОРМЫ,1
2023-07-25,Промостатья: Моя история 1 | Цена перехода | Ж25-54,Энгельс,ОТПРАВКА ЛЮБОЙ ФОРМЫ,1
2023-07-27,Промостатья: Моя история 1 | Цена перехода | Ж25-54,Владикавказ,ОТПРАВКА ЛЮБОЙ ФОРМЫ,1
2023-08-04,Промостатья: Моя история 1 | Цена перехода | Ж25-54,Ставрополь,ОТПРАВКА ЛЮБОЙ ФОРМЫ,1
2023-08-07,Промостатья: Моя история 1 | Цена перехода | Ж25-54,Не определено,ОТПРАВКА ЛЮБОЙ ФОРМЫ,1
2023-08-10,Промостатья: Моя история 1 | Цена перехода | Ж25-54,Екатеринбург,ОТПРАВКА ЛЮБОЙ ФОРМЫ,1
2023-08-10,Промостатья: Моя история 1 | Цена перехода | Ж25-54,Краснокамск,ОТПРАВКА ЛЮБОЙ ФОРМЫ,1
2023-08-10,Промостатья: Моя история 1 | Цена перехода | Ж25-54,Михайловка,ОТПРАВКА ЛЮБОЙ ФОРМЫ,1
2023-08-10,Промостатья: Моя история 1 | Цена перехода | Ж25-54,Нижний Новгород,ОТПРАВКА ЛЮБОЙ ФОРМЫ,1
2023-08-11,Промостатья: Моя история 1 | Цена перехода | Ж25-54,Не определено,ОТПРАВКА ЛЮБОЙ ФОРМЫ,1
2023-08-11,Промостатья: Моя история 1 | Цена перехода | Ж25-54,Новокузнецк,ОТПРАВКА ЛЮБОЙ ФОРМЫ,1
2023-08-11,Промостатья: Моя история 1 | Цена перехода | Ж25-54,Ставрополь,ОТПРАВКА ЛЮБОЙ ФОРМЫ,1
2023-08-12,Промостатья: Моя история 1 | Цена перехода | Ж25-54,Иркутск,ОТПРАВКА ЛЮБОЙ ФОРМЫ,1
2023-08-12,Промостатья: Моя история 1 | Цена перехода | Ж25-54,Санкт-Петербург,ОТПРАВКА ЛЮБОЙ ФОРМЫ,1
2023-08-13,Промостатья: Моя история 1 | Цена перехода | Ж25-54,Москва,ОТПРАВКА ЛЮБОЙ ФОРМЫ,1
2023-08-14,Промостатья: Моя история 1 | Цена перехода | Ж25-54,Киров,ОТПРАВКА ЛЮБОЙ ФОРМЫ,1
2023-08-14,Промостатья: Моя история 1 | Цена перехода | Ж25-54,Москва,ОТПРАВКА ЛЮБОЙ ФОРМЫ,1
2023-08-15,Промостатья: Моя история 1 | Цена перехода | Ж25-54,Не определено,ОТПРАВКА ЛЮБОЙ ФОРМЫ,1
2023-08-19,Промостатья: Моя история 1 | Цена перехода | Ж25-54,Самара,ОТПРАВКА ЛЮБОЙ ФОРМЫ,1
2023-08-22,Промостатья: Моя история 1 | Цена перехода | Ж25-54,Нижний Новгород,ОТПРАВКА ЛЮБОЙ ФОРМЫ,1
2023-08-27,Промостатья: Моя история 1 | Цена перехода | Ж25-54,Не определено,ОТПРАВКА ЛЮБОЙ ФОРМЫ,1
2023-08-27,Промостатья: Моя история 1 | Цена перехода | Ж25-54,Абинск,ОТПРАВКА ЛЮБОЙ ФОРМЫ,1
2023-09-16,Промостатья: Моя история 1 | Цена перехода | Ж25-54,Не определено,ОТПРАВКА ЛЮБОЙ ФОРМЫ,1
2023-09-18,Промостатья: Моя история 1 | Цена перехода | Ж25-54,Санкт-Петербург,ОТПРАВКА ЛЮБОЙ ФОРМЫ,1
2023-09-20,Промостатья: Моя история 1 | Цена перехода | Ж25-54,Тюмень,ОТПРАВКА ЛЮБОЙ ФОРМЫ,1
2023-09-21,Промостатья: Моя история 1 | Цена перехода | Ж25-54,Не определено,ОТПРАВКА ЛЮБОЙ ФОРМЫ,1
2023-09-21,Промостатья: Моя история 1 | Цена перехода | Ж25-54,Новосибирск,ОТПРАВКА ЛЮБОЙ ФОРМЫ,1
2023-09-24,Промостатья: Моя история 1 | Цена перехода | Ж25-54,Не определено,ОТПРАВКА ЛЮБОЙ ФОРМЫ,1
2023-09-24,Промостатья: Моя история 1 | Цена перехода | Ж25-54,Минусинск,ОТПРАВКА ЛЮБОЙ ФОРМЫ,1
2023-09-24,Промостатья: Моя история 1 | Цена перехода | Ж25-54,Москва,ОТПРАВКА ЛЮБОЙ ФОРМЫ,1
2023-09-24,Промостатья: Моя история 1 | Цена перехода | Ж25-54,Санкт-Петербург,ОТПРАВКА ЛЮБОЙ ФОРМЫ,1
2023-09-25,Промостатья: Моя история 1 | Цена перехода | Ж25-54,Не определено,ОТПРАВКА ЛЮБОЙ ФОРМЫ,1
2023-09-25,Промостатья: Моя история 1 | Цена перехода | Ж25-54,Хабаровск,ОТПРАВКА ЛЮБОЙ ФОРМЫ,1
2023-09-26,Промостатья: Моя история 1 | Цена перехода | Ж25-54,Не определено,ОТПРАВКА ЛЮБОЙ ФОРМЫ,1
2023-09-27,Промостатья: Моя история 1 | Цена перехода | Ж25-54,Ростов-на-Дону,ОТПРАВКА ЛЮБОЙ ФОРМЫ,1
2023-09-27,Промостатья: Моя история 1 | Цена перехода | Ж25-54,Уфа,ОТПРАВКА ЛЮБОЙ ФОРМЫ,1
2023-10-29,Промостатья: Моя история 1 | Цена перехода | Ж25-54,Не определено,ОТПРАВКА ЛЮБОЙ ФОРМЫ,1
2023-10-30,Промостатья: Моя история 1 | Цена перехода | Ж25-54,Москва,ОТПРАВКА ЛЮБОЙ ФОРМЫ,1
2023-11-11,Промостатья: Моя история 1 | Цена перехода | Ж25-54,Тамбов,ОТПРАВКА ЛЮБОЙ ФОРМЫ,1
2023-11-12,Промостатья: Моя история 1 | Цена перехода | Ж25-54,Новосибирск,ОТПРАВКА ЛЮБОЙ ФОРМЫ,1
2023-11-18,Промостатья: Моя история 1 | Цена перехода | Ж25-54,Не определено,ОТПРАВКА ЛЮБОЙ ФОРМЫ,1
2023-11-24,Промостатья: Моя история 1 | Цена перехода | Ж25-54,Не определено,ОТПРАВКА ЛЮБОЙ ФОРМЫ,1
2023-12-01,Промостатья: Моя история 1 | Цена перехода | Ж25-54,Хабаровск,ОТПРАВКА ЛЮБОЙ ФОРМЫ,1
2023-12-02,Промостатья: Моя история 1 | Цена перехода | Ж25-54,Москва,ОТПРАВКА ЛЮБОЙ ФОРМЫ,1
2023-12-02,Промостатья: Моя история 1 | Цена перехода | Ж25-54,Набережные Челны,ОТПРАВКА ЛЮБОЙ ФОРМЫ,1
2023-12-09,Промостатья: Моя история 1 | Цена перехода | Ж25-54,Хабаровск,ОТПРАВКА ЛЮБОЙ ФОРМЫ,1
2023-12-10,Промостатья: Моя история 1 | Цена перехода | Ж25-54,Чита,ОТПРАВКА ЛЮБОЙ ФОРМЫ,1
2023-12-12,Промостатья: Моя история 1 | Цена перехода | Ж25-54,Не определено,ОТПРАВКА ЛЮБОЙ ФОРМЫ,1
2023-12-13,Промостатья: Моя история 1 | Цена перехода | Ж25-54,Не определено,ОТПРАВКА ЛЮБОЙ ФОРМЫ,1
2023-12-13,Промостатья: Моя история 1 | Цена перехода | Ж25-54,Аксай,ОТПРАВКА ЛЮБОЙ ФОРМЫ,1
2023-12-15,Промостатья: Моя история 1 | Цена перехода | Ж25-54,Всеволожск,ОТПРАВКА ЛЮБОЙ ФОРМЫ,1
2023-12-17,Промостатья: Моя история 1 | Цена перехода | Ж25-54,Не определено,ОТПРАВКА ЛЮБОЙ ФОРМЫ,1
2023-12-18,Промостатья: Моя история 1 | Цена перехода | Ж25-54,Красноярск,ОТПРАВКА ЛЮБОЙ ФОРМЫ,1
2023-12-19,Промостатья: Моя история 1 | Цена перехода | Ж25-54,Не определено,ОТПРАВКА ЛЮБОЙ ФОРМЫ,1
2023-12-19,Промостатья: Моя история 1 | Цена перехода | Ж25-54,Минеральные Воды,ОТПРАВКА ЛЮБОЙ ФОРМЫ,1
2023-12-24,Промостатья: Моя история 2 | Цена перехода | 25-54,Керчь,ОТПРАВКА ЛЮБОЙ ФОРМЫ,1
2023-12-30,Промостатья: Моя история 2 | Цена перехода | 25-54,Владимир,ОТПРАВКА ЛЮБОЙ ФОРМЫ,1
2024-01-26,Промостатья: Моя история 1 | Цена перехода | Ж25-54,Не определено,ОТПРАВКА ЛЮБОЙ ФОРМЫ,2
2024-03-30,Промостатья: Моя история 1 | Цена перехода | Ж25-54,Москва,ОТПРАВКА ЛЮБОЙ ФОРМЫ,2
2024-01-03,Промостатья: Моя история 2 | Цена перехода | 25-54,Санкт-Петербург,ОТПРАВКА ЛЮБОЙ ФОРМЫ,1
2024-01-04,Промостатья: Моя история 2 | Цена перехода | 25-54,Не определено,ОТПРАВКА ЛЮБОЙ ФОРМЫ,1
2024-01-11,Промостатья: Моя история 2 | Цена перехода | 25-54,Старый Оскол,ОТПРАВКА ЛЮБОЙ ФОРМЫ,1
2024-01-12,Промостатья: Моя история 1 | Цена перехода | Ж25-54,Не определено,ОТПРАВКА ЛЮБОЙ ФОРМЫ,1
2024-01-13,Промостатья: Моя история 1 | Цена перехода | Ж25-54,Донской,ОТПРАВКА ЛЮБОЙ ФОРМЫ,1
2024-01-16,Промостатья: Моя история 1 | Цена перехода | Ж25-54,Не определено,ОТПРАВКА ЛЮБОЙ ФОРМЫ,1
2024-01-16,Промостатья: Моя история 1 | Цена перехода | Ж25-54,Смоленск,ОТПРАВКА ЛЮБОЙ ФОРМЫ,1
2024-01-18,Промостатья: Моя история 1 | Цена перехода | Ж25-54,Раменское,ОТПРАВКА ЛЮБОЙ ФОРМЫ,1
2024-01-19,Промостатья: Моя история 1 | Цена перехода | Ж25-54,Не определено,ОТПРАВКА ЛЮБОЙ ФОРМЫ,1
2024-01-22,Промостатья: Моя история 1 | Цена перехода | Ж25-54,Азов,ОТПРАВКА ЛЮБОЙ ФОРМЫ,1
2024-01-22,Промостатья: Моя история 1 | Цена перехода | Ж25-54,Курск,ОТПРАВКА ЛЮБОЙ ФОРМЫ,1
2024-01-22,Промостатья: Моя история 1 | Цена перехода | Ж25-54,Нижний Новгород,ОТПРАВКА ЛЮБОЙ ФОРМЫ,1
2024-01-23,Промостатья: Моя история 1 | Цена перехода | Ж25-54,Санкт-Петербург,ОТПРАВКА ЛЮБОЙ ФОРМЫ,1
2024-01-24,Промостатья: Моя история 1 | Цена перехода | Ж25-54,Новокузнецк,ОТПРАВКА ЛЮБОЙ ФОРМЫ,1
2024-01-24,Промостатья: Моя история 1 | Цена перехода | Ж25-54,Самара,ОТПРАВКА ЛЮБОЙ ФОРМЫ,1
2024-01-25,Промостатья: Моя история 1 | Цена перехода | Ж25-54,Не определено,ОТПРАВКА ЛЮБОЙ ФОРМЫ,1
2024-01-27,Промостатья: Моя история 1 | Цена перехода | Ж25-54,Москва,ОТПРАВКА ЛЮБОЙ ФОРМЫ,1
2024-01-29,Промостатья: Моя история 1 | Цена перехода | Ж25-54,Москва,ОТПРАВКА ЛЮБОЙ ФОРМЫ,1
2024-01-30,Промостатья: Моя история 1 | Цена перехода | Ж25-54,Москва,ОТПРАВКА ЛЮБОЙ ФОРМЫ,1
2024-01-30,Промостатья: Моя история 1 | Цена перехода | Ж25-54,Саратов,ОТПРАВКА ЛЮБОЙ ФОРМЫ,1
2024-01-31,Промостатья: Моя история 1 | Цена перехода | Ж25-54,Не определено,ОТПРАВКА ЛЮБОЙ ФОРМЫ,1
2024-01-31,Промостатья: Моя история 1 | Цена перехода | Ж25-54,Новосибирск,ОТПРАВКА ЛЮБОЙ ФОРМЫ,1
2024-02-01,Промостатья: Моя история 1 | Цена перехода | Ж25-54,Челябинск,ОТПРАВКА ЛЮБОЙ ФОРМЫ,1
2024-02-15,Промостатья: Моя история 1 | Цена перехода | Ж25-54,Самара,ОТПРАВКА ЛЮБОЙ ФОРМЫ,1
2024-02-17,Промостатья: Моя история 1 | Цена перехода | Ж25-54,Красноярск,ОТПРАВКА ЛЮБОЙ ФОРМЫ,1
2024-02-19,Промостатья: Моя история 1 | Цена перехода | Ж25-54,Не определено,ОТПРАВКА ЛЮБОЙ ФОРМЫ,1
2024-02-20,Промостатья: Моя история 1 | Цена перехода | Ж25-54,Березники,ОТПРАВКА ЛЮБОЙ ФОРМЫ,1
2024-02-22,Промостатья: Моя история 1 | Цена перехода | Ж25-54,Темрюк,ОТПРАВКА ЛЮБОЙ ФОРМЫ,1
2024-02-23,Промостатья: Моя история 1 | Цена перехода | Ж25-54,Челябинск,ОТПРАВКА ЛЮБОЙ ФОРМЫ,1
2024-02-26,Промостатья: Моя история 1 | Цена перехода | Ж25-54,Липецк,ОТПРАВКА ЛЮБОЙ ФОРМЫ,1
2024-02-27,Промостатья: Моя история 1 | Цена перехода | Ж25-54,Благовещенск,ОТПРАВКА ЛЮБОЙ ФОРМЫ,1
2024-02-27,Промостатья: Моя история 1 | Цена перехода | Ж25-54,Волгоград,ОТПРАВКА ЛЮБОЙ ФОРМЫ,1
2024-02-27,Промостатья: Моя история 1 | Цена перехода | Ж25-54,Тюмень,ОТПРАВКА ЛЮБОЙ ФОРМЫ,1
2024-02-28,Промостатья: Моя история 1 | Цена перехода | Ж25-54,Нижний Новгород,ОТПРАВКА ЛЮБОЙ ФОРМЫ,1
2024-02-28,Промостатья: Моя история 1 | Цена перехода | Ж25-54,Санкт-Петербург,ОТПРАВКА ЛЮБОЙ ФОРМЫ,1
2024-02-29,Промостатья: Моя история 1 | Цена перехода | Ж25-54,Екатеринбург,ОТПРАВКА ЛЮБОЙ ФОРМЫ,1
2024-02-29,Промостатья: Моя история 1 | Цена перехода | Ж25-54,Тюмень,ОТПРАВКА ЛЮБОЙ ФОРМЫ,1
2024-03-11,Промостатья: Моя история 1 | Цена перехода | Ж25-54,Не определено,ОТПРАВКА ЛЮБОЙ ФОРМЫ,1
2024-03-13,Промостатья: Моя история 1 | Цена перехода | Ж25-54,Оренбург,ОТПРАВКА ЛЮБОЙ ФОРМЫ,1
2024-03-14,Промостатья: Моя история 1 | Цена перехода | Ж25-54,Старый Оскол,ОТПРАВКА ЛЮБОЙ ФОРМЫ,1
2024-03-16,Промостатья: Моя история 1 | Цена перехода | Ж25-54,Красноярск,ОТПРАВКА ЛЮБОЙ ФОРМЫ,1
2024-03-18,Промостатья: Моя история 1 | Цена перехода | Ж25-54,Курск,ОТПРАВКА ЛЮБОЙ ФОРМЫ,1
2024-03-18,Промостатья: Моя история 1 | Цена перехода | Ж25-54,Москва,ОТПРАВКА ЛЮБОЙ ФОРМЫ,1
2024-03-19,Промостатья: Моя история 1 | Цена перехода | Ж25-54,Екатеринбург,ОТПРАВКА ЛЮБОЙ ФОРМЫ,1
2024-03-23,Промостатья: Моя история 1 | Цена перехода | Ж25-54,Не определено,ОТПРАВКА ЛЮБОЙ ФОРМЫ,1
2024-03-30,Промостатья: Моя история 1 | Цена перехода | Ж25-54,Нижний Новгород,ОТПРАВКА ЛЮБОЙ ФОРМЫ,1
2024-06-07,Промостатья: Моя история 3 | Цена перехода | 25-54,Не определено,ОТПРАВКА ЛЮБОЙ ФОРМЫ,2
2024-04-06,Промостатья: Моя история 1 | Цена перехода | Ж25-54,Москва,ОТПРАВКА ЛЮБОЙ ФОРМЫ,1
2024-04-07,Промостатья: Моя история 1 | Цена перехода | Ж25-54,Не определено,ОТПРАВКА ЛЮБОЙ ФОРМЫ,1
2024-04-07,Промостатья: Моя история 1 | Цена перехода | Ж25-54,Новосибирск,ОТПРАВКА ЛЮБОЙ ФОРМЫ,1
2024-04-11,Промостатья: Моя история 1 | Цена перехода | Ж25-54,Минск,ОТПРАВКА ЛЮБОЙ ФОРМЫ,1
2024-04-13,Промостатья: Моя история 1 | Цена перехода | Ж25-54,Москва,ОТПРАВКА ЛЮБОЙ ФОРМЫ,1
2024-04-14,Промостатья: Моя история 1 | Цена перехода | Ж25-54,Не определено,ОТПРАВКА ЛЮБОЙ ФОРМЫ,1
2024-04-14,Промостатья: Моя история 1 | Цена перехода | Ж25-54,Санкт-Петербург,ОТПРАВКА ЛЮБОЙ ФОРМЫ,1
2024-04-14,Промостатья: Моя история 1 | Цена перехода | Ж25-54,Хабаровск,ОТПРАВКА ЛЮБОЙ ФОРМЫ,1
2024-04-17,Промостатья: Моя история 1 | Цена перехода | Ж25-54,Воронеж,ОТПРАВКА ЛЮБОЙ ФОРМЫ,1
2024-04-18,Промостатья: Моя история 1 | Цена перехода | Ж25-54,Великий Новгород,ОТПРАВКА ЛЮБОЙ ФОРМЫ,1
2024-04-23,Промостатья: Моя история 1 | Цена перехода | Ж25-54,Липецк,ОТПРАВКА ЛЮБОЙ ФОРМЫ,1
2024-04-24,Промостатья: Моя история 1 | Цена перехода | Ж25-54,Омск,ОТПРАВКА ЛЮБОЙ ФОРМЫ,1
2024-04-26,Промостатья: Моя история 1 | Цена перехода | Ж25-54,Не определено,ОТПРАВКА ЛЮБОЙ ФОРМЫ,1
2024-04-29,Промостатья: Моя история 1 | Цена перехода | Ж25-54,Москва,ОТПРАВКА ЛЮБОЙ ФОРМЫ,1
2024-05-06,Промостатья: Моя история 2 | Цена перехода | 25-54,Не определено,ОТПРАВКА ЛЮБОЙ ФОРМЫ,1
2024-05-07,Промостатья: Моя история 1 | Цена перехода | Ж25-54,Киров,ОТПРАВКА ЛЮБОЙ ФОРМЫ,1
2024-05-07,Промостатья: Моя история 1 | Цена перехода | Ж25-54,Рязань,ОТПРАВКА ЛЮБОЙ ФОРМЫ,1
2024-05-21,Промостатья: Моя история 1 | Цена перехода | Ж25-54,Не определено,ОТПРАВКА ЛЮБОЙ ФОРМЫ,1
2024-05-30,Промостатья: Моя история 3 | Цена перехода | 25-54,Чита,ОТПРАВКА ЛЮБОЙ ФОРМЫ,1
2024-06-05,Промостатья: Моя история 3 | Цена перехода | 25-54,Курск,ОТПРАВКА ЛЮБОЙ ФОРМЫ,1
2024-06-19,Промостатья: Моя история 3 | Цена перехода | 25-54 | lp /franchise,Майкоп,ОТПРАВКА ЛЮБОЙ ФОРМЫ,1
2024-06-21,Промостатья: Моя история 3 | Цена перехода | 25-54 | lp /dzen,Туапсе,ОТПРАВКА ЛЮБОЙ ФОРМЫ,1
2024-07-09,Промостатья: Моя история 3 | Цена перехода | 25-54 | lp /franchise,Москва,ОТПРАВКА ЛЮБОЙ ФОРМЫ,1
2024-07-09,Промостатья: Моя история 3 | Цена перехода | 25-54 | lp /franchise,Самара,ОТПРАВКА ЛЮБОЙ ФОРМЫ,1
2024-07-25,Промостатья: Моя история 1 | Цена перехода | Ж25-54,Владивосток,ОТПРАВКА ЛЮБОЙ ФОРМЫ,1
2024-07-25,Промостатья: Моя история 1 | Цена перехода | Ж25-54,Казань,ОТПРАВКА ЛЮБОЙ ФОРМЫ,1
2024-07-26,Промостатья: Моя история 1 | Цена перехода | Ж25-54,Не определено,ОТПРАВКА ЛЮБОЙ ФОРМЫ,1
2024-07-29,Промостатья: Моя история 1 | Цена перехода | Ж25-54,Хабаровск,ОТПРАВКА ЛЮБОЙ ФОРМЫ,1
2024-08-01,Промостатья: Моя история 1 | Цена перехода | Ж25-54,Не определено,ОТПРАВКА ЛЮБОЙ ФОРМЫ,1
2024-08-01,Промостатья: Моя история 1 | Цена перехода | Ж25-54,Москва,ОТПРАВКА ЛЮБОЙ ФОРМЫ,1
2024-08-03,Промостатья: Моя история 1 | Цена перехода | Ж25-54,Константиновск,ОТПРАВКА ЛЮБОЙ ФОРМЫ,1
2024-08-06,Промостатья: Моя история 1 | Цена перехода | Ж25-54,Не определено,ОТПРАВКА ЛЮБОЙ ФОРМЫ,1
2024-08-15,Статья: Цифры и факты / Интересы: франшиза,Севастополь,ОТПРАВКА ЛЮБОЙ ФОРМЫ,1
2024-08-21,Промостатья: Моя история 1 | Цена перехода | Ж25-54,Владивосток,ОТПРАВКА ЛЮБОЙ ФОРМЫ,1
2024-08-21,Промостатья: Моя история 1 | Цена перехода | Ж25-54,Карасук,ОТПРАВКА ЛЮБОЙ ФОРМЫ,1
2024-08-24,Промостатья: Моя история 1 | Цена перехода | Ж25-54,Не определено,ОТПРАВКА ЛЮБОЙ ФОРМЫ,1
2024-08-27,Промостатья: Моя история 1 | Цена перехода | Ж25-54,Мурманск,ОТПРАВКА ЛЮБОЙ ФОРМЫ,1
2024-08-28,Промостатья: Моя история 1 | Цена перехода | Ж25-54,Не определено,ОТПРАВКА ЛЮБОЙ ФОРМЫ,1
2024-08-28,Статья: Цифры и факты / Интересы: франшиза,Находка,ОТПРАВКА ЛЮБОЙ ФОРМЫ,1
2024-08-30,Промостатья: Моя история 1 | Цена перехода | Ж25-54,Краснодар,ОТПРАВКА ЛЮБОЙ ФОРМЫ,1
2024-08-31,Промостатья: Моя история 1 | Цена перехода | Ж25-54,Не определено,ОТПРАВКА ЛЮБОЙ ФОРМЫ,1
2024-08-31,Промостатья: Моя история 1 | Цена перехода | Ж25-54,Санкт-Петербург,ОТПРАВКА ЛЮБОЙ ФОРМЫ,1
2024-09-01,Промостатья: Моя история 1 | Цена перехода | Ж25-54,Не определено,ОТПРАВКА ЛЮБОЙ ФОРМЫ,1
2024-09-01,Промостатья: Моя история 1 | Цена перехода | Ж25-54,Красноярск,ОТПРАВКА ЛЮБОЙ ФОРМЫ,1
2024-09-02,Промостатья: Моя история 1 | Цена перехода | Ж25-54,Ижевск,ОТПРАВКА ЛЮБОЙ ФОРМЫ,1
2024-09-09,Промостатья: Моя история 1 | Цена перехода | Ж25-54,Пенза,ОТПРАВКА ЛЮБОЙ ФОРМЫ,1
2024-09-17,Промостатья: Моя история 1 | Цена перехода | Ж25-54,Раменское,ОТПРАВКА ЛЮБОЙ ФОРМЫ,1
2024-10-26,Промостатья: Моя история 1 | Цена перехода | Ж25-54,Самара,ОТПРАВКА ЛЮБОЙ ФОРМЫ,2
2024-10-30,Промостатья: Моя история 1 | Цена перехода | Ж25-54,Не определено,ОТПРАВКА ЛЮБОЙ ФОРМЫ,2
2024-10-08,Промостатья: Моя история 1 | Цена перехода | Ж25-54,Ростов-на-Дону,ОТПРАВКА ЛЮБОЙ ФОРМЫ,1
2024-10-09,Промостатья: Моя история 1 | Цена перехода | Ж25-54,Москва,ОТПРАВКА ЛЮБОЙ ФОРМЫ,1
2024-10-09,Статья: Цифры и факты / Интересы: франшиза,Санкт-Петербург,ОТПРАВКА ЛЮБОЙ ФОРМЫ,1
2024-10-17,Статья: Цифры и факты / Интересы: открытие бизнеса,Нижний Новгород,ОТПРАВКА ЛЮБОЙ ФОРМЫ,1
2024-10-19,Промостатья: Моя история 1 | Цена перехода | Ж25-54,Челябинск,ОТПРАВКА ЛЮБОЙ ФОРМЫ,1
2024-10-23,Статья: Цифры и факты / Интересы: франшиза,Москва,ОТПРАВКА ЛЮБОЙ ФОРМЫ,1
2024-10-24,Статья: Цифры и факты / Интересы: открытие бизнеса,Мурманск,ОТПРАВКА ЛЮБОЙ ФОРМЫ,1
2024-10-25,Промостатья: Моя история 1 | Цена перехода | Ж25-54,Котельники,ОТПРАВКА ЛЮБОЙ ФОРМЫ,1
2024-10-26,Промостатья: Моя история 1 | Цена перехода | Ж25-54,Не определено,ОТПРАВКА ЛЮБОЙ ФОРМЫ,1
2024-10-28,Статья: Цифры и факты / Интересы: открытие бизнеса,Не определено,ОТПРАВКА ЛЮБОЙ ФОРМЫ,1
2024-10-31,Промостатья: Моя история 1 | Цена перехода | Ж25-54,Не определено,ОТПРАВКА ЛЮБОЙ ФОРМЫ,1
2024-10-31,Промостатья: Моя история 1 | Цена перехода | Ж25-54,Москва,ОТПРАВКА ЛЮБОЙ ФОРМЫ,1
2024-11-01,Промостатья: Моя история 1 | Цена перехода | Ж25-54,Не определено,ОТПРАВКА ЛЮБОЙ ФОРМЫ,1
2024-11-04,Промостатья: Моя история 1 | Цена перехода | Ж25-54,Не определено,ОТПРАВКА ЛЮБОЙ ФОРМЫ,1
2024-11-07,Статья: Цифры и факты / Интересы: франшиза,Не определено,ОТПРАВКА ЛЮБОЙ ФОРМЫ,1
2024-11-07,Статья: Цифры и факты / Интересы: франшиза,Белгород,ОТПРАВКА ЛЮБОЙ ФОРМЫ,1
2024-11-08,Статья: Цифры и факты / Интересы: открытие бизнеса,Москва,ОТПРАВКА ЛЮБОЙ ФОРМЫ,1
2024-11-11,Промостатья: Моя история 1 | Цена перехода | Ж25-54,Санкт-Петербург,ОТПРАВКА ЛЮБОЙ ФОРМЫ,1
2024-11-22,Промостатья: Моя история 1 | Цена перехода | Ж25-54,Курск,ОТПРАВКА ЛЮБОЙ ФОРМЫ,1
2024-11-24,Промостатья: Моя история 1 | Цена перехода | Ж25-54,Череповец,ОТПРАВКА ЛЮБОЙ ФОРМЫ,1
2024-11-25,Промостатья: Моя история 1 | Цена перехода | Ж25-54,Ступино,ОТПРАВКА ЛЮБОЙ ФОРМЫ,1
2024-11-28,Промостатья: Моя история 1 | Цена перехода | Ж25-54,Не определено,ОТПРАВКА ЛЮБОЙ ФОРМЫ,1
2024-11-28,Промостатья: Моя история 1 | Цена перехода | Ж25-54,Рыбинск,ОТПРАВКА ЛЮБОЙ ФОРМЫ,1
2024-11-29,Промостатья: Моя история 1 | Цена перехода | Ж25-54,Брянск,ОТПРАВКА ЛЮБОЙ ФОРМЫ,1
2024-11-29,Промостатья: Моя история 1 | Цена перехода | Ж25-54,Санкт-Петербург,ОТПРАВКА ЛЮБОЙ ФОРМЫ,1
2025-03-29,Промостатья: Моя история 1 / Цена перехода / Ж25-54 / интерес_франшиза,Не определено,ОТПРАВКА ЛЮБОЙ ФОРМЫ,2
2025-03-21,Промостатья: Моя история 1 | Цена перехода | Ж25-54 (копия),Не определено,ОТПРАВКА ЛЮБОЙ ФОРМЫ,1
2025-03-21,Промостатья: Моя история 1 | Цена перехода | Ж25-54 (копия),Переславль-Залесский,ОТПРАВКА ЛЮБОЙ ФОРМЫ,1
2025-03-21,Промостатья: Моя история 1 | Цена перехода | Ж25-54 (копия),Тавда,ОТПРАВКА ЛЮБОЙ ФОРМЫ,1
2025-03-29,Промостатья: Моя история 1 / Цена перехода / Ж25-54 / интерес_франшиза,Елец,ОТПРАВКА ЛЮБОЙ ФОРМЫ,1
2025-03-30,Промостатья: Моя история 1 / Цена перехода / Ж25-54 / интерес_франшиза,Екатеринбург,ОТПРАВКА ЛЮБОЙ ФОРМЫ,1
2025-03-30,Промостатья: Моя история 1 / Цена перехода / Ж25-54 / интерес_франшиза,Москва,ОТПРАВКА ЛЮБОЙ ФОРМЫ,1
2025-05-15,Промостатья: Моя история 1 / Цена перехода / Ж25-54 / интерес_франшиза,Санкт-Петербург,ОТПРАВКА ЛЮБОЙ ФОРМЫ,2
2025-05-30,Промостатья: Моя история 1 / Цена перехода / Ж25-54 / интерес_открытие бизнеса,Москва,ОТПРАВКА ЛЮБОЙ ФОРМЫ,2
2025-05-30,Промостатья: Моя история 1 / Цена перехода / Ж25-54 / интерес_франшиза,Не определено,ОТПРАВКА ЛЮБОЙ ФОРМЫ,2
2025-04-01,Промостатья: Моя история 1 / Цена перехода / Ж25-54 / интерес_франшиза,Не определено,ОТПРАВКА ЛЮБОЙ ФОРМЫ,1
2025-04-01,Промостатья: Моя история 1 / Цена перехода / Ж25-54 / интерес_франшиза,Ростов-на-Дону,ОТПРАВКА ЛЮБОЙ ФОРМЫ,1
2025-04-01,Промостатья: Моя история 1 / Цена перехода / Ж25-54 / интерес_франшиза,Санкт-Петербург,ОТПРАВКА ЛЮБОЙ ФОРМЫ,1
2025-04-02,Промостатья: Моя история 1 / Цена перехода / Ж25-54 / интерес_франшиза,Екатеринбург,ОТПРАВКА ЛЮБОЙ ФОРМЫ,1
2025-04-02,Промостатья: Моя история 1 / Цена перехода / Ж25-54 / интерес_франшиза,Липецк,ОТПРАВКА ЛЮБОЙ ФОРМЫ,1
2025-04-08,Промостатья: Моя история 1 / Цена перехода / Ж25-54 / интерес_франшиза,Не определено,ОТПРАВКА ЛЮБОЙ ФОРМЫ,1
2025-04-10,Промостатья: Моя история 1 / Цена перехода / Ж25-54 / интерес_франшиза,Не определено,ОТПРАВКА ЛЮБОЙ ФОРМЫ,1
2025-04-10,Промостатья: Моя история 1 / Цена перехода / Ж25-54 / интерес_франшиза,Пермь,ОТПРАВКА ЛЮБОЙ ФОРМЫ,1
2025-04-11,Промостатья: Моя история 1 / Цена перехода / Ж25-54 / интерес_франшиза,Екатеринбург,ОТПРАВКА ЛЮБОЙ ФОРМЫ,1
2025-04-16,Промостатья: Моя история 1 / Цена перехода / Ж25-54 / интерес_франшиза,Ярославль,ОТПРАВКА ЛЮБОЙ ФОРМЫ,1
2025-04-23,Промостатья: Моя история 1 / Цена перехода / Ж25-54 / интерес_франшиза,Воронеж,ОТПРАВКА ЛЮБОЙ ФОРМЫ,1
2025-04-24,Промостатья: Моя история 1 / Цена перехода / Ж25-54 / интерес_франшиза,Тверь,ОТПРАВКА ЛЮБОЙ ФОРМЫ,1
2025-04-25,Промостатья: Моя история 1 / Цена перехода / Ж25-54 / интерес_франшиза,Москва,ОТПРАВКА ЛЮБОЙ ФОРМЫ,1
2025-04-26,Промостатья: Моя история 1 / Цена перехода / Ж25-54 / интерес_франшиза,Москва,ОТПРАВКА ЛЮБОЙ ФОРМЫ,1
2025-04-30,Промостатья: Моя история 1 / Цена перехода / Ж25-54 / интерес_открытие бизнеса,Не определено,ОТПРАВКА ЛЮБОЙ ФОРМЫ,1
2025-04-30,Промостатья: Моя история 1 / Цена перехода / Ж25-54 / интерес_открытие бизнеса,Иркутск,ОТПРАВКА ЛЮБОЙ ФОРМЫ,1
2025-04-30,Промостатья: Моя история 1 / Цена перехода / Ж25-54 / интерес_открытие бизнеса,Казань,ОТПРАВКА ЛЮБОЙ ФОРМЫ,1
2025-04-30,Промостатья: Моя история 1 / Цена перехода / Ж25-54 / интерес_открытие бизнеса,Москва,ОТПРАВКА ЛЮБОЙ ФОРМЫ,1
2025-04-30,Промостатья: Моя история 1 / Цена перехода / Ж25-54 / интерес_открытие бизнеса,Электросталь,ОТПРАВКА ЛЮБОЙ ФОРМЫ,1
2025-04-30,Промостатья: Моя история 1 / Цена перехода / Ж25-54 / интерес_франшиза,Екатеринбург,ОТПРАВКА ЛЮБОЙ ФОРМЫ,1
2025-05-05,Промостатья: Моя история 1 / Цена перехода / Ж25-54 / интерес_открытие бизнеса,Киров,ОТПРАВКА ЛЮБОЙ ФОРМЫ,1
2025-05-06,Промостатья: Моя история 1 / Цена перехода / Ж25-54 / интерес_открытие бизнеса,Новосибирск,ОТПРАВКА ЛЮБОЙ ФОРМЫ,1
2025-05-07,Промостатья: Моя история 1 / Цена перехода / Ж25-54 / интерес_открытие бизнеса,Курск,ОТПРАВКА ЛЮБОЙ ФОРМЫ,1
2025-05-08,Промостатья: Моя история 1 / Цена перехода / Ж25-54 / интерес_открытие бизнеса,Не определено,ОТПРАВКА ЛЮБОЙ ФОРМЫ,1
2025-05-09,Промостатья: Моя история 1 / Цена перехода / Ж25-54 / интерес_открытие бизнеса,Красноярск,ОТПРАВКА ЛЮБОЙ ФОРМЫ,1
2025-05-12,Промостатья: Моя история 1 / Цена перехода / Ж25-54 / интерес_открытие бизнеса,Брянск,ОТПРАВКА ЛЮБОЙ ФОРМЫ,1
2025-05-13,Промостатья: Моя история 1 / Цена перехода / Ж25-54 / интерес_франшиза,Санкт-Петербург,ОТПРАВКА ЛЮБОЙ ФОРМЫ,1
2025-05-14,Промостатья: Моя история 1 / Цена перехода / Ж25-54 / интерес_открытие бизнеса,Екатеринбург,ОТПРАВКА ЛЮБОЙ ФОРМЫ,1
2025-05-14,Промостатья: Моя история 1 / Цена перехода / Ж25-54 / интерес_открытие бизнеса,Красноярск,ОТПРАВКА ЛЮБОЙ ФОРМЫ,1
2025-05-14,Промостатья: Моя история 1 / Цена перехода / Ж25-54 / интерес_открытие бизнеса,Тольятти,ОТПРАВКА ЛЮБОЙ ФОРМЫ,1
2025-05-16,Промостатья: Моя история 1 / Цена перехода / Ж25-54 / интерес_франшиза,Курск,ОТПРАВКА ЛЮБОЙ ФОРМЫ,1
2025-05-22,Промостатья: Моя история 1 / Цена перехода / Ж25-54 / интерес_франшиза,Уфа,ОТПРАВКА ЛЮБОЙ ФОРМЫ,1
2025-05-22,Промостатья: Моя история 1 / Цена перехода / Ж25-54 / интерес_франшиза,Ялта,ОТПРАВКА ЛЮБОЙ ФОРМЫ,1
2025-05-23,Статья: Цифры и факты / Интересы: франшиза (копия),Омск,ОТПРАВКА ЛЮБОЙ ФОРМЫ,1
2025-05-24,Статья: Цифры и факты / Интересы: франшиза (копия),Екатеринбург,ОТПРАВКА ЛЮБОЙ ФОРМЫ,1
2025-05-25,Промостатья: Моя история 1 / Цена перехода / Ж25-54 / интерес_открытие бизнеса,Йошкар-Ола,ОТПРАВКА ЛЮБОЙ ФОРМЫ,1
2025-05-25,Промостатья: Моя история 1 / Цена перехода / Ж25-54 / интерес_франшиза,Не определено,ОТПРАВКА ЛЮБОЙ ФОРМЫ,1
2025-05-26,Промостатья: Моя история 1 / Цена перехода / Ж25-54 / интерес_открытие бизнеса,Нижний Новгород,ОТПРАВКА ЛЮБОЙ ФОРМЫ,1
2025-05-26,Промостатья: Моя история 1 / Цена перехода / Ж25-54 / интерес_франшиза,Не определено,ОТПРАВКА ЛЮБОЙ ФОРМЫ,1
2025-05-26,Промостатья: Моя история 1 / Цена перехода / Ж25-54 / интерес_франшиза,Ижевск,ОТПРАВКА ЛЮБОЙ ФОРМЫ,1
2025-05-27,Промостатья: Моя история 1 / Цена перехода / Ж25-54 / интерес_франшиза,Владивосток,ОТПРАВКА ЛЮБОЙ ФОРМЫ,1
2025-05-27,Промостатья: Моя история 1 / Цена перехода / Ж25-54 / интерес_франшиза,Самара,ОТПРАВКА ЛЮБОЙ ФОРМЫ,1
2025-05-28,Промостатья: Моя история 1 / Цена перехода / Ж25-54 / интерес_открытие бизнеса,Тюмень,ОТПРАВКА ЛЮБОЙ ФОРМЫ,1
2025-05-28,Промостатья: Моя история 1 / Цена перехода / Ж25-54 / интерес_франшиза,Сланцы,ОТПРАВКА ЛЮБОЙ ФОРМЫ,1
2025-05-29,Промостатья: Моя история 1 / Цена перехода / Ж25-54 / интерес_открытие бизнеса,Не определено,ОТПРАВКА ЛЮБОЙ ФОРМЫ,1
2025-05-29,Промостатья: Моя история 1 / Цена перехода / Ж25-54 / интерес_открытие бизнеса,Волгоград,ОТПРАВКА ЛЮБОЙ ФОРМЫ,1
2025-05-29,Промостатья: Моя история 1 / Цена перехода / Ж25-54 / интерес_открытие бизнеса,Саранск,ОТПРАВКА ЛЮБОЙ ФОРМЫ,1
2025-05-29,Промостатья: Моя история 1 / Цена перехода / Ж25-54 / интерес_франшиза,Москва,ОТПРАВКА ЛЮБОЙ ФОРМЫ,1
2025-05-30,Промостатья: Моя история 1 / Цена перехода / Ж25-54 / интерес_открытие бизнеса,Нижний Новгород,ОТПРАВКА ЛЮБОЙ ФОРМЫ,1
2025-05-31,Промостатья: Моя история 1 / Цена перехода / Ж25-54 / интерес_открытие бизнеса,Москва,ОТПРАВКА ЛЮБОЙ ФОРМЫ,1
2025-05-31,Промостатья: Моя история 1 / Цена перехода / Ж25-54 / интерес_франшиза,Не определено,ОТПРАВКА ЛЮБОЙ ФОРМЫ,1
2025-05-31,Промостатья: Моя история 1 / Цена перехода / Ж25-54 / интерес_франшиза,Каспийск,ОТПРАВКА ЛЮБОЙ ФОРМЫ,1
2025-05-31,Промостатья: Моя история 1 / Цена перехода / Ж25-54 / интерес_франшиза,Ростов-на-Дону,ОТПРАВКА ЛЮБОЙ ФОРМЫ,1
2025-05-31,Промостатья: Моя история 1 / Цена перехода / Ж25-54 / интерес_франшиза,Саратов,ОТПРАВКА ЛЮБОЙ ФОРМЫ,1
2025-05-31,Промостатья: Моя история 1 / Цена перехода / Ж25-54 / интерес_франшиза,Якутск,ОТПРАВКА ЛЮБОЙ ФОРМЫ,1
2025-06-01,Промостатья: Моя история 1 / Цена перехода / Ж25-54 / интерес_франшиза,Калининград,ОТПРАВКА ЛЮБОЙ ФОРМЫ,1
2025-06-02,Промостатья: Моя история 1 / Цена перехода / Ж25-54 / интерес_франшиза,Махачкала,ОТПРАВКА ЛЮБОЙ ФОРМЫ,1
2025-06-06,Промостатья: Моя история 1 / Цена перехода / Ж25-54 / интерес_открытие бизнеса,Барнаул,ОТПРАВКА ЛЮБОЙ ФОРМЫ,1
2025-06-10,Статья: Цифры и факты / Интересы: франшиза (копия),Екатеринбург,ОТПРАВКА ЛЮБОЙ ФОРМЫ,1
2025-06-11,Промостатья: Моя история 1 / Цена перехода / Ж25-54 / интерес_франшиза,Екатеринбург,ОТПРАВКА ЛЮБОЙ ФОРМЫ,1
2025-06-11,Промостатья: Моя история 1 / Цена перехода / Ж25-54 / интерес_франшиза,Пенза,ОТПРАВКА ЛЮБОЙ ФОРМЫ,1
2025-06-14,Статья: Цифры и факты / Интересы: франшиза (копия),Астрахань,ОТПРАВКА ЛЮБОЙ ФОРМЫ,1
2025-06-16,Промостатья: Моя история 1 / Цена перехода / Ж25-54 / интерес_франшиза,Майкоп,ОТПРАВКА ЛЮБОЙ ФОРМЫ,1
2025-06-20,Статья: Цифры и факты / Интересы: франшиза (копия),Екатеринбург,ОТПРАВКА ЛЮБОЙ ФОРМЫ,1
2025-06-27,Промостатья: Моя история 1 / Цена перехода / Ж25-54 / интерес_франшиза,Сургут,ОТПРАВКА ЛЮБОЙ ФОРМЫ,1
2025-06-28,Промостатья: Моя история 1 / Цена перехода / Ж25-54 / интерес_открытие бизнеса,Новосибирск,ОТПРАВКА ЛЮБОЙ ФОРМЫ,1
2025-07-25,Промостатья: Моя история 1 / Цена перехода / Ж25-54 / интерес_франшиза / 2507,Не определено,ОТПРАВКА ЛЮБОЙ ФОРМЫ,2
2025-07-05,Промостатья: Моя история 1 / Цена перехода / Ж25-54 / интерес_открытие бизнеса,Не определено,ОТПРАВКА ЛЮБОЙ ФОРМЫ,1
2025-07-07,Промостатья: Моя история 1 / Цена перехода / Ж25-54 / интерес_открытие бизнеса,Не определено,ОТПРАВКА ЛЮБОЙ ФОРМЫ,1
2025-07-07,Промостатья: Моя история 1 / Цена перехода / Ж25-54 / интерес_франшиза,Не определено,ОТПРАВКА ЛЮБОЙ ФОРМЫ,1
2025-07-10,Промостатья: Моя история 1 / Цена перехода / Ж25-54 / интерес_франшиза,Вильнюс,ОТПРАВКА ЛЮБОЙ ФОРМЫ,1
2025-07-11,Промостатья: Моя история 1 / Цена перехода / Ж25-54 / интерес_франшиза,Варшава,ОТПРАВКА ЛЮБОЙ ФОРМЫ,1
2025-07-11,Промостатья: Моя история 1 / Цена перехода / Ж25-54 / интерес_франшиза,Иркутск,ОТПРАВКА ЛЮБОЙ ФОРМЫ,1
2025-07-11,Промостатья: Моя история 1 / Цена перехода / Ж25-54 / интерес_франшиза,Пермь,ОТПРАВКА ЛЮБОЙ ФОРМЫ,1
2025-07-12,Промостатья: Моя история 1 / Цена перехода / Ж25-54 / интерес_франшиза,Не определено,ОТПРАВКА ЛЮБОЙ ФОРМЫ,1
2025-07-22,Промостатья: Моя история 1 / Цена перехода / Ж25-54 / интерес_франшиза / 2507,Иркутск,ОТПРАВКА ЛЮБОЙ ФОРМЫ,1
2025-07-25,Промостатья: Моя история 1 / Цена перехода / Ж25-54 / интерес_франшиза / 2507,Иркутск,ОТПРАВКА ЛЮБОЙ ФОРМЫ,1
2025-07-25,Промостатья: Моя история 1 / Цена перехода / Ж25-54 / интерес_франшиза / 2507,Лениногорск,ОТПРАВКА ЛЮБОЙ ФОРМЫ,1
2025-07-25,Промостатья: Моя история 1 / Цена перехода / Ж25-54 / интерес_франшиза / 2507,Омск,ОТПРАВКА ЛЮБОЙ ФОРМЫ,1
2025-07-25,Промостатья: Моя история 1 / Цена перехода / Ж25-54 / интерес_франшиза / 2507,Санкт-Петербург,ОТПРАВКА ЛЮБОЙ ФОРМЫ,1
2025-07-25,Промостатья: Моя история 1 / Цена перехода / Ж25-54 / интерес_франшиза / 2507,Старый Оскол,ОТПРАВКА ЛЮБОЙ ФОРМЫ,1
2025-07-26,Промостатья: Моя история 1 / Цена перехода / Ж25-54 / интерес_франшиза / 2507,Ростов-на-Дону,ОТПРАВКА ЛЮБОЙ ФОРМЫ,1
2025-07-26,Промостатья: Моя история 1 / Цена перехода / Ж25-54 / интерес_франшиза / 2507,Санкт-Петербург,ОТПРАВКА ЛЮБОЙ ФОРМЫ,1
2025-07-26,Промостатья: Моя история 1 / Цена перехода / Ж25-54 / интерес_франшиза / 2507,Челябинск,ОТПРАВКА ЛЮБОЙ ФОРМЫ,1
2025-07-30,Промостатья: Моя история 1 / Цена перехода / Ж25-54 / интерес_франшиза / 2507,Воронеж,ОТПРАВКА ЛЮБОЙ ФОРМЫ,1
2025-07-30,Промостатья: Моя история 1 / Цена перехода / Ж25-54 / интерес_франшиза / 2507,Туапсе,ОТПРАВКА ЛЮБОЙ ФОРМЫ,1
2025-07-31,Промостатья: Моя история 1 / Цена перехода / Ж25-54 / интерес_франшиза / 2507,Барнаул,ОТПРАВКА ЛЮБОЙ ФОРМЫ,1
2025-07-31,Промостатья: Моя история 1 / Цена перехода / Ж25-54 / интерес_франшиза / 2507,Челябинск,ОТПРАВКА ЛЮБОЙ ФОРМЫ,1
2025-08-18,Промостатья: Моя история 1 / Цена перехода / Ж25-54 / интерес_открытие бизнеса /2507-1 ,Новосибирск,ОТПРАВКА ЛЮБОЙ ФОРМЫ,1
2025-08-22,Промостатья: Моя история 1 / Цена перехода / Ж25-54 / интерес_открытие бизнеса /2507-1 ,Нижний Новгород,ОТПРАВКА ЛЮБОЙ ФОРМЫ,1
2025-08-25,Промостатья: Моя история 1 / Цена перехода / Ж25-54 / интерес_открытие бизнеса /2507-1 ,Рубцовск,ОТПРАВКА ЛЮБОЙ ФОРМЫ,1
2025-08-26,Промостатья: Моя история 1 / Цена перехода / Ж25-54 / интерес_открытие бизнеса /2507-1 ,Бор,ОТПРАВКА ЛЮБОЙ ФОРМЫ,1
2025-08-27,Промостатья: Моя история 1 / Цена перехода / Ж25-54 / интерес_открытие бизнеса,Не определено,ОТПРАВКА ЛЮБОЙ ФОРМЫ,1
2025-08-27,Промостатья: Моя история 1 / Цена перехода / Ж25-54 / интерес_открытие бизнеса,Москва,ОТПРАВКА ЛЮБОЙ ФОРМЫ,1
2025-08-27,Промостатья: Моя история 1 / Цена перехода / Ж25-54 / интерес_открытие бизнеса /2507-1 ,Геленджик,ОТПРАВКА ЛЮБОЙ ФОРМЫ,1
2025-08-28,Промостатья: Моя история 1 / Цена перехода / Ж25-54 / интерес_открытие бизнеса,Москва,ОТПРАВКА ЛЮБОЙ ФОРМЫ,1
2025-08-28,Промостатья: Моя история 1 / Цена перехода / Ж25-54 / интерес_открытие бизнеса,Саратов,ОТПРАВКА ЛЮБОЙ ФОРМЫ,1
2025-09-02,Промостатья: Моя история 1 / Цена перехода / Ж25-54 / интерес_франшиза / 2507,Не определено,ОТПРАВКА ЛЮБОЙ ФОРМЫ,1
2025-09-02,Промостатья: Моя история 1 / Цена перехода / Ж25-54 / интерес_франшиза / 2507,Киров,ОТПРАВКА ЛЮБОЙ ФОРМЫ,1
2025-09-06,Промостатья: Моя история 1 / Цена перехода / Ж25-54 / интерес_открытие бизнеса /2507-1 ,Москва,ОТПРАВКА ЛЮБОЙ ФОРМЫ,1
2025-09-11,Промостатья: Моя история 1 / Цена перехода / Ж25-54 / интерес_франшиза / 2507,Екатеринбург,ОТПРАВКА ЛЮБОЙ ФОРМЫ,1
2025-09-13,Промостатья: Моя история 1 / Цена перехода / Ж25-54 / интерес_открытие бизнеса /2507-1 ,Москва,ОТПРАВКА ЛЮБОЙ ФОРМЫ,1
2025-09-14,Промостатья: Моя история 1 / Цена перехода / Ж25-54 / интерес_открытие бизнеса /2507-1 ,Москва,ОТПРАВКА ЛЮБОЙ ФОРМЫ,1
2025-09-14,Промостатья: Моя история 1 / Цена перехода / Ж25-54 / интерес_франшиза / 2507,Не определено,ОТПРАВКА ЛЮБОЙ ФОРМЫ,1
2025-10-24,Промостатья: Моя история 1 / Цена перехода / Ж25-54 / интерес_франшиза / рся / 2510-1,Семенов,ОТПРАВКА ЛЮБОЙ ФОРМЫ,1
2025-10-29,Промостатья: Моя история 1 / Цена перехода / Ж25-54 / интерес_франшиза / рся / 2510-1,Пермь,ОТПРАВКА ЛЮБОЙ ФОРМЫ,1
2025-11-01,Промостатья: Моя история 1 / Цена перехода / Ж25-54 / интерес_франшиза / рся / 2510-1,Пенза,ОТПРАВКА ЛЮБОЙ ФОРМЫ,1
2025-11-18,Промостатья: Моя история 1 / М 25-54 / интерес_франшиза / рся / #franchise / 2511-1,Санкт-Петербург,ОТПРАВКА ЛЮБОЙ ФОРМЫ,1
2025-11-26,Промостатья: Моя история 1 / Цена перехода / Ж25-54 / интерес_франшиза,Москва,ОТПРАВКА ЛЮБОЙ ФОРМЫ,1
2025-11-30,Промостатья: Моя история 1 / М 25-54 / интерес_франшиза / рся / #franchise / 2511-1,Невинномысск,ОТПРАВКА ЛЮБОЙ ФОРМЫ,1
2025-12-07,Промостатья: Моя история 1 / Ж25-54 / интерес_франшиза / рся / #franchise / 2511-1,Калининград,ОТПРАВКА ЛЮБОЙ ФОРМЫ,1
2025-12-18,Промостатья: рынок и тренды 1 / Ж25-54 / интерес_франшиза / рся / #promo / 2512-1,Валенсия,ОТПРАВКА ЛЮБОЙ ФОРМЫ,1
2025-12-19,Промостатья: рынок и тренды 1 / М/Ж25-54 / интерес_франшиза / рся / #promo / 2512-1,Санкт-Петербург,ОТПРАВКА ЛЮБОЙ ФОРМЫ,1
2025-12-29,Промостатья: рынок и тренды 1 / М/Ж25-54 / интерес_франшиза / рся / #promo / 2512-1,Не определено,ОТПРАВКА ЛЮБОЙ ФОРМЫ,1
2026-03-25,Промостатья: Моя история 1 / Ж 25-54/ интерес_открытие бизнеса / рся / #dzen / 2603-1,Москва,ОТПРАВКА ЛЮБОЙ ФОРМЫ,2
2026-01-01,Промостатья: рынок и тренды 1 / М/Ж25-54 / интерес_открытие бизнеса / рся / #promo / 2512-1,Иркутск,ОТПРАВКА ЛЮБОЙ ФОРМЫ,1
2026-01-05,Промостатья: Моя история 1 / М/Ж 25-54 / интерес_франшиза / рся / #promo,Москва,ОТПРАВКА ЛЮБОЙ ФОРМЫ,1
2026-01-06,Промостатья: Моя история 1 / М/Ж 25-54 / интерес_франшиза / рся / #promo,Москва,ОТПРАВКА ЛЮБОЙ ФОРМЫ,1
2026-01-06,Промостатья: рынок и тренды 1 / М/Ж25-54 / интерес_открытие бизнеса / рся / #promo / 2512-1,Москва,ОТПРАВКА ЛЮБОЙ ФОРМЫ,1
2026-01-09,Промостатья: рынок и тренды 1 / М/Ж25-54 / интерес_франшиза / рся / #promo / 2512-1,Хабаровск,ОТПРАВКА ЛЮБОЙ ФОРМЫ,1
2026-01-10,Промостатья: рынок и тренды 1 / М/Ж25-54 / интерес_франшиза / рся / #promo / 2512-1,Не определено,ОТПРАВКА ЛЮБОЙ ФОРМЫ,1
2026-01-10,Промостатья: рынок и тренды 1 / М/Ж25-54 / интерес_франшиза / рся / #promo / 2512-1,Краснодар,ОТПРАВКА ЛЮБОЙ ФОРМЫ,1
2026-01-16,Промостатья: рынок и тренды 1 / М/Ж25-54 / интерес_франшиза / рся / #promo / 2512-1,Не определено,ОТПРАВКА ЛЮБОЙ ФОРМЫ,1
2026-01-17,Промостатья: рынок и тренды 1 / М/Ж25-54 / интерес_франшиза / рся / #promo / 2512-1,Владимир,ОТПРАВКА ЛЮБОЙ ФОРМЫ,1
2026-01-26,Промостатья: рынок и тренды 1 / М/Ж25-54 / интерес_открытие бизнеса / рся / #promo / 2512-1,Не определено,ОТПРАВКА ЛЮБОЙ ФОРМЫ,1
2026-02-03,Промостатья: Моя история 1 / Ж 25-54 / интерес_франшиза / рся / #dzen,Берлин,ОТПРАВКА ЛЮБОЙ ФОРМЫ,1
2026-02-09,Промостатья: рынок и тренды 1 / М/Ж25-54 / интерес_франшиза / рся / #promo / 2512-1,Иркутск,ОТПРАВКА ЛЮБОЙ ФОРМЫ,1
2026-02-14,Промостатья: рынок и тренды 1 / М/Ж25-54 / интерес_открытие бизнеса / рся / #promo / 2512-1,Евпатория,ОТПРАВКА ЛЮБОЙ ФОРМЫ,1
2026-02-26,Промостатья: Моя история 1 / Ж 25-54 / интерес_франшиза / рся / #dzen / 2602-1,Коломна,ОТПРАВКА ЛЮБОЙ ФОРМЫ,1
2026-02-27,Промостатья: Моя история 1 / Ж 25-54 / интерес_франшиза / рся / #dzen / 2602-1,Владивосток,ОТПРАВКА ЛЮБОЙ ФОРМЫ,1
2026-03-13,Промостатья: Моя история 1 / Ж 25-54 / интерес_франшиза / рся / #dzen / 2602-1,Не определено,ОТПРАВКА ЛЮБОЙ ФОРМЫ,1
2026-03-18,Промостатья: Моя история 1 / Ж 25-54 / интерес_франшиза / рся / #dzen / 2602-1,Владивосток,ОТПРАВКА ЛЮБОЙ ФОРМЫ,1
2026-04-28,Промостатья: Моя история 1 / Ж 25-54/ интерес_открытие бизнеса / рся / #dzen / 2603-1,Не определено,ОТПРАВКА ЛЮБОЙ ФОРМЫ,2
2026-04-15,Промостатья: Моя история 1 / Ж 25-54 / интерес_франшиза / рся / #dzen / 2602-1,Закаменск,ОТПРАВКА ЛЮБОЙ ФОРМЫ,1
2026-04-15,Промостатья: Моя история 1 / Ж 25-54 / интерес_франшиза / рся / #dzen / 2602-1,Москва,ОТПРАВКА ЛЮБОЙ ФОРМЫ,1
2026-04-19,Промостатья: Моя история 1 / Ж 25-54 / интерес_франшиза / рся / #dzen / 2602-1,Челябинск,ОТПРАВКА ЛЮБОЙ ФОРМЫ,1
2026-04-21,Промостатья: рынок и тренды 1 / М25-44 / интерес_франшиза / рся / #dzen / 2603-1,Не определено,ОТПРАВКА ЛЮБОЙ ФОРМЫ,1
2026-04-21,Промостатья: рынок и тренды 1 / М25-44 / интерес_франшиза / рся / #dzen / 2603-1,Краснодар,ОТПРАВКА ЛЮБОЙ ФОРМЫ,1
2026-04-22,Промостатья: рынок и тренды 1 / М25-44 / интерес_франшиза / рся / #dzen / 2603-1,Уфа,ОТПРАВКА ЛЮБОЙ ФОРМЫ,1
2026-04-27,Промостатья: Моя история 1 / Ж 25-54/ интерес_открытие бизнеса / рся / #dzen / 2603-1,Санкт-Петербург,ОТПРАВКА ЛЮБОЙ ФОРМЫ,1
2026-04-28,Промостатья: Моя история 1 / Ж 25-54/ интерес_открытие бизнеса / рся / #dzen / 2603-1,Якутск,ОТПРАВКА ЛЮБОЙ ФОРМЫ,1
2026-05-11,Промостатья: Моя история 1 / Ж 25-54 / интерес_франшиза / рся / #dzen / 2602-1,Не определено,ОТПРАВКА ЛЮБОЙ ФОРМЫ,1
2026-05-11,Промостатья: Моя история 1 / Ж 25-54 / интерес_франшиза / рся / #dzen / 2602-1,Вилючинск,ОТПРАВКА ЛЮБОЙ ФОРМЫ,1
2026-05-15,Промостатья: Моя история 1 / Ж 25-54 / интерес_франшиза / рся / #dzen / 2602-1,Не определено,ОТПРАВКА ЛЮБОЙ ФОРМЫ,1
2026-05-16,Промостатья: Моя история 1 / Ж 25-54 / интерес_франшиза / рся / #dzen / 2602-1,Не определено,ОТПРАВКА ЛЮБОЙ ФОРМЫ,1
2026-05-17,Промостатья: Моя история 1 / Ж 25-54 / интерес_франшиза / рся / #dzen / 2602-1,Не определено,ОТПРАВКА ЛЮБОЙ ФОРМЫ,1
2026-05-20,Промостатья: Моя история 1 / Ж 25-54/ интерес_открытие бизнеса / рся / #dzen / 2603-1,Москва,ОТПРАВКА ЛЮБОЙ ФОРМЫ,1
2026-05-25,Промостатья: Моя история 1 / Ж 25-54/ интерес_открытие бизнеса / рся / #dzen / 2603-1,Ставрополь,ОТПРАВКА ЛЮБОЙ ФОРМЫ,1
2026-05-29,Промостатья: Моя история 1 / Ж 25-54/ интерес_открытие бизнеса / рся / #dzen / 2603-1,Курск,ОТПРАВКА ЛЮБОЙ ФОРМЫ,1
2026-05-31,Промостатья: Моя история 1 / Ж 25-54 / интерес_франшиза / рся / #dzen / 2602-1,Не определено,ОТПРАВКА ЛЮБОЙ ФОРМЫ,1
2026-06-02,Промостатья: Моя история 1 / Ж 25-54 / интерес_франшиза / рся / #dzen / 2602-1,Тверь,ОТПРАВКА ЛЮБОЙ ФОРМЫ,1
2026-06-11,Промостатья: Моя история 1 / Ж 25-54 / интерес_франшиза / рся / #dzen / 2602-1,Белгород,ОТПРАВКА ЛЮБОЙ ФОРМЫ,1
2026-06-15,Промостатья: Моя история 1 / Ж 25-54 / интерес_франшиза / рся / #dzen / 2602-1,Не определено,ОТПРАВКА ЛЮБОЙ ФОРМЫ,1
2026-06-15,Промостатья: Моя история 1 / Ж 25-54 / интерес_франшиза / рся / #dzen / 2602-1,Чита,ОТПРАВКА ЛЮБОЙ ФОРМЫ,1
2026-06-20,Промостатья: рынок и тренды 1 / М25-44 / интерес_франшиза / рся / #dzen / 2603-1,Кореновск,ОТПРАВКА ЛЮБОЙ ФОРМЫ,1
2026-06-29,Промостатья: Моя история 1 / Ж 25-54 / интерес_франшиза / рся / #dzen / 2602-1,Саратов,ОТПРАВКА ЛЮБОЙ ФОРМЫ,1
2026-07-11,Промостатья: Моя история 1 / Ж 25-54 / интерес_франшиза / рся / #dzen / 2602-1,Москва,ОТПРАВКА ЛЮБОЙ ФОРМЫ,2
2026-07-01,Промостатья: Моя история 1 / Ж 25-54 / интерес_франшиза / рся / #dzen / 2602-1,Москва,ОТПРАВКА ЛЮБОЙ ФОРМЫ,1
2026-07-02,Промостатья: рынок и тренды 1 / М25-44 / интерес_франшиза / рся / #dzen / 2603-1,Иркутск,ОТПРАВКА ЛЮБОЙ ФОРМЫ,1
2026-07-17,Промостатья: Моя история 1 / Ж 25-54 / интерес_франшиза / рся / #dzen / 2602-1,Волгоград,ОТПРАВКА ЛЮБОЙ ФОРМЫ,1
2026-07-17,Промостатья: Моя история 1 / Ж 25-54 / интерес_франшиза / рся / #dzen / 2602-1,Саратов,ОТПРАВКА ЛЮБОЙ ФОРМЫ,1
2026-07-20,Промостатья: Моя история 1 / Ж 25-54 / интерес_франшиза / рся / #dzen / 2602-1,Не определено,ОТПРАВКА ЛЮБОЙ ФОРМЫ,1
2026-07-21,Промостатья: Моя история 1 / Ж 25-54 / интерес_франшиза / рся / #dzen / 2602-1,Волгоград,ОТПРАВКА ЛЮБОЙ ФОРМЫ,1
2026-07-22,Промостатья: Моя история 1 / Ж 25-54/ интерес_открытие бизнеса / рся / #dzen / 2603-1,Новосибирск,ОТПРАВКА ЛЮБОЙ ФОРМЫ,1
2026-07-23,Промостатья: Моя история 1 / Ж 25-54 / интерес_франшиза / поиск / #dzen / 2607-1,Новосибирск,ОТПРАВКА ЛЮБОЙ ФОРМЫ,1
2026-07-25,Промостатья: Моя история 1 / Ж 25-54/ интерес_открытие бизнеса / рся / #dzen / 2603-1,Нижний Новгород,ОТПРАВКА ЛЮБОЙ ФОРМЫ,1
2026-07-28,Промостатья: Моя история 1 / Ж 25-54 / интерес_франшиза / рся / #dzen / 2602-1,Не определено,ОТПРАВКА ЛЮБОЙ ФОРМЫ,1
2026-07-29,Промостатья: Моя история 1 / Ж 25-54/ интерес_открытие бизнеса / рся / #dzen / 2603-1,Екатеринбург,ОТПРАВКА ЛЮБОЙ ФОРМЫ,1
2026-07-30,Промостатья: Моя история 1 / Ж 25-54 / интерес_франшиза / рся / #dzen / 2602-1,Не определено,ОТПРАВКА ЛЮБОЙ ФОРМЫ,1
2026-08-09,Промостатья: рынок и тренды 1 / М25-44 / интерес_франшиза / рся / #dzen / 2603-1,Не определено,ОТПРАВКА ЛЮБОЙ ФОРМЫ,1
2026-08-11,Промостатья: Моя история 1 / Ж 25-54/ интерес_открытие бизнеса / рся / #dzen / 2603-1,Черкесск,ОТПРАВКА ЛЮБОЙ ФОРМЫ,1
2026-08-19,Промостатья: рынок и тренды 1 / М25-44 / интерес_франшиза / рся / #dzen / 2603-1,Новосибирск,ОТПРАВКА ЛЮБОЙ ФОРМЫ,1
