Дата визита,UTM Source,Город,Страна,Визиты
2026-01-08,yandex.promopages,Не определено,Россия,42
2026-02-25,yandex.promopages,Не определено,Россия,40
2026-03-25,yandex.promopages,Москва,Россия,36
2026-02-26,yandex.promopages,Не определено,Россия,32
2026-01-29,yandex.promopages,Не определено,Россия,27
2026-03-25,yandex.promopages,Не определено,Россия,27
2026-03-09,yandex.promopages,Не определено,Россия,26
2026-01-07,yandex.promopages,Не определено,Россия,24
2026-02-01,yandex.promopages,Не определено,Россия,24
2026-02-26,yandex.promopages,Москва,Россия,15
2026-01-09,yandex.promopages,Не определено,Россия,14
2026-02-27,yandex.promopages,Не определено,Россия,14
2026-01-28,yandex.promopages,Не определено,Россия,13
2026-01-28,yandex.promopages,Москва,Россия,13
2026-03-09,yandex.promopages,Москва,Россия,13
2026-03-25,yandex.promopages,Санкт-Петербург,Россия,13
2026-01-27,yandex.promopages,Не определено,Россия,12
2026-01-06,yandex.promopages,Не определено,Россия,11
2026-01-26,yandex.promopages,Не определено,Россия,11
2026-02-27,yandex.promopages,Москва,Россия,11
2026-03-26,yandex.promopages,Не определено,Россия,11
2026-01-30,yandex.promopages,Не определено,Россия,10
2026-01-30,yandex.promopages,Москва,Россия,10
2026-01-31,yandex.promopages,Не определено,Россия,10
2026-03-24,yandex.promopages,Не определено,Россия,10
2026-01-07,yandex.promopages,Москва,Россия,9
2026-01-14,yandex.promopages,Не определено,Россия,9
2026-01-31,yandex.promopages,Москва,Россия,9
2026-01-06,yandex.promopages,Москва,Россия,8
2026-02-01,yandex.promopages,Москва,Россия,8
2026-02-25,yandex.promopages,Санкт-Петербург,Россия,8
2026-03-24,yandex.promopages,Москва,Россия,8
2026-01-06,yandex.promopages,Санкт-Петербург,Россия,7
2026-01-10,yandex.promopages,Не определено,Россия,7
2026-02-12,yandex.promopages,Не определено,Россия,7
2026-02-26,yandex.promopages,Новосибирск,Россия,7
2026-03-26,yandex.promopages,Москва,Россия,7
2026-01-09,yandex.promopages,Москва,Россия,6
2026-01-15,yandex.promopages,Не определено,Россия,6
2026-01-27,yandex.promopages,Москва,Россия,6
2026-01-29,yandex.promopages,Москва,Россия,6
2026-02-02,yandex.promopages,Москва,Россия,6
2026-02-26,yandex.promopages,Барнаул,Россия,6
2026-03-25,yandex.promopages,Краснодар,Россия,6
2026-01-07,yandex.promopages,Краснодар,Россия,5
2026-01-07,yandex.promopages,Нижний Новгород,Россия,5
2026-01-08,yandex.promopages,Москва,Россия,5
2026-01-08,yandex.promopages,Санкт-Петербург,Россия,5
2026-01-15,yandex.promopages,Красноярск,Россия,5
2026-01-16,yandex.promopages,Не определено,Россия,5
2026-01-28,yandex.promopages,Санкт-Петербург,Россия,5
2026-01-29,yandex.promopages,Санкт-Петербург,Россия,5
2026-01-31,yandex.promopages,Екатеринбург,Россия,5
2026-02-02,yandex.promopages,Не определено,Россия,5
2026-02-10,yandex.promopages,Не определено,Россия,5
2026-02-25,yandex.promopages,Новосибирск,Россия,5
2026-02-26,yandex.promopages,Красноярск,Россия,5
2026-03-12,yandex.promopages,Не определено,Россия,5
2026-03-25,yandex.promopages,Нижний Новгород,Россия,5
2026-01-06,yandex.promopages,Краснодар,Россия,4
2026-01-08,yandex.promopages,Омск,Россия,4
2026-01-13,yandex.promopages,Не определено,Россия,4
2026-01-14,yandex.promopages,Москва,Россия,4
2026-01-15,yandex.promopages,Москва,Россия,4
2026-01-29,yandex.promopages,Саратов,Россия,4
2026-02-09,yandex.promopages,Не определено,Россия,4
2026-02-24,yandex.promopages,Не определено,Россия,4
2026-02-25,yandex.promopages,Москва,Россия,4
2026-02-26,yandex.promopages,Екатеринбург,Россия,4
2026-02-26,yandex.promopages,Нижний Новгород,Россия,4
2026-03-09,yandex.promopages,Санкт-Петербург,Россия,4
2026-03-11,yandex.promopages,Москва,Россия,4
2026-03-12,yandex.promopages,Москва,Россия,4
2026-03-25,yandex.promopages,Екатеринбург,Россия,4
2026-03-25,yandex.promopages,Новосибирск,Россия,4
2026-03-25,yandex.promopages,Саратов,Россия,4
2026-03-26,yandex.promopages,Екатеринбург,Россия,4
2026-01-06,yandex.promopages,Владимир,Россия,3
2026-01-06,yandex.promopages,Самара,Россия,3
2026-01-07,yandex.promopages,Тверь,Россия,3
2026-01-08,yandex.promopages,Краснодар,Россия,3
2026-01-08,yandex.promopages,Самара,Россия,3
2026-01-12,yandex.promopages,Липецк,Россия,3
2026-01-15,yandex.promopages,Санкт-Петербург,Россия,3
2026-01-27,yandex.promopages,Ростов-на-Дону,Россия,3
2026-01-27,yandex.promopages,Самара,Россия,3
2026-01-28,yandex.promopages,Саратов,Россия,3
2026-01-28,yandex.promopages,Тула,Россия,3
2026-01-29,yandex.promopages,Екатеринбург,Россия,3
2026-01-29,yandex.promopages,Сочи,Россия,3
2026-01-30,yandex.promopages,Новосибирск,Россия,3
2026-02-01,yandex.promopages,Ростов-на-Дону,Россия,3
2026-02-01,yandex.promopages,Санкт-Петербург,Россия,3
2026-02-03,yandex.promopages,Не определено,Россия,3
2026-02-03,yandex.promopages,Москва,Россия,3
2026-02-03,yandex.promopages,Санкт-Петербург,Россия,3
2026-02-11,yandex.promopages,Великий Новгород,Россия,3
2026-02-13,yandex.promopages,Не определено,Россия,3
2026-02-17,yandex.promopages,Уфа,Россия,3
2026-02-25,yandex.promopages,Барнаул,Россия,3
2026-02-25,yandex.promopages,Батайск,Россия,3
2026-02-25,yandex.promopages,Волгоград,Россия,3
2026-02-25,yandex.promopages,Екатеринбург,Россия,3
2026-02-25,yandex.promopages,Пермь,Россия,3
2026-02-25,yandex.promopages,Тверь,Россия,3
2026-02-26,yandex.promopages,Воронеж,Россия,3
2026-02-26,yandex.promopages,Пермь,Россия,3
2026-02-26,yandex.promopages,Ростов-на-Дону,Россия,3
2026-02-26,yandex.promopages,Санкт-Петербург,Россия,3
2026-02-27,yandex.promopages,Александров,Россия,3
2026-03-11,yandex.promopages,Не определено,Россия,3
2026-03-18,yandex.promopages,Владивосток,Россия,3
2026-03-25,yandex.promopages,Владимир,Россия,3
2026-01-04,yandex.promopages,Не определено,Россия,2
2026-01-06,yandex.promopages,Белгород,Россия,2
2026-01-06,yandex.promopages,Иркутск,Россия,2
2026-01-06,yandex.promopages,Новосибирск,Россия,2
2026-01-06,yandex.promopages,Тамбов,Россия,2
2026-01-06,yandex.promopages,Ульяновск,Россия,2
2026-01-07,yandex.promopages,Воронеж,Россия,2
2026-01-07,yandex.promopages,Екатеринбург,Россия,2
2026-01-07,yandex.promopages,Казань,Россия,2
2026-01-07,yandex.promopages,Ростов-на-Дону,Россия,2
2026-01-07,yandex.promopages,Самара,Россия,2
2026-01-07,yandex.promopages,Саратов,Россия,2
2026-01-07,yandex.promopages,Сургут,Россия,2
2026-01-08,yandex.promopages,Екатеринбург,Россия,2
2026-01-08,yandex.promopages,Нижний Новгород,Россия,2
2026-01-08,yandex.promopages,Старый Оскол,Россия,2
2026-01-08,yandex.promopages,Ульяновск,Россия,2
2026-01-08,yandex.promopages,Чита,Россия,2
2026-01-09,yandex.promopages,Великий Новгород,Россия,2
2026-01-09,yandex.promopages,Казань,Россия,2
2026-01-09,yandex.promopages,Нижний Новгород,Россия,2
2026-01-09,yandex.promopages,Омск,Россия,2
2026-01-12,yandex.promopages,Не определено,Россия,2
2026-01-13,yandex.promopages,Москва,Россия,2
2026-01-14,yandex.promopages,Краснодар,Россия,2
2026-01-14,yandex.promopages,Липецк,Россия,2
2026-01-14,yandex.promopages,Ростов-на-Дону,Россия,2
2026-01-14,yandex.promopages,Саратов,Россия,2
2026-01-14,yandex.promopages,Тюмень,Россия,2
2026-01-15,yandex.promopages,Воронеж,Россия,2
2026-01-25,yandex.promopages,Не определено,Россия,2
2026-01-27,yandex.promopages,Краснодар,Россия,2
2026-01-27,yandex.promopages,Новосибирск,Россия,2
2026-01-28,yandex.promopages,Екатеринбург,Россия,2
2026-01-28,yandex.promopages,Краснодар,Россия,2
2026-01-28,yandex.promopages,Липецк,Россия,2
2026-01-28,yandex.promopages,Ростов-на-Дону,Россия,2
2026-01-29,yandex.promopages,Калининград,Россия,2
2026-01-29,yandex.promopages,Калуга,Россия,2
2026-01-29,yandex.promopages,Липецк,Россия,2
2026-01-29,yandex.promopages,Ростов-на-Дону,Россия,2
2026-01-29,yandex.promopages,Самара,Россия,2
2026-01-29,yandex.promopages,Тамбов,Россия,2
2026-01-29,yandex.promopages,Тверь,Россия,2
2026-01-29,yandex.promopages,Уфа,Россия,2
2026-01-30,yandex.promopages,Липецк,Россия,2
2026-01-30,yandex.promopages,Нижний Новгород,Россия,2
2026-01-30,yandex.promopages,Санкт-Петербург,Россия,2
2026-01-30,yandex.promopages,Тула,Россия,2
2026-01-30,yandex.promopages,Челябинск,Россия,2
2026-01-31,yandex.promopages,Краснодар,Россия,2
2026-01-31,yandex.promopages,Красноярск,Россия,2
2026-01-31,yandex.promopages,Уфа,Россия,2
2026-02-01,yandex.promopages,Воронеж,Россия,2
2026-02-01,yandex.promopages,Новосибирск,Россия,2
2026-02-01,yandex.promopages,Тверь,Россия,2
2026-02-02,yandex.promopages,Абакан,Россия,2
2026-02-02,yandex.promopages,Ярославль,Россия,2
2026-02-03,yandex.promopages,Красноярск,Россия,2
2026-02-04,yandex.promopages,Липецк,Россия,2
2026-02-04,yandex.promopages,Нижний Новгород,Россия,2
2026-02-05,yandex.promopages,Ставрополь,Россия,2
2026-02-06,yandex.promopages,Москва,Россия,2
2026-02-09,yandex.promopages,Иркутск,Россия,2
2026-02-09,yandex.promopages,Липецк,Россия,2
2026-02-09,yandex.promopages,Самара,Россия,2
2026-02-12,yandex.promopages,Омск,Россия,2
2026-02-13,yandex.promopages,Ярославль,Россия,2
2026-02-25,yandex.promopages,Казань,Россия,2
2026-02-25,yandex.promopages,Краснодар,Россия,2
2026-02-25,yandex.promopages,Липецк,Россия,2
2026-02-25,yandex.promopages,Омск,Россия,2
2026-02-25,yandex.promopages,Пенза,Россия,2
2026-02-25,yandex.promopages,Ростов-на-Дону,Россия,2
2026-02-25,yandex.promopages,Самара,Россия,2
2026-02-25,yandex.promopages,Тюмень,Россия,2
2026-02-26,yandex.promopages,Владивосток,Россия,2
2026-02-26,yandex.promopages,Дзержинск,Россия,2
2026-02-26,yandex.promopages,Иркутск,Россия,2
2026-02-26,yandex.promopages,Краснодар,Россия,2
2026-02-26,yandex.promopages,Омск,Россия,2
2026-02-26,yandex.promopages,Оренбург,Россия,2
2026-02-26,yandex.promopages,Пенза,Россия,2
2026-02-26,yandex.promopages,Самара,Россия,2
2026-02-26,yandex.promopages,Тамбов,Россия,2
2026-02-26,yandex.promopages,Уфа,Россия,2
2026-02-26,yandex.promopages,Хабаровск,Россия,2
2026-02-26,yandex.promopages,Челябинск,Россия,2
2026-02-27,yandex.promopages,Абакан,Россия,2
2026-02-27,yandex.promopages,Владивосток,Россия,2
2026-02-27,yandex.promopages,Новосибирск,Россия,2
2026-02-27,yandex.promopages,Ростов-на-Дону,Россия,2
2026-02-27,yandex.promopages,Санкт-Петербург,Россия,2
2026-02-27,yandex.promopages,Тверь,Россия,2
2026-03-09,yandex.promopages,Екатеринбург,Россия,2
2026-03-09,yandex.promopages,Красноярск,Россия,2
2026-03-09,yandex.promopages,Новосибирск,Россия,2
2026-03-09,yandex.promopages,Пермь,Россия,2
2026-03-09,yandex.promopages,Тверь,Россия,2
2026-03-10,yandex.promopages,Не определено,Россия,2
2026-03-12,yandex.promopages,Воронеж,Россия,2
2026-03-12,yandex.promopages,Краснодар,Россия,2
2026-03-12,yandex.promopages,Красноярск,Россия,2
2026-03-12,yandex.promopages,Новосибирск,Россия,2
2026-03-12,yandex.promopages,Тюмень,Россия,2
2026-03-24,yandex.promopages,Санкт-Петербург,Россия,2
2026-03-25,yandex.promopages,Барнаул,Россия,2
2026-03-25,yandex.promopages,Белгород,Россия,2
2026-03-25,yandex.promopages,Благовещенск,Россия,2
2026-03-25,yandex.promopages,Волгоград,Россия,2
2026-03-25,yandex.promopages,Зерноград,Россия,2
2026-03-25,yandex.promopages,Калининград,Россия,2
2026-03-25,yandex.promopages,Кемерово,Россия,2
2026-03-25,yandex.promopages,Красноярск,Россия,2
2026-03-25,yandex.promopages,Курск,Россия,2
2026-03-25,yandex.promopages,Липецк,Россия,2
2026-03-25,yandex.promopages,Омск,Россия,2
2026-03-25,yandex.promopages,Ростов-на-Дону,Россия,2
2026-03-25,yandex.promopages,Ставрополь,Россия,2
2026-03-25,yandex.promopages,Сургут,Россия,2
2026-03-25,yandex.promopages,Тамбов,Россия,2
2026-03-25,yandex.promopages,Хабаровск,Россия,2
2026-03-26,yandex.promopages,Рязань,Россия,2
2026-03-26,yandex.promopages,Самара,Россия,2
2026-03-27,yandex.promopages,Не определено,Россия,2
2026-01-01,yandex.promopages,Не определено,Россия,1
2026-01-01,yandex.promopages,Архангельск,Россия,1
2026-01-01,yandex.promopages,Иркутск,Россия,1
2026-01-03,yandex.promopages,Не определено,Россия,1
2026-01-04,yandex.promopages,Екатеринбург,Россия,1
2026-01-04,yandex.promopages,Саратов,Россия,1
2026-01-05,yandex.promopages,Не определено,Россия,1
2026-01-05,yandex.promopages,Вологда,Россия,1
2026-01-05,yandex.promopages,Кстово,Россия,1
2026-01-05,yandex.promopages,Москва,Россия,1
2026-01-05,yandex.promopages,Ростов-на-Дону,Россия,1
2026-01-06,yandex.promopages,Астрахань,Россия,1
2026-01-06,yandex.promopages,Балаково,Россия,1
2026-01-06,yandex.promopages,Волгоград,Россия,1
2026-01-06,yandex.promopages,Воронеж,Россия,1
2026-01-06,yandex.promopages,Екатеринбург,Россия,1
2026-01-06,yandex.promopages,Ижевск,Россия,1
2026-01-06,yandex.promopages,Кемерово,Россия,1
2026-01-06,yandex.promopages,Липецк,Россия,1
2026-01-06,yandex.promopages,Людиново,Россия,1
2026-01-06,yandex.promopages,Нижний Новгород,Россия,1
2026-01-06,yandex.promopages,Омск,Россия,1
2026-01-06,yandex.promopages,Прокопьевск,Россия,1
2026-01-06,yandex.promopages,Рязань,Россия,1
2026-01-06,yandex.promopages,Севастополь,Россия,1
2026-01-06,yandex.promopages,Смоленск,Россия,1
2026-01-06,yandex.promopages,Сочи,Россия,1
2026-01-06,yandex.promopages,Ставрополь,Россия,1
2026-01-06,yandex.promopages,Тверь,Россия,1
2026-01-06,yandex.promopages,Уфа,Россия,1
2026-01-06,yandex.promopages,Феодосия,Россия,1
2026-01-06,yandex.promopages,Хабаровск,Россия,1
2026-01-06,yandex.promopages,Химки,Россия,1
2026-01-06,yandex.promopages,Челябинск,Россия,1
2026-01-06,yandex.promopages,Щёлково,Россия,1
2026-01-07,yandex.promopages,Барнаул,Россия,1
2026-01-07,yandex.promopages,Владимир,Россия,1
2026-01-07,yandex.promopages,Иркутск,Россия,1
2026-01-07,yandex.promopages,Кызыл,Россия,1
2026-01-07,yandex.promopages,Махачкала,Россия,1
2026-01-07,yandex.promopages,Нальчик,Россия,1
2026-01-07,yandex.promopages,Норильск,Россия,1
2026-01-07,yandex.promopages,Омск,Россия,1
2026-01-07,yandex.promopages,Пенза,Россия,1
2026-01-07,yandex.promopages,Пятигорск,Россия,1
2026-01-07,yandex.promopages,Санкт-Петербург,Россия,1
2026-01-07,yandex.promopages,Симферополь,Россия,1
2026-01-07,yandex.promopages,Сосновоборск,Россия,1
2026-01-07,yandex.promopages,Сочи,Россия,1
2026-01-07,yandex.promopages,Сыктывкар,Россия,1
2026-01-07,yandex.promopages,Тула,Россия,1
2026-01-07,yandex.promopages,Тюмень,Россия,1
2026-01-07,yandex.promopages,Химки,Россия,1
2026-01-07,yandex.promopages,Челябинск,Россия,1
2026-01-07,yandex.promopages,Шахты,Россия,1
2026-01-08,yandex.promopages,Не определено,Армения,1
2026-01-08,yandex.promopages,Азов,Россия,1
2026-01-08,yandex.promopages,Барнаул,Россия,1
2026-01-08,yandex.promopages,Бишкек,Кыргызстан,1
2026-01-08,yandex.promopages,Брянск,Россия,1
2026-01-08,yandex.promopages,Владимир,Россия,1
2026-01-08,yandex.promopages,Вологда,Россия,1
2026-01-08,yandex.promopages,Гулькевичи,Россия,1
2026-01-08,yandex.promopages,Донской,Россия,1
2026-01-08,yandex.promopages,Железногорск,Россия,1
2026-01-08,yandex.promopages,Иркутск,Россия,1
2026-01-08,yandex.promopages,Казань,Россия,1
2026-01-08,yandex.promopages,Калининград,Россия,1
2026-01-08,yandex.promopages,Калуга,Россия,1
2026-01-08,yandex.promopages,Муром,Россия,1
2026-01-08,yandex.promopages,Новосибирск,Россия,1
2026-01-08,yandex.promopages,Норильск,Россия,1
2026-01-08,yandex.promopages,Пермь,Россия,1
2026-01-08,yandex.promopages,Подольск,Россия,1
2026-01-08,yandex.promopages,Приморско-Ахтарск,Россия,1
2026-01-08,yandex.promopages,Прокопьевск,Россия,1
2026-01-08,yandex.promopages,Ростов-на-Дону,Россия,1
2026-01-08,yandex.promopages,Рыбинск,Россия,1
2026-01-08,yandex.promopages,Саратов,Россия,1
2026-01-08,yandex.promopages,Смоленск,Россия,1
2026-01-08,yandex.promopages,Тверь,Россия,1
2026-01-08,yandex.promopages,Томск,Россия,1
2026-01-08,yandex.promopages,Щёлково,Россия,1
2026-01-09,yandex.promopages,Барнаул,Россия,1
2026-01-09,yandex.promopages,Братск,Россия,1
2026-01-09,yandex.promopages,Витебск,Беларусь,1
2026-01-09,yandex.promopages,Владимир,Россия,1
2026-01-09,yandex.promopages,Красноярск,Россия,1
2026-01-09,yandex.promopages,Новосибирск,Россия,1
2026-01-09,yandex.promopages,Оренбург,Россия,1
2026-01-09,yandex.promopages,Санкт-Петербург,Россия,1
2026-01-09,yandex.promopages,Смоленск,Россия,1
2026-01-09,yandex.promopages,Сочи,Россия,1
2026-01-09,yandex.promopages,Ставрополь,Россия,1
2026-01-09,yandex.promopages,Тверь,Россия,1
2026-01-09,yandex.promopages,Улан-Удэ,Россия,1
2026-01-09,yandex.promopages,Хабаровск,Россия,1
2026-01-09,yandex.promopages,Чебоксары,Россия,1
2026-01-09,yandex.promopages,Челябинск,Россия,1
2026-01-10,yandex.promopages,Арзамас,Россия,1
2026-01-10,yandex.promopages,Архангельск,Россия,1
2026-01-10,yandex.promopages,Краснодар,Россия,1
2026-01-10,yandex.promopages,Москва,Россия,1
2026-01-10,yandex.promopages,Пенза,Россия,1
2026-01-10,yandex.promopages,Ставрополь,Россия,1
2026-01-10,yandex.promopages,Черкесск,Россия,1
2026-01-11,yandex.promopages,Не определено,Не определено,1
2026-01-11,yandex.promopages,Не определено,Россия,1
2026-01-11,yandex.promopages,Екатеринбург,Россия,1
2026-01-11,yandex.promopages,Казань,Россия,1
2026-01-11,yandex.promopages,Москва,Россия,1
2026-01-11,yandex.promopages,Санкт-Петербург,Россия,1
2026-01-11,yandex.promopages,Чита,Россия,1
2026-01-12,yandex.promopages,Волгоград,Россия,1
2026-01-12,yandex.promopages,Новосибирск,Россия,1
2026-01-13,yandex.promopages,Екатеринбург,Россия,1
2026-01-13,yandex.promopages,Железногорск,Россия,1
2026-01-13,yandex.promopages,Липецк,Россия,1
2026-01-13,yandex.promopages,Новосибирск,Россия,1
2026-01-13,yandex.promopages,Орёл,Россия,1
2026-01-13,yandex.promopages,Пермь,Россия,1
2026-01-13,yandex.promopages,Петровск,Россия,1
2026-01-13,yandex.promopages,Псков,Россия,1
2026-01-13,yandex.promopages,Тверь,Россия,1
2026-01-13,yandex.promopages,Тюмень,Россия,1
2026-01-14,yandex.promopages,Архангельск,Россия,1
2026-01-14,yandex.promopages,Барнаул,Россия,1
2026-01-14,yandex.promopages,Висбаден,Германия,1
2026-01-14,yandex.promopages,Воронеж,Россия,1
2026-01-14,yandex.promopages,Екатеринбург,Россия,1
2026-01-14,yandex.promopages,Королёв,Россия,1
2026-01-14,yandex.promopages,Красноярск,Россия,1
2026-01-14,yandex.promopages,Мурманск,Россия,1
2026-01-14,yandex.promopages,Подольск,Россия,1
2026-01-14,yandex.promopages,Рязань,Россия,1
2026-01-14,yandex.promopages,Саранск,Россия,1
2026-01-14,yandex.promopages,Симферополь,Россия,1
2026-01-14,yandex.promopages,Скопин,Россия,1
2026-01-14,yandex.promopages,Сокол,Россия,1
2026-01-14,yandex.promopages,Тверь,Россия,1
2026-01-14,yandex.promopages,Томск,Россия,1
2026-01-14,yandex.promopages,Ульяновск,Россия,1
2026-01-14,yandex.promopages,Челябинск,Россия,1
2026-01-14,yandex.promopages,Якутск,Россия,1
2026-01-15,yandex.promopages,Ангарск,Россия,1
2026-01-15,yandex.promopages,Балаково,Россия,1
2026-01-15,yandex.promopages,Екатеринбург,Россия,1
2026-01-15,yandex.promopages,Краснодар,Россия,1
2026-01-15,yandex.promopages,Липецк,Россия,1
2026-01-15,yandex.promopages,Михайловск,Россия,1
2026-01-15,yandex.promopages,Нижний Новгород,Россия,1
2026-01-15,yandex.promopages,Ставрополь,Россия,1
2026-01-15,yandex.promopages,Череповец,Россия,1
2026-01-15,yandex.promopages,Ярославль,Россия,1
2026-01-16,yandex.promopages,Грязи,Россия,1
2026-01-16,yandex.promopages,Нефтеюганск,Россия,1
2026-01-16,yandex.promopages,Нижний Новгород,Россия,1
2026-01-16,yandex.promopages,Новосибирск,Россия,1
2026-01-16,yandex.promopages,Омск,Россия,1
2026-01-16,yandex.promopages,Оренбург,Россия,1
2026-01-16,yandex.promopages,Пенза,Россия,1
2026-01-16,yandex.promopages,Санкт-Петербург,Россия,1
2026-01-16,yandex.promopages,Саратов,Россия,1
2026-01-16,yandex.promopages,Уфа,Россия,1
2026-01-16,yandex.promopages,Ярославль,Россия,1
2026-01-17,yandex.promopages,Не определено,Россия,1
2026-01-17,yandex.promopages,Владимир,Россия,1
2026-01-17,yandex.promopages,Москва,Россия,1
2026-01-17,yandex.promopages,Нижний Новгород,Россия,1
2026-01-18,yandex.promopages,Не определено,Россия,1
2026-01-19,yandex.promopages,Не определено,Россия,1
2026-01-19,yandex.promopages,Казань,Россия,1
2026-01-19,yandex.promopages,Липецк,Россия,1
2026-01-20,yandex.promopages,Не определено,Россия,1
2026-01-20,yandex.promopages,Липецк,Россия,1
2026-01-21,yandex.promopages,Не определено,Россия,1
2026-01-21,yandex.promopages,Киров,Россия,1
2026-01-21,yandex.promopages,Липецк,Россия,1
2026-01-22,yandex.promopages,Липецк,Россия,1
2026-01-23,yandex.promopages,Не определено,Россия,1
2026-01-23,yandex.promopages,Воронеж,Россия,1
2026-01-23,yandex.promopages,Липецк,Россия,1
2026-01-24,yandex.promopages,Не определено,Россия,1
2026-01-24,yandex.promopages,Берёзовский,Россия,1
2026-01-24,yandex.promopages,Краснодар,Россия,1
2026-01-24,yandex.promopages,Ростов-на-Дону,Россия,1
2026-01-24,yandex.promopages,Самара,Россия,1
2026-01-24,yandex.promopages,Сочи,Россия,1
2026-01-24,yandex.promopages,Ставрополь,Россия,1
2026-01-24,yandex.promopages,Ульяновск,Россия,1
2026-01-25,yandex.promopages,Екатеринбург,Россия,1
2026-01-25,yandex.promopages,Железногорск,Россия,1
2026-01-25,yandex.promopages,Иркутск,Россия,1
2026-01-25,yandex.promopages,Красноярск,Россия,1
2026-01-25,yandex.promopages,Москва,Россия,1
2026-01-25,yandex.promopages,Самара,Россия,1
2026-01-25,yandex.promopages,Саратов,Россия,1
2026-01-25,yandex.promopages,Учалы,Россия,1
2026-01-26,yandex.promopages,Благовещенск,Россия,1
2026-01-26,yandex.promopages,Грязи,Россия,1
2026-01-26,yandex.promopages,Казань,Россия,1
2026-01-26,yandex.promopages,Краснодар,Россия,1
2026-01-26,yandex.promopages,Липецк,Россия,1
2026-01-26,yandex.promopages,Новокузнецк,Россия,1
2026-01-26,yandex.promopages,Нягань,Россия,1
2026-01-26,yandex.promopages,Пермь,Россия,1
2026-01-26,yandex.promopages,Петропавловск-Камчатский,Россия,1
2026-01-26,yandex.promopages,Ростов-на-Дону,Россия,1
2026-01-26,yandex.promopages,Рязань,Россия,1
2026-01-26,yandex.promopages,Санкт-Петербург,Россия,1
2026-01-26,yandex.promopages,Тула,Россия,1
2026-01-26,yandex.promopages,Хотьково,Россия,1
2026-01-26,yandex.promopages,Челябинск,Россия,1
2026-01-27,yandex.promopages,Брянск,Россия,1
2026-01-27,yandex.promopages,Владимир,Россия,1
2026-01-27,yandex.promopages,Волгоград,Россия,1
2026-01-27,yandex.promopages,Георгиевск,Россия,1
2026-01-27,yandex.promopages,Десногорск,Россия,1
2026-01-27,yandex.promopages,Екатеринбург,Россия,1
2026-01-27,yandex.promopages,Иркутск,Россия,1
2026-01-27,yandex.promopages,Кемерово,Россия,1
2026-01-27,yandex.promopages,Киров,Россия,1
2026-01-27,yandex.promopages,Курган,Россия,1
2026-01-27,yandex.promopages,Кызыл,Россия,1
2026-01-27,yandex.promopages,Липецк,Россия,1
2026-01-27,yandex.promopages,Люберцы,Россия,1
2026-01-27,yandex.promopages,Мытищи,Россия,1
2026-01-27,yandex.promopages,Нижний Новгород,Россия,1
2026-01-27,yandex.promopages,Новый Уренгой,Россия,1
2026-01-27,yandex.promopages,Прокопьевск,Россия,1
2026-01-27,yandex.promopages,Санкт-Петербург,Россия,1
2026-01-27,yandex.promopages,Саратов,Россия,1
2026-01-27,yandex.promopages,Стерлитамак,Россия,1
2026-01-27,yandex.promopages,Томск,Россия,1
2026-01-27,yandex.promopages,Челябинск,Россия,1
2026-01-28,yandex.promopages,Абакан,Россия,1
2026-01-28,yandex.promopages,Астрахань,Россия,1
2026-01-28,yandex.promopages,Барнаул,Россия,1
2026-01-28,yandex.promopages,Благовещенск,Россия,1
2026-01-28,yandex.promopages,Владимир,Россия,1
2026-01-28,yandex.promopages,Джанкой,Россия,1
2026-01-28,yandex.promopages,Дзержинск,Россия,1
2026-01-28,yandex.promopages,Домодедово,Россия,1
2026-01-28,yandex.promopages,Ижевск,Россия,1
2026-01-28,yandex.promopages,Калуга,Россия,1
2026-01-28,yandex.promopages,Комсомольск-на-Амуре,Россия,1
2026-01-28,yandex.promopages,Кострома,Россия,1
2026-01-28,yandex.promopages,Муром,Россия,1
2026-01-28,yandex.promopages,Нальчик,Россия,1
2026-01-28,yandex.promopages,Новоаннинский,Россия,1
2026-01-28,yandex.promopages,Новосибирск,Россия,1
2026-01-28,yandex.promopages,Омск,Россия,1
2026-01-28,yandex.promopages,Орёл,Россия,1
2026-01-28,yandex.promopages,Подольск,Россия,1
2026-01-28,yandex.promopages,Пятигорск,Россия,1
2026-01-28,yandex.promopages,Саранск,Россия,1
2026-01-28,yandex.promopages,Севастополь,Россия,1
2026-01-28,yandex.promopages,Ставрополь,Россия,1
2026-01-28,yandex.promopages,Сургут,Россия,1
2026-01-28,yandex.promopages,Сызрань,Россия,1
2026-01-28,yandex.promopages,Тамбов,Россия,1
2026-01-28,yandex.promopages,Тверь,Россия,1
2026-01-28,yandex.promopages,Томск,Россия,1
2026-01-28,yandex.promopages,Ульяновск,Россия,1
2026-01-28,yandex.promopages,Химки,Россия,1
2026-01-28,yandex.promopages,Череповец,Россия,1
2026-01-29,yandex.promopages,Астрахань,Россия,1
2026-01-29,yandex.promopages,Барнаул,Россия,1
2026-01-29,yandex.promopages,Белорецк,Россия,1
2026-01-29,yandex.promopages,Бийск,Россия,1
2026-01-29,yandex.promopages,Владимир,Россия,1
2026-01-29,yandex.promopages,Волжский,Россия,1
2026-01-29,yandex.promopages,Вытегра,Россия,1
2026-01-29,yandex.promopages,Гурьевск,Россия,1
2026-01-29,yandex.promopages,Дзержинский,Россия,1
2026-01-29,yandex.promopages,Иркутск,Россия,1
2026-01-29,yandex.promopages,Казань,Россия,1
2026-01-29,yandex.promopages,Кизляр,Россия,1
2026-01-29,yandex.promopages,Краснодар,Россия,1
2026-01-29,yandex.promopages,Красноярск,Россия,1
2026-01-29,yandex.promopages,Красный Сулин,Россия,1
2026-01-29,yandex.promopages,Междуреченск,Россия,1
2026-01-29,yandex.promopages,Мурино,Россия,1
2026-01-29,yandex.promopages,Наро-Фоминск,Россия,1
2026-01-29,yandex.promopages,Нижний Новгород,Россия,1
2026-01-29,yandex.promopages,Новосибирск,Россия,1
2026-01-29,yandex.promopages,Октябрьский,Россия,1
2026-01-29,yandex.promopages,Омск,Россия,1
2026-01-29,yandex.promopages,Севастополь,Россия,1
2026-01-29,yandex.promopages,Сертолово,Россия,1
2026-01-29,yandex.promopages,Симферополь,Россия,1
2026-01-29,yandex.promopages,Смоленск,Россия,1
2026-01-29,yandex.promopages,Сургут,Россия,1
2026-01-29,yandex.promopages,Тюмень,Россия,1
2026-01-29,yandex.promopages,Хабаровск,Россия,1
2026-01-29,yandex.promopages,Челябинск,Россия,1
2026-01-30,yandex.promopages,Не определено,Беларусь,1
2026-01-30,yandex.promopages,Абакан,Россия,1
2026-01-30,yandex.promopages,Барнаул,Россия,1
2026-01-30,yandex.promopages,Белово,Россия,1
2026-01-30,yandex.promopages,Борисоглебск,Россия,1
2026-01-30,yandex.promopages,Владимир,Россия,1
2026-01-30,yandex.promopages,Волгоград,Россия,1
2026-01-30,yandex.promopages,Вологда,Россия,1
2026-01-30,yandex.promopages,Горно-Алтайск,Россия,1
2026-01-30,yandex.promopages,Железногорск,Россия,1
2026-01-30,yandex.promopages,Краснодар,Россия,1
2026-01-30,yandex.promopages,Красноярск,Россия,1
2026-01-30,yandex.promopages,Пенза,Россия,1
2026-01-30,yandex.promopages,Петропавловск-Камчатский,Россия,1
2026-01-30,yandex.promopages,Ростов-на-Дону,Россия,1
2026-01-30,yandex.promopages,Сочи,Россия,1
2026-01-30,yandex.promopages,Тольятти,Россия,1
2026-01-30,yandex.promopages,Энгельс,Россия,1
2026-01-31,yandex.promopages,Всеволожск,Россия,1
2026-01-31,yandex.promopages,Заречный,Россия,1
2026-01-31,yandex.promopages,Иваново,Россия,1
2026-01-31,yandex.promopages,Казань,Россия,1
2026-01-31,yandex.promopages,Кемерово,Россия,1
2026-01-31,yandex.promopages,Ковров,Россия,1
2026-01-31,yandex.promopages,Мурино,Россия,1
2026-01-31,yandex.promopages,Мурманск,Россия,1
2026-01-31,yandex.promopages,Новосибирск,Россия,1
2026-01-31,yandex.promopages,Одинцово,Россия,1
2026-01-31,yandex.promopages,Омск,Россия,1
2026-01-31,yandex.promopages,Петрозаводск,Россия,1
2026-01-31,yandex.promopages,Ростов-на-Дону,Россия,1
2026-01-31,yandex.promopages,Самара,Россия,1
2026-01-31,yandex.promopages,Саратов,Россия,1
2026-01-31,yandex.promopages,Ставрополь,Россия,1
2026-01-31,yandex.promopages,Тамбов,Россия,1
2026-01-31,yandex.promopages,Тверь,Россия,1
2026-01-31,yandex.promopages,Улан-Удэ,Россия,1
2026-01-31,yandex.promopages,Ульяновск,Россия,1
2026-02-01,yandex.promopages,Абакан,Россия,1
2026-02-01,yandex.promopages,Евпатория,Россия,1
2026-02-01,yandex.promopages,Ижевск,Россия,1
2026-02-01,yandex.promopages,Казань,Россия,1
2026-02-01,yandex.promopages,Красноярск,Россия,1
2026-02-01,yandex.promopages,Кстово,Россия,1
2026-02-01,yandex.promopages,Липецк,Россия,1
2026-02-01,yandex.promopages,Муром,Россия,1
2026-02-01,yandex.promopages,Орёл,Россия,1
2026-02-01,yandex.promopages,Пермь,Россия,1
2026-02-01,yandex.promopages,Рязань,Россия,1
2026-02-01,yandex.promopages,Севастополь,Россия,1
2026-02-01,yandex.promopages,Старый Оскол,Россия,1
2026-02-01,yandex.promopages,Туапсе,Россия,1
2026-02-01,yandex.promopages,Ухта,Россия,1
2026-02-01,yandex.promopages,Чебоксары,Россия,1
2026-02-01,yandex.promopages,Якутск,Россия,1
2026-02-02,yandex.promopages,Белгород,Россия,1
2026-02-02,yandex.promopages,Брянск,Россия,1
2026-02-02,yandex.promopages,Долгопрудный,Россия,1
2026-02-02,yandex.promopages,Ивантеевка,Россия,1
2026-02-02,yandex.promopages,Калининград,Россия,1
2026-02-02,yandex.promopages,Кемерово,Россия,1
2026-02-02,yandex.promopages,Липецк,Россия,1
2026-02-02,yandex.promopages,Набережные Челны,Россия,1
2026-02-02,yandex.promopages,Норильск,Россия,1
2026-02-02,yandex.promopages,Ростов-на-Дону,Россия,1
2026-02-02,yandex.promopages,Севастополь,Россия,1
2026-02-02,yandex.promopages,Ставрополь,Россия,1
2026-02-02,yandex.promopages,Тверь,Россия,1
2026-02-02,yandex.promopages,Тольятти,Россия,1
2026-02-02,yandex.promopages,Уфа,Россия,1
2026-02-02,yandex.promopages,Чебоксары,Россия,1
2026-02-03,yandex.promopages,Абакан,Россия,1
2026-02-03,yandex.promopages,Александров,Россия,1
2026-02-03,yandex.promopages,Берлин,Германия,1
2026-02-03,yandex.promopages,Брянск,Россия,1
2026-02-03,yandex.promopages,Владивосток,Россия,1
2026-02-03,yandex.promopages,Волгоград,Россия,1
2026-02-03,yandex.promopages,Губкин,Россия,1
2026-02-03,yandex.promopages,Иркутск,Россия,1
2026-02-03,yandex.promopages,Йошкар-Ола,Россия,1
2026-02-03,yandex.promopages,Краснодар,Россия,1
2026-02-03,yandex.promopages,Липецк,Россия,1
2026-02-03,yandex.promopages,Набережные Челны,Россия,1
2026-02-03,yandex.promopages,Ростов-на-Дону,Россия,1
2026-02-03,yandex.promopages,Самара,Россия,1
2026-02-03,yandex.promopages,Сарапул,Россия,1
2026-02-03,yandex.promopages,Саратов,Россия,1
2026-02-03,yandex.promopages,Смоленск,Россия,1
2026-02-03,yandex.promopages,Ставрополь,Россия,1
2026-02-03,yandex.promopages,Старый Оскол,Россия,1
2026-02-03,yandex.promopages,Уфа,Россия,1
2026-02-03,yandex.promopages,Щёлково,Россия,1
2026-02-04,yandex.promopages,Киров,Россия,1
2026-02-04,yandex.promopages,Петропавловск-Камчатский,Россия,1
2026-02-04,yandex.promopages,Санкт-Петербург,Россия,1
2026-02-04,yandex.promopages,Томск,Россия,1
2026-02-05,yandex.promopages,Не определено,Германия,1
2026-02-05,yandex.promopages,Ковров,Россия,1
2026-02-05,yandex.promopages,Липецк,Россия,1
2026-02-05,yandex.promopages,Самара,Россия,1
2026-02-05,yandex.promopages,Санкт-Петербург,Россия,1
2026-02-06,yandex.promopages,Липецк,Россия,1
2026-02-07,yandex.promopages,Краснодар,Россия,1
2026-02-08,yandex.promopages,Не определено,Россия,1
2026-02-08,yandex.promopages,Йошкар-Ола,Россия,1
2026-02-08,yandex.promopages,Москва,Россия,1
2026-02-09,yandex.promopages,Арзамас,Россия,1
2026-02-09,yandex.promopages,Москва,Россия,1
2026-02-09,yandex.promopages,Новокузнецк,Россия,1
2026-02-09,yandex.promopages,Ставрополь,Россия,1
2026-02-09,yandex.promopages,Энгельс,Россия,1
2026-02-10,yandex.promopages,Киров,Россия,1
2026-02-10,yandex.promopages,Краснодар,Россия,1
2026-02-10,yandex.promopages,Липецк,Россия,1
2026-02-10,yandex.promopages,Новосибирск,Россия,1
2026-02-11,yandex.promopages,Батайск,Россия,1
2026-02-11,yandex.promopages,Липецк,Россия,1
2026-02-11,yandex.promopages,Ростов-на-Дону,Россия,1
2026-02-11,yandex.promopages,Челябинск,Россия,1
2026-02-12,yandex.promopages,Барнаул,Россия,1
2026-02-12,yandex.promopages,Воронеж,Россия,1
2026-02-12,yandex.promopages,Киров,Россия,1
2026-02-12,yandex.promopages,Кострома,Россия,1
2026-02-12,yandex.promopages,Липецк,Россия,1
2026-02-12,yandex.promopages,Рязань,Россия,1
2026-02-12,yandex.promopages,Тула,Россия,1
2026-02-12,yandex.promopages,Южно-Сахалинск,Россия,1
2026-02-13,yandex.promopages,Воронеж,Россия,1
2026-02-13,yandex.promopages,Котельники,Россия,1
2026-02-13,yandex.promopages,Липецк,Россия,1
2026-02-14,yandex.promopages,Евпатория,Россия,1
2026-02-14,yandex.promopages,Иркутск,Россия,1
2026-02-14,yandex.promopages,Санкт-Петербург,Россия,1
2026-02-15,yandex.promopages,Ставрополь,Россия,1
2026-02-16,yandex.promopages,Не определено,Россия,1
2026-02-16,yandex.promopages,Липецк,Россия,1
2026-02-16,yandex.promopages,Уфа,Россия,1
2026-02-17,yandex.promopages,Гусь-Хрустальный,Россия,1
2026-02-17,yandex.promopages,Липецк,Россия,1
2026-02-17,yandex.promopages,Нижний Новгород,Россия,1
2026-02-17,yandex.promopages,Новосибирск,Россия,1
2026-02-17,yandex.promopages,Новочеркасск,Россия,1
2026-02-17,yandex.promopages,Омск,Россия,1
2026-02-17,yandex.promopages,Ставрополь,Россия,1
2026-02-17,yandex.promopages,Якутск,Россия,1
2026-02-18,yandex.promopages,Липецк,Россия,1
2026-02-18,yandex.promopages,Ставрополь,Россия,1
2026-02-19,yandex.promopages,Липецк,Россия,1
2026-02-20,yandex.promopages,Владимир,Россия,1
2026-02-20,yandex.promopages,Москва,Россия,1
2026-02-25,yandex.promopages,Астрахань,Россия,1
2026-02-25,yandex.promopages,Великий Устюг,Россия,1
2026-02-25,yandex.promopages,Воронеж,Россия,1
2026-02-25,yandex.promopages,Вязьма,Россия,1
2026-02-25,yandex.promopages,Голицыно,Россия,1
2026-02-25,yandex.promopages,Домодедово,Россия,1
2026-02-25,yandex.promopages,Златоуст,Россия,1
2026-02-25,yandex.promopages,Ижевск,Россия,1
2026-02-25,yandex.promopages,Калуга,Россия,1
2026-02-25,yandex.promopages,Красноярск,Россия,1
2026-02-25,yandex.promopages,Кузнецк,Россия,1
2026-02-25,yandex.promopages,Курган,Россия,1
2026-02-25,yandex.promopages,Курск,Россия,1
2026-02-25,yandex.promopages,Лобня,Россия,1
2026-02-25,yandex.promopages,Луховицы,Россия,1
2026-02-25,yandex.promopages,Нефтекамск,Россия,1
2026-02-25,yandex.promopages,Нижний Тагил,Россия,1
2026-02-25,yandex.promopages,Новокузнецк,Россия,1
2026-02-25,yandex.promopages,Новотроицк,Россия,1
2026-02-25,yandex.promopages,Оренбург,Россия,1
2026-02-25,yandex.promopages,Орёл,Россия,1
2026-02-25,yandex.promopages,Рыбинск,Россия,1
2026-02-25,yandex.promopages,Саранск,Россия,1
2026-02-25,yandex.promopages,Саратов,Россия,1
2026-02-25,yandex.promopages,Сасово,Россия,1
2026-02-25,yandex.promopages,Северодвинск,Россия,1
2026-02-25,yandex.promopages,Ставрополь,Россия,1
2026-02-25,yandex.promopages,Сургут,Россия,1
2026-02-25,yandex.promopages,Сыктывкар,Россия,1
2026-02-25,yandex.promopages,Тамбов,Россия,1
2026-02-25,yandex.promopages,Ульяновск,Россия,1
2026-02-25,yandex.promopages,Уфа,Россия,1
2026-02-25,yandex.promopages,Челябинск,Россия,1
2026-02-25,yandex.promopages,Чита,Россия,1
2026-02-25,yandex.promopages,Южно-Сахалинск,Россия,1
2026-02-25,yandex.promopages,Ялта,Россия,1
2026-02-25,yandex.promopages,Ярославль,Россия,1
2026-02-26,yandex.promopages,Алексин,Россия,1
2026-02-26,yandex.promopages,Армавир,Россия,1
2026-02-26,yandex.promopages,Архангельск,Россия,1
2026-02-26,yandex.promopages,Белгород,Россия,1
2026-02-26,yandex.promopages,Белоозерский,Россия,1
2026-02-26,yandex.promopages,Брянск,Россия,1
2026-02-26,yandex.promopages,Великий Новгород,Россия,1
2026-02-26,yandex.promopages,Вольск,Россия,1
2026-02-26,yandex.promopages,Егорьевск,Россия,1
2026-02-26,yandex.promopages,Елец,Россия,1
2026-02-26,yandex.promopages,Ижевск,Россия,1
2026-02-26,yandex.promopages,Йошкар-Ола,Россия,1
2026-02-26,yandex.promopages,Казань,Россия,1
2026-02-26,yandex.promopages,Калуга,Россия,1
2026-02-26,yandex.promopages,Кемерово,Россия,1
2026-02-26,yandex.promopages,Кисловодск,Россия,1
2026-02-26,yandex.promopages,Кишинев,Молдова,1
2026-02-26,yandex.promopages,Ковров,Россия,1
2026-02-26,yandex.promopages,Коломна,Россия,1
2026-02-26,yandex.promopages,Курск,Россия,1
2026-02-26,yandex.promopages,Курчатов,Россия,1
2026-02-26,yandex.promopages,Кыштым,Россия,1
2026-02-26,yandex.promopages,Липецк,Россия,1
2026-02-26,yandex.promopages,Нестеров,Россия,1
2026-02-26,yandex.promopages,Новокузнецк,Россия,1
2026-02-26,yandex.promopages,Новороссийск,Россия,1
2026-02-26,yandex.promopages,Новоуральск,Россия,1
2026-02-26,yandex.promopages,Обнинск,Россия,1
2026-02-26,yandex.promopages,Петрозаводск,Россия,1
2026-02-26,yandex.promopages,Саранск,Россия,1
2026-02-26,yandex.promopages,Тверь,Россия,1
2026-02-26,yandex.promopages,Тольятти,Россия,1
2026-02-26,yandex.promopages,Тула,Россия,1
2026-02-26,yandex.promopages,Усть-Илимск,Россия,1
2026-02-26,yandex.promopages,Чита,Россия,1
2026-02-26,yandex.promopages,Энгельс,Россия,1
2026-02-27,yandex.promopages,Не определено,Германия,1
2026-02-27,yandex.promopages,Великий Новгород,Россия,1
2026-02-27,yandex.promopages,Вологда,Россия,1
2026-02-27,yandex.promopages,Горно-Алтайск,Россия,1
2026-02-27,yandex.promopages,Екатеринбург,Россия,1
2026-02-27,yandex.promopages,Ижевск,Россия,1
2026-02-27,yandex.promopages,Калуга,Россия,1
2026-02-27,yandex.promopages,Краснодар,Россия,1
2026-02-27,yandex.promopages,Нижневартовск,Россия,1
2026-02-27,yandex.promopages,Пермь,Россия,1
2026-02-27,yandex.promopages,Петрозаводск,Россия,1
2026-02-27,yandex.promopages,Ростов,Россия,1
2026-02-27,yandex.promopages,Сокол,Россия,1
2026-02-27,yandex.promopages,Сосновый Бор,Россия,1
2026-02-27,yandex.promopages,Ставрополь,Россия,1
2026-02-27,yandex.promopages,Тула,Россия,1
2026-02-27,yandex.promopages,Тюмень,Россия,1
2026-02-27,yandex.promopages,Уфа,Россия,1
2026-02-27,yandex.promopages,Хабаровск,Россия,1
2026-02-27,yandex.promopages,Электросталь,Россия,1
2026-02-27,yandex.promopages,Якутск,Россия,1
2026-02-28,yandex.promopages,Новосибирск,Россия,1
2026-02-28,yandex.promopages,Ставрополь,Россия,1
2026-03-02,yandex.promopages,Не определено,Россия,1
2026-03-02,yandex.promopages,Ростов-на-Дону,Россия,1
2026-03-03,yandex.promopages,Ставрополь,Россия,1
2026-03-09,yandex.promopages,Анжеро-Судженск,Россия,1
2026-03-09,yandex.promopages,Астрахань,Россия,1
2026-03-09,yandex.promopages,Белгород,Россия,1
2026-03-09,yandex.promopages,Братск,Россия,1
2026-03-09,yandex.promopages,Брянск,Россия,1
2026-03-09,yandex.promopages,Видное,Россия,1
2026-03-09,yandex.promopages,Ижевск,Россия,1
2026-03-09,yandex.promopages,Иркутск,Россия,1
2026-03-09,yandex.promopages,Казань,Россия,1
2026-03-09,yandex.promopages,Калтан,Россия,1
2026-03-09,yandex.promopages,Калуга,Россия,1
2026-03-09,yandex.promopages,Киров,Россия,1
2026-03-09,yandex.promopages,Коломна,Россия,1
2026-03-09,yandex.promopages,Ленинск-Кузнецкий,Россия,1
2026-03-09,yandex.promopages,Липецк,Россия,1
2026-03-09,yandex.promopages,Нижний Новгород,Россия,1
2026-03-09,yandex.promopages,Омск,Россия,1
2026-03-09,yandex.promopages,Полысаево,Россия,1
2026-03-09,yandex.promopages,Ростов-на-Дону,Россия,1
2026-03-09,yandex.promopages,Рубцовск,Россия,1
2026-03-09,yandex.promopages,Самара,Россия,1
2026-03-09,yandex.promopages,Ставрополь,Россия,1
2026-03-09,yandex.promopages,Тольятти,Россия,1
2026-03-09,yandex.promopages,Тюмень,Россия,1
2026-03-09,yandex.promopages,Уфа,Россия,1
2026-03-09,yandex.promopages,Феодосия,Россия,1
2026-03-09,yandex.promopages,Хабаровск,Россия,1
2026-03-09,yandex.promopages,Челябинск,Россия,1
2026-03-09,yandex.promopages,Чита,Россия,1
2026-03-11,yandex.promopages,Калининград,Россия,1
2026-03-11,yandex.promopages,Краснодар,Россия,1
2026-03-11,yandex.promopages,Нижний Новгород,Россия,1
2026-03-11,yandex.promopages,Омск,Россия,1
2026-03-11,yandex.promopages,Самара,Россия,1
2026-03-12,yandex.promopages,Владимир,Россия,1
2026-03-12,yandex.promopages,Екатеринбург,Россия,1
2026-03-12,yandex.promopages,Зеленокумск,Россия,1
2026-03-12,yandex.promopages,Иваново,Россия,1
2026-03-12,yandex.promopages,Кемерово,Россия,1
2026-03-12,yandex.promopages,Котельнич,Россия,1
2026-03-12,yandex.promopages,Нижний Новгород,Россия,1
2026-03-12,yandex.promopages,Омск,Россия,1
2026-03-12,yandex.promopages,Оренбург,Россия,1
2026-03-12,yandex.promopages,Рязань,Россия,1
2026-03-12,yandex.promopages,Санкт-Петербург,Россия,1
2026-03-12,yandex.promopages,Саранск,Россия,1
2026-03-12,yandex.promopages,Саратов,Россия,1
2026-03-12,yandex.promopages,Ставрополь,Россия,1
2026-03-12,yandex.promopages,Ульяновск,Россия,1
2026-03-12,yandex.promopages,Уфа,Россия,1
2026-03-12,yandex.promopages,Чита,Россия,1
2026-03-13,yandex.promopages,Не определено,Россия,1
2026-03-13,yandex.promopages,Москва,Россия,1
2026-03-13,yandex.promopages,Смоленск,Россия,1
2026-03-13,yandex.promopages,Ялта,Россия,1
2026-03-14,yandex.promopages,Не определено,Россия,1
2026-03-16,yandex.promopages,Не определено,Россия,1
2026-03-17,yandex.promopages,Не определено,Россия,1
2026-03-17,yandex.promopages,Воронеж,Россия,1
2026-03-17,yandex.promopages,Курск,Россия,1
2026-03-18,yandex.promopages,Ростов-на-Дону,Россия,1
2026-03-18,yandex.promopages,Тамбов,Россия,1
2026-03-23,yandex.promopages,Не определено,Россия,1
2026-03-24,yandex.promopages,Благовещенск,Россия,1
2026-03-24,yandex.promopages,Брянск,Россия,1
2026-03-24,yandex.promopages,Воронеж,Россия,1
2026-03-24,yandex.promopages,Грязи,Россия,1
2026-03-24,yandex.promopages,Димитровград,Россия,1
2026-03-24,yandex.promopages,Екатеринбург,Россия,1
2026-03-24,yandex.promopages,Курск,Россия,1
2026-03-24,yandex.promopages,Новочебоксарск,Россия,1
2026-03-24,yandex.promopages,Пятигорск,Россия,1
2026-03-24,yandex.promopages,Ростов-на-Дону,Россия,1
2026-03-24,yandex.promopages,Самара,Россия,1
2026-03-24,yandex.promopages,Томск,Россия,1
2026-03-24,yandex.promopages,Уфа,Россия,1
2026-03-24,yandex.promopages,Якутск,Россия,1
2026-03-25,yandex.promopages,Не определено,Великобритания,1
2026-03-25,yandex.promopages,Не определено,Канада,1
2026-03-25,yandex.promopages,Абакан,Россия,1
2026-03-25,yandex.promopages,Амстердам,Нидерланды,1
2026-03-25,yandex.promopages,Апшеронск,Россия,1
2026-03-25,yandex.promopages,Астрахань,Россия,1
2026-03-25,yandex.promopages,Великие Луки,Россия,1
2026-03-25,yandex.promopages,Великий Новгород,Россия,1
2026-03-25,yandex.promopages,Верещагино,Россия,1
2026-03-25,yandex.promopages,Владикавказ,Россия,1
2026-03-25,yandex.promopages,Домодедово,Россия,1
2026-03-25,yandex.promopages,Железногорск,Россия,1
2026-03-25,yandex.promopages,Иваново,Россия,1
2026-03-25,yandex.promopages,Ижевск,Россия,1
2026-03-25,yandex.promopages,Истра,Россия,1
2026-03-25,yandex.promopages,Королёв,Россия,1
2026-03-25,yandex.promopages,Краснознаменск,Россия,1
2026-03-25,yandex.promopages,Лиски,Россия,1
2026-03-25,yandex.promopages,Магнитогорск,Россия,1
2026-03-25,yandex.promopages,Нальчик,Россия,1
2026-03-25,yandex.promopages,Нижневартовск,Россия,1
2026-03-25,yandex.promopages,Нижний Тагил,Россия,1
2026-03-25,yandex.promopages,Новая Ляля,Россия,1
2026-03-25,yandex.promopages,Нягань,Россия,1
2026-03-25,yandex.promopages,Оренбург,Россия,1
2026-03-25,yandex.promopages,Орёл,Россия,1
2026-03-25,yandex.promopages,Пермь,Россия,1
2026-03-25,yandex.promopages,Петрозаводск,Россия,1
2026-03-25,yandex.promopages,Ржев,Россия,1
2026-03-25,yandex.promopages,Рубцовск,Россия,1
2026-03-25,yandex.promopages,Рыбинск,Россия,1
2026-03-25,yandex.promopages,Рязань,Россия,1
2026-03-25,yandex.promopages,Самара,Россия,1
2026-03-25,yandex.promopages,Севастополь,Россия,1
2026-03-25,yandex.promopages,Симферополь,Россия,1
2026-03-25,yandex.promopages,Солнечногорск,Россия,1
2026-03-25,yandex.promopages,Стрежевой,Россия,1
2026-03-25,yandex.promopages,Улан-Удэ,Россия,1
2026-03-25,yandex.promopages,Ульяновск,Россия,1
2026-03-25,yandex.promopages,Уфа,Россия,1
2026-03-25,yandex.promopages,Ханты-Мансийск,Россия,1
2026-03-25,yandex.promopages,Чебоксары,Россия,1
2026-03-26,yandex.promopages,Алексин,Россия,1
2026-03-26,yandex.promopages,Алушта,Россия,1
2026-03-26,yandex.promopages,Ангарск,Россия,1
2026-03-26,yandex.promopages,Белгород,Россия,1
2026-03-26,yandex.promopages,Белогорск,Россия,1
2026-03-26,yandex.promopages,Владивосток,Россия,1
2026-03-26,yandex.promopages,Волгоград,Россия,1
2026-03-26,yandex.promopages,Воронеж,Россия,1
2026-03-26,yandex.promopages,Краснодар,Россия,1
2026-03-26,yandex.promopages,Мурманск,Россия,1
2026-03-26,yandex.promopages,Нижний Новгород,Россия,1
2026-03-26,yandex.promopages,Новокузнецк,Россия,1
2026-03-26,yandex.promopages,Новосибирск,Россия,1
2026-03-26,yandex.promopages,Омск,Россия,1
2026-03-26,yandex.promopages,Ростов-на-Дону,Россия,1
2026-03-26,yandex.promopages,Санкт-Петербург,Россия,1
2026-03-26,yandex.promopages,Таганрог,Россия,1
2026-03-26,yandex.promopages,Тверь,Россия,1
2026-03-26,yandex.promopages,Челябинск,Россия,1
2026-03-26,yandex.promopages,Якутск,Россия,1
2026-03-27,yandex.promopages,Иркутск,Россия,1
2026-03-27,yandex.promopages,Кемерово,Россия,1
2026-03-27,yandex.promopages,Москва,Россия,1
2026-03-27,yandex.promopages,Омск,Россия,1
2026-03-29,yandex.promopages,Череповец,Россия,1
2026-04-21,yandex.promopages,Не определено,Россия,55
2026-04-27,yandex.promopages,Не определено,Россия,47
2026-04-26,yandex.promopages,Не определено,Россия,35
2026-04-28,yandex.promopages,Не определено,Россия,34
2026-04-25,yandex.promopages,Не определено,Россия,27
2026-04-21,yandex.promopages,Москва,Россия,24
2026-04-27,yandex.promopages,Москва,Россия,21
2026-04-15,yandex.promopages,Не определено,Россия,19
2026-05-29,yandex.promopages,Не определено,Россия,19
2026-04-15,yandex.promopages,Москва,Россия,15
2026-04-25,yandex.promopages,Москва,Россия,14
2026-05-28,yandex.promopages,Не определено,Россия,14
2026-04-28,yandex.promopages,Москва,Россия,13
2026-04-21,yandex.promopages,Санкт-Петербург,Россия,12
2026-04-26,yandex.promopages,Москва,Россия,10
2026-04-27,yandex.promopages,Санкт-Петербург,Россия,10
2026-04-21,yandex.promopages,Самара,Россия,8
2026-04-21,yandex.promopages,Уфа,Россия,8
2026-06-01,yandex.promopages,Не определено,Россия,8
2026-04-21,yandex.promopages,Екатеринбург,Россия,7
2026-04-21,yandex.promopages,Ростов-на-Дону,Россия,7
2026-04-26,yandex.promopages,Симферополь,Россия,7
2026-04-28,yandex.promopages,Нижний Новгород,Россия,7
2026-04-16,yandex.promopages,Не определено,Россия,6
2026-04-17,yandex.promopages,Не определено,Россия,6
2026-04-27,yandex.promopages,Новосибирск,Россия,6
2026-04-28,yandex.promopages,Санкт-Петербург,Россия,6
2026-05-22,yandex.promopages,Не определено,Россия,6
2026-06-01,yandex.promopages,Москва,Россия,6
2026-04-15,yandex.promopages,Екатеринбург,Россия,5
2026-04-21,yandex.promopages,Краснодар,Россия,5
2026-04-21,yandex.promopages,Новокузнецк,Россия,5
2026-04-25,yandex.promopages,Симферополь,Россия,5
2026-04-29,yandex.promopages,Симферополь,Россия,5
2026-05-29,yandex.promopages,Москва,Россия,5
2026-05-31,yandex.promopages,Не определено,Россия,5
2026-06-16,yandex.promopages,Не определено,Россия,5
2026-06-28,yandex.promopages,Не определено,Россия,5
2026-04-17,yandex.promopages,Москва,Россия,4
2026-04-17,yandex.promopages,Самара,Россия,4
2026-04-21,yandex.promopages,Владивосток,Россия,4
2026-04-21,yandex.promopages,Нижний Новгород,Россия,4
2026-04-21,yandex.promopages,Новосибирск,Россия,4
2026-04-21,yandex.promopages,Ульяновск,Россия,4
2026-04-24,yandex.promopages,Не определено,Россия,4
2026-04-25,yandex.promopages,Волгоград,Россия,4
2026-04-25,yandex.promopages,Пенза,Россия,4
2026-04-26,yandex.promopages,Ростов-на-Дону,Россия,4
2026-04-27,yandex.promopages,Брянск,Россия,4
2026-04-27,yandex.promopages,Омск,Россия,4
2026-04-27,yandex.promopages,Самара,Россия,4
2026-04-27,yandex.promopages,Уфа,Россия,4
2026-04-28,yandex.promopages,Брянск,Россия,4
2026-04-28,yandex.promopages,Екатеринбург,Россия,4
2026-04-30,yandex.promopages,Симферополь,Россия,4
2026-05-20,yandex.promopages,Не определено,Россия,4
2026-05-20,yandex.promopages,Москва,Россия,4
2026-05-21,yandex.promopages,Не определено,Россия,4
2026-05-23,yandex.promopages,Не определено,Россия,4
2026-05-24,yandex.promopages,Не определено,Россия,4
2026-05-25,yandex.promopages,Не определено,Россия,4
2026-05-27,yandex.promopages,Не определено,Россия,4
2026-05-28,yandex.promopages,Москва,Россия,4
2026-06-15,yandex.promopages,Москва,Россия,4
2026-06-25,yandex.promopages,Не определено,Россия,4
2026-04-14,yandex.promopages,Не определено,Россия,3
2026-04-15,yandex.promopages,Краснодар,Россия,3
2026-04-16,yandex.promopages,Москва,Россия,3
2026-04-16,yandex.promopages,Самара,Россия,3
2026-04-21,yandex.promopages,Волгоград,Россия,3
2026-04-21,yandex.promopages,Казань,Россия,3
2026-04-21,yandex.promopages,Пермь,Россия,3
2026-04-21,yandex.promopages,Челябинск,Россия,3
2026-04-21,yandex.promopages,Чита,Россия,3
2026-04-22,yandex.promopages,Не определено,Россия,3
2026-04-24,yandex.promopages,Москва,Россия,3
2026-04-25,yandex.promopages,Новосибирск,Россия,3
2026-04-25,yandex.promopages,Ростов-на-Дону,Россия,3
2026-04-25,yandex.promopages,Тверь,Россия,3
2026-04-26,yandex.promopages,Екатеринбург,Россия,3
2026-04-26,yandex.promopages,Киров,Россия,3
2026-04-26,yandex.promopages,Краснодар,Россия,3
2026-04-26,yandex.promopages,Тула,Россия,3
2026-04-26,yandex.promopages,Ульяновск,Россия,3
2026-04-27,yandex.promopages,Екатеринбург,Россия,3
2026-04-27,yandex.promopages,Ростов-на-Дону,Россия,3
2026-04-27,yandex.promopages,Саранск,Россия,3
2026-04-27,yandex.promopages,Ставрополь,Россия,3
2026-04-27,yandex.promopages,Тула,Россия,3
2026-04-27,yandex.promopages,Чита,Россия,3
2026-04-28,yandex.promopages,Барнаул,Россия,3
2026-04-28,yandex.promopages,Симферополь,Россия,3
2026-04-28,yandex.promopages,Тольятти,Россия,3
2026-05-23,yandex.promopages,Москва,Россия,3
2026-05-28,yandex.promopages,Екатеринбург,Россия,3
2026-05-29,yandex.promopages,Севастополь,Россия,3
2026-05-30,yandex.promopages,Не определено,Россия,3
2026-06-15,yandex.promopages,Не определено,Россия,3
2026-06-16,yandex.promopages,Москва,Россия,3
2026-06-25,yandex.promopages,Москва,Россия,3
2026-06-29,yandex.promopages,Не определено,Россия,3
2026-04-14,yandex.promopages,Санкт-Петербург,Россия,2
2026-04-15,yandex.promopages,Архангельск,Россия,2
2026-04-15,yandex.promopages,Воронеж,Россия,2
2026-04-15,yandex.promopages,Красноярск,Россия,2
2026-04-15,yandex.promopages,Пермь,Россия,2
2026-04-15,yandex.promopages,Самара,Россия,2
2026-04-15,yandex.promopages,Санкт-Петербург,Россия,2
2026-04-15,yandex.promopages,Саранск,Россия,2
2026-04-15,yandex.promopages,Туймазы,Россия,2
2026-04-15,yandex.promopages,Чебоксары,Россия,2
2026-04-19,yandex.promopages,Не определено,Россия,2
2026-04-21,yandex.promopages,Амстердам,Нидерланды,2
2026-04-21,yandex.promopages,Барнаул,Россия,2
2026-04-21,yandex.promopages,Воронеж,Россия,2
2026-04-21,yandex.promopages,Нальчик,Россия,2
2026-04-21,yandex.promopages,Пенза,Россия,2
2026-04-21,yandex.promopages,Ставрополь,Россия,2
2026-04-24,yandex.promopages,Ростов-на-Дону,Россия,2
2026-04-24,yandex.promopages,Санкт-Петербург,Россия,2
2026-04-25,yandex.promopages,Барнаул,Россия,2
2026-04-25,yandex.promopages,Ижевск,Россия,2
2026-04-25,yandex.promopages,Иркутск,Россия,2
2026-04-25,yandex.promopages,Казань,Россия,2
2026-04-25,yandex.promopages,Киров,Россия,2
2026-04-25,yandex.promopages,Краснодар,Россия,2
2026-04-25,yandex.promopages,Кызыл,Россия,2
2026-04-25,yandex.promopages,Нижний Новгород,Россия,2
2026-04-25,yandex.promopages,Санкт-Петербург,Россия,2
2026-04-25,yandex.promopages,Ставрополь,Россия,2
2026-04-25,yandex.promopages,Чебоксары,Россия,2
2026-04-26,yandex.promopages,Воронеж,Россия,2
2026-04-26,yandex.promopages,Иркутск,Россия,2
2026-04-26,yandex.promopages,Санкт-Петербург,Россия,2
2026-04-26,yandex.promopages,Севастополь,Россия,2
2026-04-26,yandex.promopages,Чебоксары,Россия,2
2026-04-27,yandex.promopages,Не определено,США,2
2026-04-27,yandex.promopages,Владивосток,Россия,2
2026-04-27,yandex.promopages,Волгоград,Россия,2
2026-04-27,yandex.promopages,Воронеж,Россия,2
2026-04-27,yandex.promopages,Железногорск,Россия,2
2026-04-27,yandex.promopages,Казань,Россия,2
2026-04-27,yandex.promopages,Калуга,Россия,2
2026-04-27,yandex.promopages,Кемерово,Россия,2
2026-04-27,yandex.promopages,Киров,Россия,2
2026-04-27,yandex.promopages,Ковров,Россия,2
2026-04-27,yandex.promopages,Красноярск,Россия,2
2026-04-27,yandex.promopages,Нальчик,Россия,2
2026-04-27,yandex.promopages,Нижний Новгород,Россия,2
2026-04-27,yandex.promopages,Саратов,Россия,2
2026-04-27,yandex.promopages,Симферополь,Россия,2
2026-04-27,yandex.promopages,Тверь,Россия,2
2026-04-28,yandex.promopages,Владимир,Россия,2
2026-04-28,yandex.promopages,Воронеж,Россия,2
2026-04-28,yandex.promopages,Калуга,Россия,2
2026-04-28,yandex.promopages,Киров,Россия,2
2026-04-28,yandex.promopages,Новокузнецк,Россия,2
2026-04-28,yandex.promopages,Пенза,Россия,2
2026-04-28,yandex.promopages,Ростов-на-Дону,Россия,2
2026-04-28,yandex.promopages,Ставрополь,Россия,2
2026-04-29,yandex.promopages,Тольятти,Россия,2
2026-05-08,yandex.promopages,Волгоград,Россия,2
2026-05-15,yandex.promopages,Не определено,Россия,2
2026-05-16,yandex.promopages,Не определено,Россия,2
2026-05-19,yandex.promopages,Владикавказ,Россия,2
2026-05-20,yandex.promopages,Нижний Новгород,Россия,2
2026-05-20,yandex.promopages,Санкт-Петербург,Россия,2
2026-05-21,yandex.promopages,Санкт-Петербург,Россия,2
2026-05-24,yandex.promopages,Владивосток,Россия,2
2026-05-24,yandex.promopages,Москва,Россия,2
2026-05-24,yandex.promopages,Новосибирск,Россия,2
2026-05-25,yandex.promopages,Волгоград,Россия,2
2026-05-25,yandex.promopages,Домодедово,Россия,2
2026-05-25,yandex.promopages,Нижний Новгород,Россия,2
2026-05-26,yandex.promopages,Не определено,Россия,2
2026-05-27,yandex.promopages,Санкт-Петербург,Россия,2
2026-05-28,yandex.promopages,Казань,Россия,2
2026-05-28,yandex.promopages,Ставрополь,Россия,2
2026-05-29,yandex.promopages,Ижевск,Россия,2
2026-05-29,yandex.promopages,Омск,Россия,2
2026-05-29,yandex.promopages,Санкт-Петербург,Россия,2
2026-05-29,yandex.promopages,Симферополь,Россия,2
2026-05-30,yandex.promopages,Санкт-Петербург,Россия,2
2026-05-31,yandex.promopages,Санкт-Петербург,Россия,2
2026-06-01,yandex.promopages,Краснодар,Россия,2
2026-06-05,yandex.promopages,Не определено,Россия,2
2026-06-06,yandex.promopages,Не определено,Россия,2
2026-06-08,yandex.promopages,Санкт-Петербург,Россия,2
2026-06-09,yandex.promopages,Не определено,Россия,2
2026-06-12,yandex.promopages,Не определено,Россия,2
2026-06-13,yandex.promopages,Не определено,Россия,2
2026-06-17,yandex.promopages,Санкт-Петербург,Россия,2
2026-06-24,yandex.promopages,Не определено,Россия,2
2026-06-25,yandex.promopages,Тверь,Россия,2
2026-06-29,yandex.promopages,Самара,Россия,2
2026-06-29,yandex.promopages,Улан-Удэ,Россия,2
2026-06-30,yandex.promopages,Волгоград,Россия,2
2026-06-30,yandex.promopages,Ревда,Россия,2
2026-06-30,yandex.promopages,Санкт-Петербург,Россия,2
2026-04-06,yandex.promopages,Не определено,США,1
2026-04-07,yandex.promopages,Не определено,Россия,1
2026-04-09,yandex.promopages,Москва,Россия,1
2026-04-14,yandex.promopages,Барнаул,Россия,1
2026-04-14,yandex.promopages,Белгород,Россия,1
2026-04-14,yandex.promopages,Воронеж,Россия,1
2026-04-14,yandex.promopages,Калининград,Россия,1
2026-04-14,yandex.promopages,Кизел,Россия,1
2026-04-14,yandex.promopages,Краснодар,Россия,1
2026-04-14,yandex.promopages,Липецк,Россия,1
2026-04-14,yandex.promopages,Магнитогорск,Россия,1
2026-04-14,yandex.promopages,Нижний Новгород,Россия,1
2026-04-14,yandex.promopages,Раменское,Россия,1
2026-04-14,yandex.promopages,Самара,Россия,1
2026-04-14,yandex.promopages,Симферополь,Россия,1
2026-04-14,yandex.promopages,Южно-Сахалинск,Россия,1
2026-04-15,yandex.promopages,Ангарск,Россия,1
2026-04-15,yandex.promopages,Валенсия,Испания,1
2026-04-15,yandex.promopages,Владивосток,Россия,1
2026-04-15,yandex.promopages,Владимир,Россия,1
2026-04-15,yandex.promopages,Волгоград,Россия,1
2026-04-15,yandex.promopages,Волгореченск,Россия,1
2026-04-15,yandex.promopages,Дербент,Россия,1
2026-04-15,yandex.promopages,Закаменск,Россия,1
2026-04-15,yandex.promopages,Казань,Россия,1
2026-04-15,yandex.promopages,Керчь,Россия,1
2026-04-15,yandex.promopages,Красногорск,Россия,1
2026-04-15,yandex.promopages,Липецк,Россия,1
2026-04-15,yandex.promopages,Мурино,Россия,1
2026-04-15,yandex.promopages,Нижний Новгород,Россия,1
2026-04-15,yandex.promopages,Новосибирск,Россия,1
2026-04-15,yandex.promopages,Радужный,Россия,1
2026-04-15,yandex.promopages,Саратов,Россия,1
2026-04-15,yandex.promopages,Севастополь,Россия,1
2026-04-15,yandex.promopages,Северодвинск,Россия,1
2026-04-15,yandex.promopages,Серпухов,Россия,1
2026-04-15,yandex.promopages,Симферополь,Россия,1
2026-04-15,yandex.promopages,Ставрополь,Россия,1
2026-04-15,yandex.promopages,Тула,Россия,1
2026-04-15,yandex.promopages,Уфа,Россия,1
2026-04-15,yandex.promopages,Франкфурт-на-Майне,Германия,1
2026-04-15,yandex.promopages,Хабаровск,Россия,1
2026-04-15,yandex.promopages,Челябинск,Россия,1
2026-04-15,yandex.promopages,Якутск,Россия,1
2026-04-16,yandex.promopages,Брянск,Россия,1
2026-04-16,yandex.promopages,Валенсия,Испания,1
2026-04-16,yandex.promopages,Керчь,Россия,1
2026-04-16,yandex.promopages,Кострома,Россия,1
2026-04-16,yandex.promopages,Курск,Россия,1
2026-04-16,yandex.promopages,Новосибирск,Россия,1
2026-04-16,yandex.promopages,Омск,Россия,1
2026-04-16,yandex.promopages,Орехово-Зуево,Россия,1
2026-04-16,yandex.promopages,Рязань,Россия,1
2026-04-16,yandex.promopages,Санкт-Петербург,Россия,1
2026-04-16,yandex.promopages,Саратов,Россия,1
2026-04-16,yandex.promopages,Тверь,Россия,1
2026-04-16,yandex.promopages,Тольятти,Россия,1
2026-04-16,yandex.promopages,Ульяновск,Россия,1
2026-04-16,yandex.promopages,Череповец,Россия,1
2026-04-17,yandex.promopages,Барнаул,Россия,1
2026-04-17,yandex.promopages,Валенсия,Испания,1
2026-04-17,yandex.promopages,Владивосток,Россия,1
2026-04-17,yandex.promopages,Волгоград,Россия,1
2026-04-17,yandex.promopages,Нижний Новгород,Россия,1
2026-04-17,yandex.promopages,Нягань,Россия,1
2026-04-17,yandex.promopages,Ростов-на-Дону,Россия,1
2026-04-17,yandex.promopages,Севастополь,Россия,1
2026-04-17,yandex.promopages,Симферополь,Россия,1
2026-04-18,yandex.promopages,Самара,Россия,1
2026-04-19,yandex.promopages,Нижний Новгород,Россия,1
2026-04-19,yandex.promopages,Челябинск,Россия,1
2026-04-21,yandex.promopages,Абакан,Россия,1
2026-04-21,yandex.promopages,Апрелевка,Россия,1
2026-04-21,yandex.promopages,Белгород,Россия,1
2026-04-21,yandex.promopages,Бор,Россия,1
2026-04-21,yandex.promopages,Брянск,Россия,1
2026-04-21,yandex.promopages,Великий Новгород,Россия,1
2026-04-21,yandex.promopages,Вологда,Россия,1
2026-04-21,yandex.promopages,Вышний Волочёк,Россия,1
2026-04-21,yandex.promopages,Горнозаводск,Россия,1
2026-04-21,yandex.promopages,Дзержинск,Россия,1
2026-04-21,yandex.promopages,Домодедово,Россия,1
2026-04-21,yandex.promopages,Жуковский,Россия,1
2026-04-21,yandex.promopages,Иваново,Россия,1
2026-04-21,yandex.promopages,Ижевск,Россия,1
2026-04-21,yandex.promopages,Иркутск,Россия,1
2026-04-21,yandex.promopages,Керчь,Россия,1
2026-04-21,yandex.promopages,Киров,Россия,1
2026-04-21,yandex.promopages,Кисловодск,Россия,1
2026-04-21,yandex.promopages,Комсомольск-на-Амуре,Россия,1
2026-04-21,yandex.promopages,Копейск,Россия,1
2026-04-21,yandex.promopages,Красноярск,Россия,1
2026-04-21,yandex.promopages,Люберцы,Россия,1
2026-04-21,yandex.promopages,Меленки,Россия,1
2026-04-21,yandex.promopages,Мытищи,Россия,1
2026-04-21,yandex.promopages,Набережные Челны,Россия,1
2026-04-21,yandex.promopages,Находка,Россия,1
2026-04-21,yandex.promopages,Пыть-Ях,Россия,1
2026-04-21,yandex.promopages,Саратов,Россия,1
2026-04-21,yandex.promopages,Севастополь,Россия,1
2026-04-21,yandex.promopages,Симферополь,Россия,1
2026-04-21,yandex.promopages,Сургут,Россия,1
2026-04-21,yandex.promopages,Таганрог,Россия,1
2026-04-21,yandex.promopages,Тамбов,Россия,1
2026-04-21,yandex.promopages,Удомля,Россия,1
2026-04-21,yandex.promopages,Улан-Удэ,Россия,1
2026-04-21,yandex.promopages,Хабаровск,Россия,1
2026-04-21,yandex.promopages,Хасавюрт,Россия,1
2026-04-21,yandex.promopages,Чебоксары,Россия,1
2026-04-22,yandex.promopages,Оренбург,Россия,1
2026-04-22,yandex.promopages,Санкт-Петербург,Россия,1
2026-04-22,yandex.promopages,Тверь,Россия,1
2026-04-22,yandex.promopages,Уфа,Россия,1
2026-04-23,yandex.promopages,Иваново,Россия,1
2026-04-23,yandex.promopages,Самара,Россия,1
2026-04-24,yandex.promopages,Брянск,Россия,1
2026-04-24,yandex.promopages,Калуга,Россия,1
2026-04-24,yandex.promopages,Кемерово,Россия,1
2026-04-24,yandex.promopages,Кобрин,Беларусь,1
2026-04-24,yandex.promopages,Краснодар,Россия,1
2026-04-24,yandex.promopages,Псков,Россия,1
2026-04-24,yandex.promopages,Северодвинск,Россия,1
2026-04-24,yandex.promopages,Ставрополь,Россия,1
2026-04-24,yandex.promopages,Тверь,Россия,1
2026-04-24,yandex.promopages,Тула,Россия,1
2026-04-24,yandex.promopages,Химки,Россия,1
2026-04-24,yandex.promopages,Челябинск,Россия,1
2026-04-24,yandex.promopages,Якутск,Россия,1
2026-04-25,yandex.promopages,Белгород,Россия,1
2026-04-25,yandex.promopages,Владимир,Россия,1
2026-04-25,yandex.promopages,Вологда,Россия,1
2026-04-25,yandex.promopages,Воронеж,Россия,1
2026-04-25,yandex.promopages,Дзержинск,Россия,1
2026-04-25,yandex.promopages,Евпатория,Россия,1
2026-04-25,yandex.promopages,Екатеринбург,Россия,1
2026-04-25,yandex.promopages,Жигулёвск,Россия,1
2026-04-25,yandex.promopages,Иваново,Россия,1
2026-04-25,yandex.promopages,Ивантеевка,Россия,1
2026-04-25,yandex.promopages,Калуга,Россия,1
2026-04-25,yandex.promopages,Карпинск,Россия,1
2026-04-25,yandex.promopages,Ковров,Россия,1
2026-04-25,yandex.promopages,Кострома,Россия,1
2026-04-25,yandex.promopages,Красноярск,Россия,1
2026-04-25,yandex.promopages,Кудымкар,Россия,1
2026-04-25,yandex.promopages,Липецк,Россия,1
2026-04-25,yandex.promopages,Набережные Челны,Россия,1
2026-04-25,yandex.promopages,Норильск,Россия,1
2026-04-25,yandex.promopages,Омск,Россия,1
2026-04-25,yandex.promopages,Орёл,Россия,1
2026-04-25,yandex.promopages,Пермь,Россия,1
2026-04-25,yandex.promopages,Руза,Россия,1
2026-04-25,yandex.promopages,Ряжск,Россия,1
2026-04-25,yandex.promopages,Саранск,Россия,1
2026-04-25,yandex.promopages,Снежинск,Россия,1
2026-04-25,yandex.promopages,Сочи,Россия,1
2026-04-25,yandex.promopages,Тольятти,Россия,1
2026-04-25,yandex.promopages,Тосно,Россия,1
2026-04-25,yandex.promopages,Уфа,Россия,1
2026-04-25,yandex.promopages,Ярославль,Россия,1
2026-04-26,yandex.promopages,Архангельск,Россия,1
2026-04-26,yandex.promopages,Астрахань,Россия,1
2026-04-26,yandex.promopages,Белгород,Россия,1
2026-04-26,yandex.promopages,Великий Новгород,Россия,1
2026-04-26,yandex.promopages,Владивосток,Россия,1
2026-04-26,yandex.promopages,Димитровград,Россия,1
2026-04-26,yandex.promopages,Евпатория,Россия,1
2026-04-26,yandex.promopages,Железногорск,Россия,1
2026-04-26,yandex.promopages,Иваново,Россия,1
2026-04-26,yandex.promopages,Ижевск,Россия,1
2026-04-26,yandex.promopages,Ковров,Россия,1
2026-04-26,yandex.promopages,Кондопога,Россия,1
2026-04-26,yandex.promopages,Красноярск,Россия,1
2026-04-26,yandex.promopages,Кызыл,Россия,1
2026-04-26,yandex.promopages,Ливны,Россия,1
2026-04-26,yandex.promopages,Магадан,Россия,1
2026-04-26,yandex.promopages,Мурманск,Россия,1
2026-04-26,yandex.promopages,Нальчик,Россия,1
2026-04-26,yandex.promopages,Новосибирск,Россия,1
2026-04-26,yandex.promopages,Оренбург,Россия,1
2026-04-26,yandex.promopages,Остров,Россия,1
2026-04-26,yandex.promopages,Пенза,Россия,1
2026-04-26,yandex.promopages,Пятигорск,Россия,1
2026-04-26,yandex.promopages,Саранск,Россия,1
2026-04-26,yandex.promopages,Северодвинск,Россия,1
2026-04-26,yandex.promopages,Смоленск,Россия,1
2026-04-26,yandex.promopages,Ставрополь,Россия,1
2026-04-26,yandex.promopages,Сыктывкар,Россия,1
2026-04-26,yandex.promopages,Тверь,Россия,1
2026-04-26,yandex.promopages,Тихвин,Россия,1
2026-04-26,yandex.promopages,Тюмень,Россия,1
2026-04-26,yandex.promopages,Хабаровск,Россия,1
2026-04-26,yandex.promopages,Челябинск,Россия,1
2026-04-26,yandex.promopages,Череповец,Россия,1
2026-04-26,yandex.promopages,Чита,Россия,1
2026-04-26,yandex.promopages,Якутск,Россия,1
2026-04-26,yandex.promopages,Ярославль,Россия,1
2026-04-27,yandex.promopages,Аксай,Россия,1
2026-04-27,yandex.promopages,Армавир,Россия,1
2026-04-27,yandex.promopages,Балашиха,Россия,1
2026-04-27,yandex.promopages,Владимир,Россия,1
2026-04-27,yandex.promopages,Волгодонск,Россия,1
2026-04-27,yandex.promopages,Вологда,Россия,1
2026-04-27,yandex.promopages,Дзержинск,Россия,1
2026-04-27,yandex.promopages,Ижевск,Россия,1
2026-04-27,yandex.promopages,Иркутск,Россия,1
2026-04-27,yandex.promopages,Йошкар-Ола,Россия,1
2026-04-27,yandex.promopages,Калининград,Россия,1
2026-04-27,yandex.promopages,Краснодар,Россия,1
2026-04-27,yandex.promopages,Ладушкин,Россия,1
2026-04-27,yandex.promopages,Лакинск,Россия,1
2026-04-27,yandex.promopages,Майкоп,Россия,1
2026-04-27,yandex.promopages,Махачкала,Россия,1
2026-04-27,yandex.promopages,Набережные Челны,Россия,1
2026-04-27,yandex.promopages,Новокузнецк,Россия,1
2026-04-27,yandex.promopages,Новороссийск,Россия,1
2026-04-27,yandex.promopages,Новочебоксарск,Россия,1
2026-04-27,yandex.promopages,Оренбург,Россия,1
2026-04-27,yandex.promopages,Осинники,Россия,1
2026-04-27,yandex.promopages,Пермь,Россия,1
2026-04-27,yandex.promopages,Петрозаводск,Россия,1
2026-04-27,yandex.promopages,Ржев,Россия,1
2026-04-27,yandex.promopages,Россошь,Россия,1
2026-04-27,yandex.promopages,Севастополь,Россия,1
2026-04-27,yandex.promopages,Таганрог,Россия,1
2026-04-27,yandex.promopages,Тамбов,Россия,1
2026-04-27,yandex.promopages,Тольятти,Россия,1
2026-04-27,yandex.promopages,Ульяновск,Россия,1
2026-04-27,yandex.promopages,Ухта,Россия,1
2026-04-27,yandex.promopages,Феодосия,Россия,1
2026-04-27,yandex.promopages,Хабаровск,Россия,1
2026-04-27,yandex.promopages,Чебоксары,Россия,1
2026-04-27,yandex.promopages,Челябинск,Россия,1
2026-04-27,yandex.promopages,Южно-Сахалинск,Россия,1
2026-04-27,yandex.promopages,Якутск,Россия,1
2026-04-27,yandex.promopages,Ялта,Россия,1
2026-04-27,yandex.promopages,Ясный,Россия,1
2026-04-28,yandex.promopages,Абакан,Россия,1
2026-04-28,yandex.promopages,Архангельск,Россия,1
2026-04-28,yandex.promopages,Бронницы,Россия,1
2026-04-28,yandex.promopages,Валенсия,Испания,1
2026-04-28,yandex.promopages,Видное,Россия,1
2026-04-28,yandex.promopages,Владивосток,Россия,1
2026-04-28,yandex.promopages,Владикавказ,Россия,1
2026-04-28,yandex.promopages,Волгоград,Россия,1
2026-04-28,yandex.promopages,Домодедово,Россия,1
2026-04-28,yandex.promopages,Ижевск,Россия,1
2026-04-28,yandex.promopages,Йошкар-Ола,Россия,1
2026-04-28,yandex.promopages,Кисловодск,Россия,1
2026-04-28,yandex.promopages,Кострома,Россия,1
2026-04-28,yandex.promopages,Краснодар,Россия,1
2026-04-28,yandex.promopages,Красноярск,Россия,1
2026-04-28,yandex.promopages,Нальчик,Россия,1
2026-04-28,yandex.promopages,Новосибирск,Россия,1
2026-04-28,yandex.promopages,Первоуральск,Россия,1
2026-04-28,yandex.promopages,Пермь,Россия,1
2026-04-28,yandex.promopages,Пугачев,Россия,1
2026-04-28,yandex.promopages,Реутов,Россия,1
2026-04-28,yandex.promopages,Рязань,Россия,1
2026-04-28,yandex.promopages,Саратов,Россия,1
2026-04-28,yandex.promopages,Сергиев Посад,Россия,1
2026-04-28,yandex.promopages,Сургут,Россия,1
2026-04-28,yandex.promopages,Тверь,Россия,1
2026-04-28,yandex.promopages,Томск,Россия,1
2026-04-28,yandex.promopages,Франкфурт-на-Майне,Германия,1
2026-04-28,yandex.promopages,Череповец,Россия,1
2026-04-28,yandex.promopages,Якутск,Россия,1
2026-04-29,yandex.promopages,Не определено,Россия,1
2026-04-29,yandex.promopages,Валенсия,Испания,1
2026-04-29,yandex.promopages,Краснодар,Россия,1
2026-04-30,yandex.promopages,Валенсия,Испания,1
2026-04-30,yandex.promopages,Екатеринбург,Россия,1
2026-04-30,yandex.promopages,Тольятти,Россия,1
2026-05-01,yandex.promopages,Валенсия,Испания,1
2026-05-04,yandex.promopages,Не определено,Россия,1
2026-05-04,yandex.promopages,Валенсия,Испания,1
2026-05-04,yandex.promopages,Владикавказ,Россия,1
2026-05-04,yandex.promopages,Орёл,Россия,1
2026-05-04,yandex.promopages,Ростов-на-Дону,Россия,1
2026-05-06,yandex.promopages,Не определено,Россия,1
2026-05-09,yandex.promopages,Воронеж,Россия,1
2026-05-10,yandex.promopages,Екатеринбург,Россия,1
2026-05-10,yandex.promopages,Нижний Новгород,Россия,1
2026-05-10,yandex.promopages,Пермь,Россия,1
2026-05-11,yandex.promopages,Не определено,Россия,1
2026-05-11,yandex.promopages,Вилючинск,Россия,1
2026-05-11,yandex.promopages,Пенза,Россия,1
2026-05-13,yandex.promopages,Брянск,Россия,1
2026-05-14,yandex.promopages,Не определено,Россия,1
2026-05-14,yandex.promopages,Москва,Россия,1
2026-05-14,yandex.promopages,Новосибирск,Россия,1
2026-05-15,yandex.promopages,Воронеж,Россия,1
2026-05-15,yandex.promopages,Ростов-на-Дону,Россия,1
2026-05-15,yandex.promopages,Челябинск,Россия,1
2026-05-17,yandex.promopages,Не определено,Россия,1
2026-05-17,yandex.promopages,Владикавказ,Россия,1
2026-05-17,yandex.promopages,Волгоград,Россия,1
2026-05-17,yandex.promopages,Иркутск,Россия,1
2026-05-17,yandex.promopages,Ставрополь,Россия,1
2026-05-17,yandex.promopages,Тамбов,Россия,1
2026-05-17,yandex.promopages,Хабаровск,Россия,1
2026-05-18,yandex.promopages,Воронеж,Россия,1
2026-05-18,yandex.promopages,Санкт-Петербург,Россия,1
2026-05-18,yandex.promopages,Хабаровск,Россия,1
2026-05-18,yandex.promopages,Челябинск,Россия,1
2026-05-19,yandex.promopages,Не определено,Россия,1
2026-05-20,yandex.promopages,Архангельск,Россия,1
2026-05-20,yandex.promopages,Владивосток,Россия,1
2026-05-20,yandex.promopages,Набережные Челны,Россия,1
2026-05-20,yandex.promopages,Рязань,Россия,1
2026-05-20,yandex.promopages,Самара,Россия,1
2026-05-20,yandex.promopages,Ступино,Россия,1
2026-05-20,yandex.promopages,Томск,Россия,1
2026-05-20,yandex.promopages,Уфа,Россия,1
2026-05-21,yandex.promopages,Бердск,Россия,1
2026-05-21,yandex.promopages,Брянск,Россия,1
2026-05-21,yandex.promopages,Верхняя Пышма,Россия,1
2026-05-21,yandex.promopages,Воронеж,Россия,1
2026-05-21,yandex.promopages,Екатеринбург,Россия,1
2026-05-21,yandex.promopages,Краснодар,Россия,1
2026-05-21,yandex.promopages,Москва,Россия,1
2026-05-21,yandex.promopages,Мурманск,Россия,1
2026-05-21,yandex.promopages,Пенза,Россия,1
2026-05-21,yandex.promopages,Самара,Россия,1
2026-05-21,yandex.promopages,Симферополь,Россия,1
2026-05-21,yandex.promopages,Смоленск,Россия,1
2026-05-21,yandex.promopages,Ставрополь,Россия,1
2026-05-21,yandex.promopages,Стерлитамак,Россия,1
2026-05-21,yandex.promopages,Томск,Россия,1
2026-05-22,yandex.promopages,Казань,Россия,1
2026-05-22,yandex.promopages,Санкт-Петербург,Россия,1
2026-05-22,yandex.promopages,Тула,Россия,1
2026-05-22,yandex.promopages,Чита,Россия,1
2026-05-22,yandex.promopages,Ярославль,Россия,1
2026-05-23,yandex.promopages,Барнаул,Россия,1
2026-05-23,yandex.promopages,Белгород,Россия,1
2026-05-23,yandex.promopages,Иркутск,Россия,1
2026-05-23,yandex.promopages,Краснодар,Россия,1
2026-05-23,yandex.promopages,Подольск,Россия,1
2026-05-23,yandex.promopages,Самара,Россия,1
2026-05-23,yandex.promopages,Санкт-Петербург,Россия,1
2026-05-23,yandex.promopages,Ставрополь,Россия,1
2026-05-23,yandex.promopages,Тула,Россия,1
2026-05-23,yandex.promopages,Энгельс,Россия,1
2026-05-24,yandex.promopages,Бийск,Россия,1
2026-05-24,yandex.promopages,Бурса,Турция,1
2026-05-24,yandex.promopages,Воронеж,Россия,1
2026-05-24,yandex.promopages,Дзержинск,Россия,1
2026-05-24,yandex.promopages,Екатеринбург,Россия,1
2026-05-24,yandex.promopages,Иркутск,Россия,1
2026-05-24,yandex.promopages,Кемерово,Россия,1
2026-05-24,yandex.promopages,Кострома,Россия,1
2026-05-24,yandex.promopages,Курск,Россия,1
2026-05-24,yandex.promopages,Липецк,Россия,1
2026-05-24,yandex.promopages,Муром,Россия,1
2026-05-24,yandex.promopages,Новороссийск,Россия,1
2026-05-24,yandex.promopages,Самара,Россия,1
2026-05-24,yandex.promopages,Севастополь,Россия,1
2026-05-24,yandex.promopages,Старый Оскол,Россия,1
2026-05-24,yandex.promopages,Тула,Россия,1
2026-05-25,yandex.promopages,Дзержинск,Россия,1
2026-05-25,yandex.promopages,Москва,Россия,1
2026-05-25,yandex.promopages,Санкт-Петербург,Россия,1
2026-05-25,yandex.promopages,Ставрополь,Россия,1
2026-05-26,yandex.promopages,Владивосток,Россия,1
2026-05-26,yandex.promopages,Рязань,Россия,1
2026-05-27,yandex.promopages,Владимир,Россия,1
2026-05-27,yandex.promopages,Краснодар,Россия,1
2026-05-27,yandex.promopages,Курган,Россия,1
2026-05-27,yandex.promopages,Москва,Россия,1
2026-05-27,yandex.promopages,Новосибирск,Россия,1
2026-05-27,yandex.promopages,Таганрог,Россия,1
2026-05-27,yandex.promopages,Уфа,Россия,1
2026-05-28,yandex.promopages,Алушта,Россия,1
2026-05-28,yandex.promopages,Анапа,Россия,1
2026-05-28,yandex.promopages,Архангельск,Россия,1
2026-05-28,yandex.promopages,Владимир,Россия,1
2026-05-28,yandex.promopages,Железногорск,Россия,1
2026-05-28,yandex.promopages,Ижевск,Россия,1
2026-05-28,yandex.promopages,Иркутск,Россия,1
2026-05-28,yandex.promopages,Калининград,Россия,1
2026-05-28,yandex.promopages,Калуга,Россия,1
2026-05-28,yandex.promopages,Кисловодск,Россия,1
2026-05-28,yandex.promopages,Краснодар,Россия,1
2026-05-28,yandex.promopages,Липецк,Россия,1
2026-05-28,yandex.promopages,Магадан,Россия,1
2026-05-28,yandex.promopages,Магнитогорск,Россия,1
2026-05-28,yandex.promopages,Набережные Челны,Россия,1
2026-05-28,yandex.promopages,Нижний Новгород,Россия,1
2026-05-28,yandex.promopages,Новосибирск,Россия,1
2026-05-28,yandex.promopages,Новый Уренгой,Россия,1
2026-05-28,yandex.promopages,Одинцово,Россия,1
2026-05-28,yandex.promopages,Оренбург,Россия,1
2026-05-28,yandex.promopages,Пенза,Россия,1
2026-05-28,yandex.promopages,Петрозаводск,Россия,1
2026-05-28,yandex.promopages,Пятигорск,Россия,1
2026-05-28,yandex.promopages,Самара,Россия,1
2026-05-28,yandex.promopages,Санкт-Петербург,Россия,1
2026-05-28,yandex.promopages,Севастополь,Россия,1
2026-05-28,yandex.promopages,Среднеуральск,Россия,1
2026-05-28,yandex.promopages,Тольятти,Россия,1
2026-05-28,yandex.promopages,Трёхгорный,Россия,1
2026-05-28,yandex.promopages,Тюмень,Россия,1
2026-05-28,yandex.promopages,Хабаровск,Россия,1
2026-05-28,yandex.promopages,Челябинск,Россия,1
2026-05-28,yandex.promopages,Якутск,Россия,1
2026-05-29,yandex.promopages,Не определено,Не определено,1
2026-05-29,yandex.promopages,Балашиха,Россия,1
2026-05-29,yandex.promopages,Биробиджан,Россия,1
2026-05-29,yandex.promopages,Владимир,Россия,1
2026-05-29,yandex.promopages,Волгоград,Россия,1
2026-05-29,yandex.promopages,Воронеж,Россия,1
2026-05-29,yandex.promopages,Кирово-Чепецк,Россия,1
2026-05-29,yandex.promopages,Кострома,Россия,1
2026-05-29,yandex.promopages,Курск,Россия,1
2026-05-29,yandex.promopages,Магнитогорск,Россия,1
2026-05-29,yandex.promopages,Мурино,Россия,1
2026-05-29,yandex.promopages,Муром,Россия,1
2026-05-29,yandex.promopages,Нижний Новгород,Россия,1
2026-05-29,yandex.promopages,Новосибирск,Россия,1
2026-05-29,yandex.promopages,Павловский Посад,Россия,1
2026-05-29,yandex.promopages,Ртищево,Россия,1
2026-05-29,yandex.promopages,Рязань,Россия,1
2026-05-29,yandex.promopages,Саратов,Россия,1
2026-05-29,yandex.promopages,Сызрань,Россия,1
2026-05-29,yandex.promopages,Тверь,Россия,1
2026-05-29,yandex.promopages,Тольятти,Россия,1
2026-05-29,yandex.promopages,Тюмень,Россия,1
2026-05-29,yandex.promopages,Феодосия,Россия,1
2026-05-29,yandex.promopages,Якутск,Россия,1
2026-05-30,yandex.promopages,Саратов,Россия,1
2026-05-30,yandex.promopages,Смоленск,Россия,1
2026-05-31,yandex.promopages,Астрахань,Россия,1
2026-05-31,yandex.promopages,Курган,Россия,1
2026-05-31,yandex.promopages,Москва,Россия,1
2026-05-31,yandex.promopages,Пермь,Россия,1
2026-05-31,yandex.promopages,Самара,Россия,1
2026-05-31,yandex.promopages,Саратов,Россия,1
2026-05-31,yandex.promopages,Якутск,Россия,1
2026-06-01,yandex.promopages,Ачинск,Россия,1
2026-06-01,yandex.promopages,Владимир,Россия,1
2026-06-01,yandex.promopages,Дмитров,Россия,1
2026-06-01,yandex.promopages,Домодедово,Россия,1
2026-06-01,yandex.promopages,Иркутск,Россия,1
2026-06-01,yandex.promopages,Курган,Россия,1
2026-06-01,yandex.promopages,Липецк,Россия,1
2026-06-01,yandex.promopages,Новороссийск,Россия,1
2026-06-01,yandex.promopages,Ростов-на-Дону,Россия,1
2026-06-01,yandex.promopages,Рязань,Россия,1
2026-06-01,yandex.promopages,Саратов,Россия,1
2026-06-01,yandex.promopages,Сочи,Россия,1
2026-06-01,yandex.promopages,Ханты-Мансийск,Россия,1
2026-06-01,yandex.promopages,Ярославль,Россия,1
2026-06-02,yandex.promopages,Не определено,Россия,1
2026-06-02,yandex.promopages,Москва,Россия,1
2026-06-02,yandex.promopages,Ростов-на-Дону,Россия,1
2026-06-02,yandex.promopages,Севастополь,Россия,1
2026-06-02,yandex.promopages,Симферополь,Россия,1
2026-06-02,yandex.promopages,Тверь,Россия,1
2026-06-03,yandex.promopages,Волгоград,Россия,1
2026-06-03,yandex.promopages,Грозный,Россия,1
2026-06-03,yandex.promopages,Калининград,Россия,1
2026-06-03,yandex.promopages,Москва,Россия,1
2026-06-03,yandex.promopages,Нижний Новгород,Россия,1
2026-06-04,yandex.promopages,Аксай,Россия,1
2026-06-05,yandex.promopages,Воронеж,Россия,1
2026-06-05,yandex.promopages,Ростов-на-Дону,Россия,1
2026-06-05,yandex.promopages,Саратов,Россия,1
2026-06-06,yandex.promopages,Ижевск,Россия,1
2026-06-07,yandex.promopages,Чебоксары,Россия,1
2026-06-07,yandex.promopages,Якутск,Россия,1
2026-06-08,yandex.promopages,Тюмень,Россия,1
2026-06-09,yandex.promopages,Липецк,Россия,1
2026-06-10,yandex.promopages,Не определено,Россия,1
2026-06-10,yandex.promopages,Москва,Россия,1
2026-06-10,yandex.promopages,Чита,Россия,1
2026-06-11,yandex.promopages,Белгород,Россия,1
2026-06-11,yandex.promopages,Ростов-на-Дону,Россия,1
2026-06-11,yandex.promopages,Санкт-Петербург,Россия,1
2026-06-11,yandex.promopages,Ставрополь,Россия,1
2026-06-12,yandex.promopages,Не определено,Не определено,1
2026-06-12,yandex.promopages,Ставрополь,Россия,1
2026-06-13,yandex.promopages,Кемерово,Россия,1
2026-06-13,yandex.promopages,Самара,Россия,1
2026-06-14,yandex.promopages,Нижний Тагил,Россия,1
2026-06-14,yandex.promopages,Уфа,Россия,1
2026-06-15,yandex.promopages,Архангельск,Россия,1
2026-06-15,yandex.promopages,Липецк,Россия,1
2026-06-15,yandex.promopages,Сальск,Россия,1
2026-06-15,yandex.promopages,Чита,Россия,1
2026-06-16,yandex.promopages,Иркутск,Россия,1
2026-06-16,yandex.promopages,Нижний Новгород,Россия,1
2026-06-16,yandex.promopages,Омск,Россия,1
2026-06-16,yandex.promopages,Раменское,Россия,1
2026-06-16,yandex.promopages,Самара,Россия,1
2026-06-16,yandex.promopages,Ульяновск,Россия,1
2026-06-16,yandex.promopages,Уфа,Россия,1
2026-06-16,yandex.promopages,Энгельс,Россия,1
2026-06-17,yandex.promopages,Не определено,Россия,1
2026-06-17,yandex.promopages,Заречный,Россия,1
2026-06-17,yandex.promopages,Кострома,Россия,1
2026-06-17,yandex.promopages,Москва,Россия,1
2026-06-17,yandex.promopages,Обнинск,Россия,1
2026-06-17,yandex.promopages,Ставрополь,Россия,1
2026-06-17,yandex.promopages,Тюмень,Россия,1
2026-06-17,yandex.promopages,Углич,Россия,1
2026-06-17,yandex.promopages,Чебоксары,Россия,1
2026-06-20,yandex.promopages,Не определено,Россия,1
2026-06-20,yandex.promopages,Кореновск,Россия,1
2026-06-20,yandex.promopages,Москва,Россия,1
2026-06-20,yandex.promopages,Симферополь,Россия,1
2026-06-25,yandex.promopages,Барнаул,Россия,1
2026-06-25,yandex.promopages,Волжский,Россия,1
2026-06-25,yandex.promopages,Воронеж,Россия,1
2026-06-25,yandex.promopages,Геленджик,Россия,1
2026-06-25,yandex.promopages,Екатеринбург,Россия,1
2026-06-25,yandex.promopages,Иваново,Россия,1
2026-06-25,yandex.promopages,Керчь,Россия,1
2026-06-25,yandex.promopages,Люберцы,Россия,1
2026-06-25,yandex.promopages,Орехово-Зуево,Россия,1
2026-06-25,yandex.promopages,Пенза,Россия,1
2026-06-25,yandex.promopages,Ростов-на-Дону,Россия,1
2026-06-25,yandex.promopages,Рязань,Россия,1
2026-06-25,yandex.promopages,Санкт-Петербург,Россия,1
2026-06-25,yandex.promopages,Тюмень,Россия,1
2026-06-25,yandex.promopages,Феодосия,Россия,1
2026-06-25,yandex.promopages,Ялта,Россия,1
2026-06-26,yandex.promopages,Не определено,Россия,1
2026-06-26,yandex.promopages,Воронеж,Россия,1
2026-06-26,yandex.promopages,Санкт-Петербург,Россия,1
2026-06-26,yandex.promopages,Сердобск,Россия,1
2026-06-26,yandex.promopages,Щекино,Россия,1
2026-06-27,yandex.promopages,Екатеринбург,Россия,1
2026-06-27,yandex.promopages,Казань,Россия,1
2026-06-27,yandex.promopages,Краснодар,Россия,1
2026-06-27,yandex.promopages,Пятигорск,Россия,1
2026-06-27,yandex.promopages,Ульяновск,Россия,1
2026-06-28,yandex.promopages,Люберцы,Россия,1
2026-06-29,yandex.promopages,Воронеж,Россия,1
2026-06-29,yandex.promopages,Калининград,Россия,1
2026-06-29,yandex.promopages,Красноярск,Россия,1
2026-06-29,yandex.promopages,Минеральные Воды,Россия,1
2026-06-29,yandex.promopages,Москва,Россия,1
2026-06-29,yandex.promopages,Оренбург,Россия,1
2026-06-29,yandex.promopages,Пенза,Россия,1
2026-06-29,yandex.promopages,Санкт-Петербург,Россия,1
2026-06-29,yandex.promopages,Саратов,Россия,1
2026-06-29,yandex.promopages,Сочи,Россия,1
2026-06-29,yandex.promopages,Ярославль,Россия,1
2026-06-30,yandex.promopages,Не определено,Россия,1
2026-06-30,yandex.promopages,Екатеринбург,Россия,1
2026-06-30,yandex.promopages,Краснодар,Россия,1
2026-06-30,yandex.promopages,Красноярск,Россия,1
2026-06-30,yandex.promopages,Москва,Россия,1
2026-06-30,yandex.promopages,Нижний Новгород,Россия,1
2026-06-30,yandex.promopages,Тамбов,Россия,1
2026-06-30,yandex.promopages,Уфа,Россия,1
2026-07-18,yandex.promopages,Не определено,Россия,8
2026-07-01,yandex.promopages,Не определено,Россия,6
2026-07-19,yandex.promopages,Не определено,Россия,6
2026-07-22,yandex.promopages,Не определено,Россия,6
2026-07-28,yandex.promopages,Москва,Россия,5
2026-08-01,yandex.promopages,Не определено,Россия,5
2026-07-01,yandex.promopages,Москва,Россия,4
2026-07-08,yandex.promopages,Не определено,Россия,4
2026-07-21,yandex.promopages,Не определено,Россия,4
2026-08-18,yandex.promopages,Не определено,Россия,4
2026-07-02,yandex.promopages,Москва,Россия,3
2026-07-04,yandex.promopages,Не определено,Россия,3
2026-07-04,yandex.promopages,Санкт-Петербург,Россия,3
2026-07-05,yandex.promopages,Не определено,Россия,3
2026-07-17,yandex.promopages,Не определено,Россия,3
2026-07-17,yandex.promopages,Волгоград,Россия,3
2026-07-18,yandex.promopages,Краснодар,Россия,3
2026-07-19,yandex.promopages,Москва,Россия,3
2026-07-24,yandex.promopages,Москва,Россия,3
2026-07-27,yandex.promopages,Москва,Россия,3
2026-07-28,yandex.promopages,Не определено,Россия,3
2026-08-09,yandex.promopages,Не определено,Россия,3
2026-08-10,yandex.promopages,Не определено,Россия,3
2026-07-01,yandex.promopages,Краснодар,Россия,2
2026-07-02,yandex.promopages,Не определено,Россия,2
2026-07-03,yandex.promopages,Санкт-Петербург,Россия,2
2026-07-03,yandex.promopages,Челябинск,Россия,2
2026-07-04,yandex.promopages,Калуга,Россия,2
2026-07-07,yandex.promopages,Не определено,Россия,2
2026-07-07,yandex.promopages,Белград,Сербия,2
2026-07-07,yandex.promopages,Заволжье,Россия,2
2026-07-07,yandex.promopages,Москва,Россия,2
2026-07-08,yandex.promopages,Москва,Россия,2
2026-07-09,yandex.promopages,Москва,Россия,2
2026-07-11,yandex.promopages,Москва,Россия,2
2026-07-12,yandex.promopages,Воронеж,Россия,2
2026-07-13,yandex.promopages,Не определено,Россия,2
2026-07-14,yandex.promopages,Самара,Россия,2
2026-07-16,yandex.promopages,Краснодар,Россия,2
2026-07-17,yandex.promopages,Ростов-на-Дону,Россия,2
2026-07-17,yandex.promopages,Саратов,Россия,2
2026-07-18,yandex.promopages,Нижний Новгород,Россия,2
2026-07-18,yandex.promopages,Новосибирск,Россия,2
2026-07-18,yandex.promopages,Санкт-Петербург,Россия,2
2026-07-19,yandex.promopages,Екатеринбург,Россия,2
2026-07-19,yandex.promopages,Казань,Россия,2
2026-07-19,yandex.promopages,Новосибирск,Россия,2
2026-07-19,yandex.promopages,Оренбург,Россия,2
2026-07-19,yandex.promopages,Сергиев Посад,Россия,2
2026-07-19,yandex.promopages,Сочи,Россия,2
2026-07-20,yandex.promopages,Барнаул,Россия,2
2026-07-23,yandex.promopages,Новосибирск,Россия,2
2026-07-25,yandex.promopages,Якутск,Россия,2
2026-07-26,yandex.promopages,Не определено,Россия,2
2026-07-27,yandex.promopages,Не определено,Россия,2
2026-07-29,yandex.promopages,Екатеринбург,Россия,2
2026-07-30,yandex.promopages,Москва,Россия,2
2026-08-10,yandex.promopages,Москва,Россия,2
2026-07-01,yandex.promopages,Брянск,Россия,1
2026-07-01,yandex.promopages,Владивосток,Россия,1
2026-07-01,yandex.promopages,Екатеринбург,Россия,1
2026-07-01,yandex.promopages,Новосибирск,Россия,1
2026-07-01,yandex.promopages,Омск,Россия,1
2026-07-02,yandex.promopages,Астрахань,Россия,1
2026-07-02,yandex.promopages,Долгопрудный,Россия,1
2026-07-02,yandex.promopages,Донецк,Россия,1
2026-07-02,yandex.promopages,Екатеринбург,Россия,1
2026-07-02,yandex.promopages,Иркутск,Россия,1
2026-07-02,yandex.promopages,Калуга,Россия,1
2026-07-02,yandex.promopages,Краснодар,Россия,1
2026-07-02,yandex.promopages,Одинцово,Россия,1
2026-07-02,yandex.promopages,Тюмень,Россия,1
2026-07-02,yandex.promopages,Южноуральск,Россия,1
2026-07-03,yandex.promopages,Не определено,Россия,1
2026-07-03,yandex.promopages,Вологда,Россия,1
2026-07-03,yandex.promopages,Мадрид,Испания,1
2026-07-03,yandex.promopages,Москва,Россия,1
2026-07-03,yandex.promopages,Новосибирск,Россия,1
2026-07-03,yandex.promopages,Саратов,Россия,1
2026-07-03,yandex.promopages,Томск,Россия,1
2026-07-03,yandex.promopages,Уфа,Россия,1
2026-07-04,yandex.promopages,Домодедово,Россия,1
2026-07-04,yandex.promopages,Иваново,Россия,1
2026-07-04,yandex.promopages,Йошкар-Ола,Россия,1
2026-07-04,yandex.promopages,Пермь,Россия,1
2026-07-04,yandex.promopages,Самара,Россия,1
2026-07-04,yandex.promopages,Старый Оскол,Россия,1
2026-07-05,yandex.promopages,Москва,Россия,1
2026-07-05,yandex.promopages,Санкт-Петербург,Россия,1
2026-07-06,yandex.promopages,Копейск,Россия,1
2026-07-06,yandex.promopages,Красноярск,Россия,1
2026-07-06,yandex.promopages,Саратов,Россия,1
2026-07-06,yandex.promopages,Таганрог,Россия,1
2026-07-07,yandex.promopages,Берёзовский,Россия,1
2026-07-07,yandex.promopages,Ивантеевка,Россия,1
2026-07-07,yandex.promopages,Кострома,Россия,1
2026-07-07,yandex.promopages,Улан-Удэ,Россия,1
2026-07-07,yandex.promopages,Шатура,Россия,1
2026-07-08,yandex.promopages,Ленинск-Кузнецкий,Россия,1
2026-07-08,yandex.promopages,Уфа,Россия,1
2026-07-09,yandex.promopages,Белгород,Россия,1
2026-07-09,yandex.promopages,Екатеринбург,Россия,1
2026-07-09,yandex.promopages,Ижевск,Россия,1
2026-07-09,yandex.promopages,Орёл,Россия,1
2026-07-09,yandex.promopages,Павлово,Россия,1
2026-07-09,yandex.promopages,Самара,Россия,1
2026-07-09,yandex.promopages,Якутск,Россия,1
2026-07-10,yandex.promopages,Не определено,Россия,1
2026-07-10,yandex.promopages,Новосибирск,Россия,1
2026-07-10,yandex.promopages,Туапсе,Россия,1
2026-07-11,yandex.promopages,Калуга,Россия,1
2026-07-12,yandex.promopages,Не определено,Россия,1
2026-07-12,yandex.promopages,Уфа,Россия,1
2026-07-13,yandex.promopages,Буй,Россия,1
2026-07-13,yandex.promopages,Санкт-Петербург,Россия,1
2026-07-13,yandex.promopages,Ставрополь,Россия,1
2026-07-14,yandex.promopages,Не определено,Россия,1
2026-07-14,yandex.promopages,Кирсанов,Россия,1
2026-07-14,yandex.promopages,Москва,Россия,1
2026-07-14,yandex.promopages,Санкт-Петербург,Россия,1
2026-07-14,yandex.promopages,Саратов,Россия,1
2026-07-14,yandex.promopages,Тюмень,Россия,1
2026-07-14,yandex.promopages,Ульяновск,Россия,1
2026-07-14,yandex.promopages,Уфа,Россия,1
2026-07-15,yandex.promopages,Не определено,Россия,1
2026-07-15,yandex.promopages,Волжск,Россия,1
2026-07-15,yandex.promopages,Липецк,Россия,1
2026-07-15,yandex.promopages,Новокузнецк,Россия,1
2026-07-15,yandex.promopages,Самара,Россия,1
2026-07-15,yandex.promopages,Ульяновск,Россия,1
2026-07-15,yandex.promopages,Челябинск,Россия,1
2026-07-16,yandex.promopages,Не определено,Россия,1
2026-07-16,yandex.promopages,Архангельск,Россия,1
2026-07-16,yandex.promopages,Москва,Россия,1
2026-07-16,yandex.promopages,Омск,Россия,1
2026-07-16,yandex.promopages,Оренбург,Россия,1
2026-07-16,yandex.promopages,Пенза,Россия,1
2026-07-17,yandex.promopages,Архангельск,Россия,1
2026-07-17,yandex.promopages,Астрахань,Россия,1
2026-07-17,yandex.promopages,Дюртюли,Россия,1
2026-07-17,yandex.promopages,Кашира,Россия,1
2026-07-17,yandex.promopages,Краснодар,Россия,1
2026-07-17,yandex.promopages,Новомосковск,Россия,1
2026-07-17,yandex.promopages,Оренбург,Россия,1
2026-07-17,yandex.promopages,Орёл,Россия,1
2026-07-17,yandex.promopages,Пермь,Россия,1
2026-07-17,yandex.promopages,Санкт-Петербург,Россия,1
2026-07-17,yandex.promopages,Сургут,Россия,1
2026-07-17,yandex.promopages,Тамбов,Россия,1
2026-07-18,yandex.promopages,Вашингтон,США,1
2026-07-18,yandex.promopages,Вологда,Россия,1
2026-07-18,yandex.promopages,Воронеж,Россия,1
2026-07-18,yandex.promopages,Дубна,Россия,1
2026-07-18,yandex.promopages,Екатеринбург,Россия,1
2026-07-18,yandex.promopages,Москва,Россия,1
2026-07-18,yandex.promopages,Наро-Фоминск,Россия,1
2026-07-18,yandex.promopages,Одинцово,Россия,1
2026-07-18,yandex.promopages,Пермь,Россия,1
2026-07-18,yandex.promopages,Ростов-на-Дону,Россия,1
2026-07-18,yandex.promopages,Самара,Россия,1
2026-07-18,yandex.promopages,Тольятти,Россия,1
2026-07-18,yandex.promopages,Тюмень,Россия,1
2026-07-18,yandex.promopages,Челябинск,Россия,1
2026-07-19,yandex.promopages,Амстердам,Нидерланды,1
2026-07-19,yandex.promopages,Бишкек,Кыргызстан,1
2026-07-19,yandex.promopages,Калининград,Россия,1
2026-07-19,yandex.promopages,Калуга,Россия,1
2026-07-19,yandex.promopages,Кострома,Россия,1
2026-07-19,yandex.promopages,Мурманск,Россия,1
2026-07-19,yandex.promopages,Ростов-на-Дону,Россия,1
2026-07-19,yandex.promopages,Санкт-Петербург,Россия,1
2026-07-19,yandex.promopages,Симферополь,Россия,1
2026-07-19,yandex.promopages,Хабаровск,Россия,1
2026-07-19,yandex.promopages,Хасавюрт,Россия,1
2026-07-19,yandex.promopages,Южно-Сахалинск,Россия,1
2026-07-20,yandex.promopages,Не определено,Россия,1
2026-07-20,yandex.promopages,Москва,Россия,1
2026-07-21,yandex.promopages,Волгоград,Россия,1
2026-07-21,yandex.promopages,Нижний Новгород,Россия,1
2026-07-21,yandex.promopages,Санкт-Петербург,Россия,1
2026-07-22,yandex.promopages,Алексин,Россия,1
2026-07-22,yandex.promopages,Москва,Россия,1
2026-07-22,yandex.promopages,Нижний Новгород,Россия,1
2026-07-22,yandex.promopages,Новосибирск,Россия,1
2026-07-22,yandex.promopages,Пермь,Россия,1
2026-07-22,yandex.promopages,Санкт-Петербург,Россия,1
2026-07-22,yandex.promopages,Саратов,Россия,1
2026-07-23,yandex.promopages,Не определено,Россия,1
2026-07-23,yandex.promopages,Витебск,Беларусь,1
2026-07-23,yandex.promopages,Калуга,Россия,1
2026-07-23,yandex.promopages,Миасс,Россия,1
2026-07-23,yandex.promopages,Москва,Россия,1
2026-07-23,yandex.promopages,Ростов-на-Дону,Россия,1
2026-07-23,yandex.promopages,Якутск,Россия,1
2026-07-24,yandex.promopages,Лесосибирск,Россия,1
2026-07-24,yandex.promopages,Магадан,Россия,1
2026-07-24,yandex.promopages,Санкт-Петербург,Россия,1
2026-07-25,yandex.promopages,Барнаул,Россия,1
2026-07-25,yandex.promopages,Нижний Новгород,Россия,1
2026-07-25,yandex.promopages,Новосибирск,Россия,1
2026-07-25,yandex.promopages,Париж,Франция,1
2026-07-26,yandex.promopages,Амстердам,Нидерланды,1
2026-07-26,yandex.promopages,Барнаул,Россия,1
2026-07-26,yandex.promopages,Ростов-на-Дону,Россия,1
2026-07-26,yandex.promopages,Санкт-Петербург,Россия,1
2026-07-26,yandex.promopages,Уфа,Россия,1
2026-07-27,yandex.promopages,Калуга,Россия,1
2026-07-27,yandex.promopages,Самара,Россия,1
2026-07-28,yandex.promopages,Екатеринбург,Россия,1
2026-07-28,yandex.promopages,Новосибирск,Россия,1
2026-07-28,yandex.promopages,Санкт-Петербург,Россия,1
2026-07-29,yandex.promopages,Не определено,Россия,1
2026-07-30,yandex.promopages,Не определено,Россия,1
2026-07-30,yandex.promopages,Париж,Франция,1
2026-07-31,yandex.promopages,Не определено,Россия,1
2026-07-31,yandex.promopages,Якутск,Россия,1
2026-08-01,yandex.promopages,Владивосток,Россия,1
2026-08-01,yandex.promopages,Красноярск,Россия,1
2026-08-01,yandex.promopages,Ростов-на-Дону,Россия,1
2026-08-02,yandex.promopages,Омск,Россия,1
2026-08-04,yandex.promopages,Гатчина,Россия,1
2026-08-09,yandex.promopages,Екатеринбург,Россия,1
2026-08-09,yandex.promopages,Курск,Россия,1
2026-08-10,yandex.promopages,Уфа,Россия,1
2026-08-10,yandex.promopages,Ярославль,Россия,1
2026-08-11,yandex.promopages,Волоколамск,Россия,1
2026-08-11,yandex.promopages,Саратов,Россия,1
2026-08-11,yandex.promopages,Черкесск,Россия,1
2026-08-12,yandex.promopages,Москва,Россия,1
2026-08-12,yandex.promopages,Псков,Россия,1
2026-08-18,yandex.promopages,Санкт-Петербург,Россия,1
2026-08-18,yandex.promopages,Фрязино,Россия,1
2026-08-19,yandex.promopages,Не определено,Россия,1
2026-08-19,yandex.promopages,Александров,Россия,1
2026-08-19,yandex.promopages,Новосибирск,Россия,1
2026-08-20,yandex.promopages,Астрахань,Россия,1
2026-08-20,yandex.promopages,Йошкар-Ола,Россия,1
2026-08-21,yandex.promopages,Красноярск,Россия,1
2026-08-23,yandex.promopages,Санкт-Петербург,Россия,1
