Ad_group,Keyword,Match_type,Status
18 wheeler Injury,18 wheeler accident attorney,PHRASE,ENABLED
18 wheeler Injury,18 wheeler accident attorneys,PHRASE,ENABLED
18 wheeler Injury,18 wheeler accident law firm,PHRASE,ENABLED
18 wheeler Injury,18 wheeler accident law firms,PHRASE,ENABLED
18 wheeler Injury,18 wheeler accident lawyer,PHRASE,ENABLED
18 wheeler Injury,18 wheeler accident lawyers,PHRASE,ENABLED
18 wheeler Injury,18 wheeler crash attorney,PHRASE,ENABLED
18 wheeler Injury,18 wheeler crash attorneys,PHRASE,ENABLED
18 wheeler Injury,18 wheeler crash law firm,PHRASE,ENABLED
18 wheeler Injury,18 wheeler crash law firms,PHRASE,ENABLED
18 wheeler Injury,18 wheeler crash lawyer,PHRASE,ENABLED
18 wheeler Injury,18 wheeler crash lawyers,PHRASE,ENABLED
18 wheeler Injury,18 wheeler injury attorney,PHRASE,ENABLED
18 wheeler Injury,18 wheeler injury attorneys,PHRASE,ENABLED
18 wheeler Injury,18 wheeler injury law firm,PHRASE,ENABLED
18 wheeler Injury,18 wheeler injury law firms,PHRASE,ENABLED
18 wheeler Injury,18 wheeler injury lawyer,PHRASE,ENABLED
18 wheeler Injury,18 wheeler injury lawyers,PHRASE,ENABLED
Auto Injury,auto accident attorney,PHRASE,ENABLED
Auto Injury,auto accident attorneys,PHRASE,ENABLED
Auto Injury,auto accident law firm,PHRASE,ENABLED
Auto Injury,auto accident law firms,PHRASE,ENABLED
Auto Injury,auto accident lawyer,PHRASE,ENABLED
Auto Injury,auto accident lawyers,PHRASE,ENABLED
Auto Injury,auto crash attorney,PHRASE,ENABLED
Auto Injury,auto crash attorneys,PHRASE,ENABLED
Auto Injury,auto crash law firm,PHRASE,ENABLED
Auto Injury,auto crash law firms,PHRASE,ENABLED
Auto Injury,auto crash lawyer,PHRASE,ENABLED
Auto Injury,auto crash lawyers,PHRASE,ENABLED
Auto Injury,auto injury attorney,PHRASE,ENABLED
Auto Injury,auto injury attorneys,PHRASE,ENABLED
Auto Injury,auto injury law firm,PHRASE,ENABLED
Auto Injury,auto injury law firms,PHRASE,ENABLED
Auto Injury,auto injury lawyer,PHRASE,ENABLED
Auto Injury,auto injury lawyers,PHRASE,ENABLED
Auto Injury,automobile accident attorney,PHRASE,ENABLED
Auto Injury,automobile accident attorneys,PHRASE,ENABLED
Auto Injury,automobile accident law firm,PHRASE,ENABLED
Auto Injury,automobile accident law firms,PHRASE,ENABLED
Auto Injury,automobile accident lawyer,PHRASE,ENABLED
Auto Injury,automobile accident lawyers,PHRASE,ENABLED
Auto Injury,automobile crash attorney,PHRASE,ENABLED
Auto Injury,automobile crash attorneys,PHRASE,ENABLED
Auto Injury,automobile crash law firm,PHRASE,ENABLED
Auto Injury,automobile crash law firms,PHRASE,ENABLED
Auto Injury,automobile crash lawyer,PHRASE,ENABLED
Auto Injury,automobile crash lawyers,PHRASE,ENABLED
Auto Injury,automobile injury attorney,PHRASE,ENABLED
Auto Injury,automobile injury attorneys,PHRASE,ENABLED
Auto Injury,automobile injury law firm,PHRASE,ENABLED
Auto Injury,automobile injury law firms,PHRASE,ENABLED
Auto Injury,automobile injury lawyer,PHRASE,ENABLED
Auto Injury,automobile injury lawyers,PHRASE,ENABLED
Auto Injury,vehicle accident attorney,PHRASE,ENABLED
Auto Injury,vehicle accident attorneys,PHRASE,ENABLED
Auto Injury,vehicle accident law firm,PHRASE,ENABLED
Auto Injury,vehicle accident law firms,PHRASE,ENABLED
Auto Injury,vehicle accident lawyer,PHRASE,ENABLED
Auto Injury,vehicle accident lawyers,PHRASE,ENABLED
Auto Injury,vehicle crash attorney,PHRASE,ENABLED
Auto Injury,vehicle crash attorneys,PHRASE,ENABLED
Auto Injury,vehicle crash law firm,PHRASE,ENABLED
Auto Injury,vehicle crash law firms,PHRASE,ENABLED
Auto Injury,vehicle crash lawyer,PHRASE,ENABLED
Auto Injury,vehicle crash lawyers,PHRASE,ENABLED
Auto Injury,vehicle injury attorney,PHRASE,ENABLED
Auto Injury,vehicle injury attorneys,PHRASE,ENABLED
Auto Injury,vehicle injury law firm,PHRASE,ENABLED
Auto Injury,vehicle injury law firms,PHRASE,ENABLED
Auto Injury,vehicle injury lawyer,PHRASE,ENABLED
Auto Injury,vehicle injury lawyers,PHRASE,ENABLED
Bicycle Injury,bicycle accident attorney,PHRASE,ENABLED
Bicycle Injury,bicycle accident attorneys,PHRASE,ENABLED
Bicycle Injury,bicycle accident law firm,PHRASE,ENABLED
Bicycle Injury,bicycle accident law firms,PHRASE,ENABLED
Bicycle Injury,bicycle accident lawyer,PHRASE,ENABLED
Bicycle Injury,bicycle accident lawyers,PHRASE,ENABLED
Bicycle Injury,bicycle crash attorney,PHRASE,ENABLED
Bicycle Injury,bicycle crash attorneys,PHRASE,ENABLED
Bicycle Injury,bicycle crash law firm,PHRASE,ENABLED
Bicycle Injury,bicycle crash law firms,PHRASE,ENABLED
Bicycle Injury,bicycle crash lawyer,PHRASE,ENABLED
Bicycle Injury,bicycle crash lawyers,PHRASE,ENABLED
Bicycle Injury,bicycle injury attorney,PHRASE,ENABLED
Bicycle Injury,bicycle injury attorneys,PHRASE,ENABLED
Bicycle Injury,bicycle injury law firm,PHRASE,ENABLED
Bicycle Injury,bicycle injury law firms,PHRASE,ENABLED
Bicycle Injury,bicycle injury lawyer,PHRASE,ENABLED
Bicycle Injury,bicycle injury lawyers,PHRASE,ENABLED
Bus Injury,bus accident attorney,PHRASE,ENABLED
Bus Injury,bus accident attorneys,PHRASE,ENABLED
Bus Injury,bus accident law firm,PHRASE,ENABLED
Bus Injury,bus accident law firms,PHRASE,ENABLED
Bus Injury,bus accident lawyer,PHRASE,ENABLED
Bus Injury,bus accident lawyers,PHRASE,ENABLED
Bus Injury,bus crash attorney,PHRASE,ENABLED
Bus Injury,bus crash attorneys,PHRASE,ENABLED
Bus Injury,bus crash law firm,PHRASE,ENABLED
Bus Injury,bus crash law firms,PHRASE,ENABLED
Bus Injury,bus crash lawyer,PHRASE,ENABLED
Bus Injury,bus crash lawyers,PHRASE,ENABLED
Bus Injury,bus injury attorney,PHRASE,ENABLED
Bus Injury,bus injury attorneys,PHRASE,ENABLED
Bus Injury,bus injury law firm,PHRASE,ENABLED
Bus Injury,bus injury law firms,PHRASE,ENABLED
Bus Injury,bus injury lawyer,PHRASE,ENABLED
Bus Injury,bus injury lawyers,PHRASE,ENABLED
Car Injury,car accident attorney,PHRASE,ENABLED
Car Injury,car accident attorneys,PHRASE,ENABLED
Car Injury,car accident law firm,PHRASE,ENABLED
Car Injury,car accident law firms,PHRASE,ENABLED
Car Injury,car accident lawyer,PHRASE,ENABLED
Car Injury,car accident lawyers,PHRASE,ENABLED
Car Injury,car crash attorney,PHRASE,ENABLED
Car Injury,car crash attorneys,PHRASE,ENABLED
Car Injury,car crash law firm,PHRASE,ENABLED
Car Injury,car crash law firms,PHRASE,ENABLED
Car Injury,car crash lawyer,PHRASE,ENABLED
Car Injury,car crash lawyers,PHRASE,ENABLED
Car Injury,car injury attorney,PHRASE,ENABLED
Car Injury,car injury attorneys,PHRASE,ENABLED
Car Injury,car injury law firm,PHRASE,ENABLED
Car Injury,car injury law firms,PHRASE,ENABLED
Car Injury,car injury lawyer,PHRASE,ENABLED
Car Injury,car injury lawyers,PHRASE,ENABLED
Dog Bite Injury,dog attack attorney,PHRASE,ENABLED
Dog Bite Injury,dog attack attorneys,PHRASE,ENABLED
Dog Bite Injury,dog attack law firm,PHRASE,ENABLED
Dog Bite Injury,dog attack law firms,PHRASE,ENABLED
Dog Bite Injury,dog attack lawyer,PHRASE,ENABLED
Dog Bite Injury,dog attack lawyers,PHRASE,ENABLED
Dog Bite Injury,dog bite attorney,PHRASE,ENABLED
Dog Bite Injury,dog bite attorneys,PHRASE,ENABLED
Dog Bite Injury,dog bite law firm,PHRASE,ENABLED
Dog Bite Injury,dog bite law firms,PHRASE,ENABLED
Dog Bite Injury,dog bite lawyer,PHRASE,ENABLED
Dog Bite Injury,dog bite lawyers,PHRASE,ENABLED
Dog Bite Injury,dog injury attorney,PHRASE,ENABLED
Dog Bite Injury,dog injury attorneys,PHRASE,ENABLED
Dog Bite Injury,dog injury law firm,PHRASE,ENABLED
Dog Bite Injury,dog injury law firms,PHRASE,ENABLED
Dog Bite Injury,dog injury lawyer,PHRASE,ENABLED
Dog Bite Injury,dog injury lawyers,PHRASE,ENABLED
Motorcycle Injury,motorcycle accident attorney,PHRASE,ENABLED
Motorcycle Injury,motorcycle accident attorneys,PHRASE,ENABLED
Motorcycle Injury,motorcycle accident law firm,PHRASE,ENABLED
Motorcycle Injury,motorcycle accident law firms,PHRASE,ENABLED
Motorcycle Injury,motorcycle accident lawyer,PHRASE,ENABLED
Motorcycle Injury,motorcycle accident lawyers,PHRASE,ENABLED
Motorcycle Injury,motorcycle crash attorney,PHRASE,ENABLED
Motorcycle Injury,motorcycle crash attorneys,PHRASE,ENABLED
Motorcycle Injury,motorcycle crash law firm,PHRASE,ENABLED
Motorcycle Injury,motorcycle crash law firms,PHRASE,ENABLED
Motorcycle Injury,motorcycle crash lawyer,PHRASE,ENABLED
Motorcycle Injury,motorcycle crash lawyers,PHRASE,ENABLED
Motorcycle Injury,motorcycle injury attorney,PHRASE,ENABLED
Motorcycle Injury,motorcycle injury attorneys,PHRASE,ENABLED
Motorcycle Injury,motorcycle injury law firm,PHRASE,ENABLED
Motorcycle Injury,motorcycle injury law firms,PHRASE,ENABLED
Motorcycle Injury,motorcycle injury lawyer,PHRASE,ENABLED
Motorcycle Injury,motorcycle injury lawyers,PHRASE,ENABLED
Pedestrian Injury,pedestrian accident attorney,PHRASE,ENABLED
Pedestrian Injury,pedestrian accident attorneys,PHRASE,ENABLED
Pedestrian Injury,pedestrian accident law firm,PHRASE,ENABLED
Pedestrian Injury,pedestrian accident law firms,PHRASE,ENABLED
Pedestrian Injury,pedestrian accident lawyer,PHRASE,ENABLED
Pedestrian Injury,pedestrian accident lawyers,PHRASE,ENABLED
Pedestrian Injury,pedestrian injury attorney,PHRASE,ENABLED
Pedestrian Injury,pedestrian injury attorneys,PHRASE,ENABLED
Pedestrian Injury,pedestrian injury law firm,PHRASE,ENABLED
Pedestrian Injury,pedestrian injury law firms,PHRASE,ENABLED
Pedestrian Injury,pedestrian injury lawyer,PHRASE,ENABLED
Pedestrian Injury,pedestrian injury lawyers,PHRASE,ENABLED
Rideshare Injury,lyft accident attorney,PHRASE,ENABLED
Rideshare Injury,lyft accident attorneys,PHRASE,ENABLED
Rideshare Injury,lyft accident law firm,PHRASE,ENABLED
Rideshare Injury,lyft accident law firms,PHRASE,ENABLED
Rideshare Injury,lyft accident lawyer,PHRASE,ENABLED
Rideshare Injury,lyft accident lawyers,PHRASE,ENABLED
Rideshare Injury,lyft crash attorney,PHRASE,ENABLED
Rideshare Injury,lyft crash attorneys,PHRASE,ENABLED
Rideshare Injury,lyft crash law firm,PHRASE,ENABLED
Rideshare Injury,lyft crash law firms,PHRASE,ENABLED
Rideshare Injury,lyft crash lawyer,PHRASE,ENABLED
Rideshare Injury,lyft crash lawyers,PHRASE,ENABLED
Rideshare Injury,lyft injury attorney,PHRASE,ENABLED
Rideshare Injury,lyft injury attorneys,PHRASE,ENABLED
Rideshare Injury,lyft injury law firm,PHRASE,ENABLED
Rideshare Injury,lyft injury law firms,PHRASE,ENABLED
Rideshare Injury,lyft injury lawyer,PHRASE,ENABLED
Rideshare Injury,lyft injury lawyers,PHRASE,ENABLED
Rideshare Injury,rideshare accident attorney,PHRASE,ENABLED
Rideshare Injury,rideshare accident attorneys,PHRASE,ENABLED
Rideshare Injury,rideshare accident law firm,PHRASE,ENABLED
Rideshare Injury,rideshare accident law firms,PHRASE,ENABLED
Rideshare Injury,rideshare accident lawyer,PHRASE,ENABLED
Rideshare Injury,rideshare accident lawyers,PHRASE,ENABLED
Rideshare Injury,rideshare crash attorney,PHRASE,ENABLED
Rideshare Injury,rideshare crash attorneys,PHRASE,ENABLED
Rideshare Injury,rideshare crash law firm,PHRASE,ENABLED
Rideshare Injury,rideshare crash law firms,PHRASE,ENABLED
Rideshare Injury,rideshare crash lawyer,PHRASE,ENABLED
Rideshare Injury,rideshare crash lawyers,PHRASE,ENABLED
Rideshare Injury,rideshare injury attorney,PHRASE,ENABLED
Rideshare Injury,rideshare injury attorneys,PHRASE,ENABLED
Rideshare Injury,rideshare injury law firm,PHRASE,ENABLED
Rideshare Injury,rideshare injury law firms,PHRASE,ENABLED
Rideshare Injury,rideshare injury lawyer,PHRASE,ENABLED
Rideshare Injury,rideshare injury lawyers,PHRASE,ENABLED
Rideshare Injury,uber accident attorney,PHRASE,ENABLED
Rideshare Injury,uber accident attorneys,PHRASE,ENABLED
Rideshare Injury,uber accident law firm,PHRASE,ENABLED
Rideshare Injury,uber accident law firms,PHRASE,ENABLED
Rideshare Injury,uber accident lawyer,PHRASE,ENABLED
Rideshare Injury,uber accident lawyers,PHRASE,ENABLED
Rideshare Injury,uber crash attorney,PHRASE,ENABLED
Rideshare Injury,uber crash attorneys,PHRASE,ENABLED
Rideshare Injury,uber crash law firm,PHRASE,ENABLED
Rideshare Injury,uber crash law firms,PHRASE,ENABLED
Rideshare Injury,uber crash lawyer,PHRASE,ENABLED
Rideshare Injury,uber crash lawyers,PHRASE,ENABLED
Rideshare Injury,uber injury attorney,PHRASE,ENABLED
Rideshare Injury,uber injury attorneys,PHRASE,ENABLED
Rideshare Injury,uber injury law firm,PHRASE,ENABLED
Rideshare Injury,uber injury law firms,PHRASE,ENABLED
Rideshare Injury,uber injury lawyer,PHRASE,ENABLED
Rideshare Injury,uber injury lawyers,PHRASE,ENABLED
Slip and Fall Injury,slip and fall accident attorney,PHRASE,ENABLED
Slip and Fall Injury,slip and fall accident attorneys,PHRASE,ENABLED
Slip and Fall Injury,slip and fall accident law firm,PHRASE,ENABLED
Slip and Fall Injury,slip and fall accident law firms,PHRASE,ENABLED
Slip and Fall Injury,slip and fall accident lawyer,PHRASE,ENABLED
Slip and Fall Injury,slip and fall accident lawyers,PHRASE,ENABLED
Slip and Fall Injury,slip and fall injury attorney,PHRASE,ENABLED
Slip and Fall Injury,slip and fall injury attorneys,PHRASE,ENABLED
Slip and Fall Injury,slip and fall injury law firm,PHRASE,ENABLED
Slip and Fall Injury,slip and fall injury law firms,PHRASE,ENABLED
Slip and Fall Injury,slip and fall injury lawyer,PHRASE,ENABLED
Slip and Fall Injury,slip and fall injury lawyers,PHRASE,ENABLED
Truck Injury,truck accident attorney,PHRASE,ENABLED
Truck Injury,truck accident attorneys,PHRASE,ENABLED
Truck Injury,truck accident law firm,PHRASE,ENABLED
Truck Injury,truck accident law firms,PHRASE,ENABLED
Truck Injury,truck accident lawyer,PHRASE,ENABLED
Truck Injury,truck accident lawyers,PHRASE,ENABLED
Truck Injury,truck crash attorney,PHRASE,ENABLED
Truck Injury,truck crash attorneys,PHRASE,ENABLED
Truck Injury,truck crash law firm,PHRASE,ENABLED
Truck Injury,truck crash law firms,PHRASE,ENABLED
Truck Injury,truck crash lawyer,PHRASE,ENABLED
Truck Injury,truck crash lawyers,PHRASE,ENABLED
Truck Injury,truck injury attorney,PHRASE,ENABLED
Truck Injury,truck injury attorneys,PHRASE,ENABLED
Truck Injury,truck injury law firm,PHRASE,ENABLED
Truck Injury,truck injury law firms,PHRASE,ENABLED
Truck Injury,truck injury lawyer,PHRASE,ENABLED
Truck Injury,truck injury lawyers,PHRASE,ENABLED
