Row Type,Campaign,Campaign Type,Budget,Status,Networks,Ad group,Keyword,Match Type,Final URL,Headline 1,Headline 2,Headline 3,Headline 4,Headline 5,Headline 6,Headline 7,Headline 8,Headline 9,Headline 10,Headline 11,Headline 12,Headline 13,Headline 14,Headline 15,Headline 1 position,Headline 2 position,Headline 3 position,Headline 4 position,Headline 5 position,Headline 6 position,Headline 7 position,Headline 8 position,Headline 9 position,Headline 10 position,Headline 11 position,Headline 12 position,Headline 13 position,Headline 14 position,Headline 15 position,Description 1,Description 2,Description 3,Description 4,Description 1 position,Description 2 position,Description 3 position,Description 4 position,Link Text,Description Line 1,Description Line 2
Campaign,search / all injuries / broad,Search,50.0,Paused,Google search,,,,,,,,,,,,,,,,,,,,,,,,,,,,,,,,,,,,,,,,,,,,,
Keyword,search / all injuries / broad,,,,,Car Injury,car accident lawyer,PHRASE,,,,,,,,,,,,,,,,,,,,,,,,,,,,,,,,,,,,,,,,,,
Keyword,search / all injuries / broad,,,,,Car Injury,car accident lawyers,PHRASE,,,,,,,,,,,,,,,,,,,,,,,,,,,,,,,,,,,,,,,,,,
Keyword,search / all injuries / broad,,,,,Car Injury,car accident attorney,PHRASE,,,,,,,,,,,,,,,,,,,,,,,,,,,,,,,,,,,,,,,,,,
Keyword,search / all injuries / broad,,,,,Car Injury,car accident attorneys,PHRASE,,,,,,,,,,,,,,,,,,,,,,,,,,,,,,,,,,,,,,,,,,
Keyword,search / all injuries / broad,,,,,Car Injury,car accident law firm,PHRASE,,,,,,,,,,,,,,,,,,,,,,,,,,,,,,,,,,,,,,,,,,
Keyword,search / all injuries / broad,,,,,Car Injury,car accident law firms,PHRASE,,,,,,,,,,,,,,,,,,,,,,,,,,,,,,,,,,,,,,,,,,
Keyword,search / all injuries / broad,,,,,Car Injury,car crash lawyer,PHRASE,,,,,,,,,,,,,,,,,,,,,,,,,,,,,,,,,,,,,,,,,,
Keyword,search / all injuries / broad,,,,,Car Injury,car crash lawyers,PHRASE,,,,,,,,,,,,,,,,,,,,,,,,,,,,,,,,,,,,,,,,,,
Keyword,search / all injuries / broad,,,,,Car Injury,car crash attorney,PHRASE,,,,,,,,,,,,,,,,,,,,,,,,,,,,,,,,,,,,,,,,,,
Keyword,search / all injuries / broad,,,,,Car Injury,car crash attorneys,PHRASE,,,,,,,,,,,,,,,,,,,,,,,,,,,,,,,,,,,,,,,,,,
Keyword,search / all injuries / broad,,,,,Car Injury,car crash law firm,PHRASE,,,,,,,,,,,,,,,,,,,,,,,,,,,,,,,,,,,,,,,,,,
Keyword,search / all injuries / broad,,,,,Car Injury,car crash law firms,PHRASE,,,,,,,,,,,,,,,,,,,,,,,,,,,,,,,,,,,,,,,,,,
Keyword,search / all injuries / broad,,,,,Car Injury,car injury lawyer,PHRASE,,,,,,,,,,,,,,,,,,,,,,,,,,,,,,,,,,,,,,,,,,
Keyword,search / all injuries / broad,,,,,Car Injury,car injury lawyers,PHRASE,,,,,,,,,,,,,,,,,,,,,,,,,,,,,,,,,,,,,,,,,,
Keyword,search / all injuries / broad,,,,,Car Injury,car injury attorney,PHRASE,,,,,,,,,,,,,,,,,,,,,,,,,,,,,,,,,,,,,,,,,,
Keyword,search / all injuries / broad,,,,,Car Injury,car injury attorneys,PHRASE,,,,,,,,,,,,,,,,,,,,,,,,,,,,,,,,,,,,,,,,,,
Keyword,search / all injuries / broad,,,,,Car Injury,car injury law firm,PHRASE,,,,,,,,,,,,,,,,,,,,,,,,,,,,,,,,,,,,,,,,,,
Keyword,search / all injuries / broad,,,,,Car Injury,car injury law firms,PHRASE,,,,,,,,,,,,,,,,,,,,,,,,,,,,,,,,,,,,,,,,,,
Responsive search ad,search / all injuries / broad,,,,,Car Injury,,,https://landverpersonalinjury.com/,Injured in a car accident?,Top Car Accident Attorney,CA Car Accident Lawyers,Top-Rated California Attorneys,Ex-Insurance Defense Lawyers,We Fight For Max Compensation,Millions Secured For Victims,We Know How Insurers Think,No Fee Unless We Win,We Cover All Case Costs,100% Free Consultation 24/7,Direct Access To Your Lawyer,Speak To An Attorney Now,{KeyWord:Car Accident Lawyer CA},Injured In {LOCATION(City):California}?,1,1,1,2,2,2,2,2,3,3,3,3,3,1,1,Injured in a CA car accident? We cover all case costs. No fee unless we win. Call 24/7,Former insurance defense attorneys on your side. We know how they think & how to win.,Securing millions for accident victims statewide. Get the max settlement you deserve.,45 years injury law experience. $38.5M+ verdicts. 100% Free injury consultation.,1,2,2,2,,,
Keyword,search / all injuries / broad,,,,,Auto Injury,auto accident lawyer,PHRASE,,,,,,,,,,,,,,,,,,,,,,,,,,,,,,,,,,,,,,,,,,
Keyword,search / all injuries / broad,,,,,Auto Injury,auto accident lawyers,PHRASE,,,,,,,,,,,,,,,,,,,,,,,,,,,,,,,,,,,,,,,,,,
Keyword,search / all injuries / broad,,,,,Auto Injury,auto accident attorney,PHRASE,,,,,,,,,,,,,,,,,,,,,,,,,,,,,,,,,,,,,,,,,,
Keyword,search / all injuries / broad,,,,,Auto Injury,auto accident attorneys,PHRASE,,,,,,,,,,,,,,,,,,,,,,,,,,,,,,,,,,,,,,,,,,
Keyword,search / all injuries / broad,,,,,Auto Injury,auto accident law firm,PHRASE,,,,,,,,,,,,,,,,,,,,,,,,,,,,,,,,,,,,,,,,,,
Keyword,search / all injuries / broad,,,,,Auto Injury,auto accident law firms,PHRASE,,,,,,,,,,,,,,,,,,,,,,,,,,,,,,,,,,,,,,,,,,
Keyword,search / all injuries / broad,,,,,Auto Injury,auto crash lawyer,PHRASE,,,,,,,,,,,,,,,,,,,,,,,,,,,,,,,,,,,,,,,,,,
Keyword,search / all injuries / broad,,,,,Auto Injury,auto crash lawyers,PHRASE,,,,,,,,,,,,,,,,,,,,,,,,,,,,,,,,,,,,,,,,,,
Keyword,search / all injuries / broad,,,,,Auto Injury,auto crash attorney,PHRASE,,,,,,,,,,,,,,,,,,,,,,,,,,,,,,,,,,,,,,,,,,
Keyword,search / all injuries / broad,,,,,Auto Injury,auto crash attorneys,PHRASE,,,,,,,,,,,,,,,,,,,,,,,,,,,,,,,,,,,,,,,,,,
Keyword,search / all injuries / broad,,,,,Auto Injury,auto crash law firm,PHRASE,,,,,,,,,,,,,,,,,,,,,,,,,,,,,,,,,,,,,,,,,,
Keyword,search / all injuries / broad,,,,,Auto Injury,auto crash law firms,PHRASE,,,,,,,,,,,,,,,,,,,,,,,,,,,,,,,,,,,,,,,,,,
Keyword,search / all injuries / broad,,,,,Auto Injury,auto injury lawyer,PHRASE,,,,,,,,,,,,,,,,,,,,,,,,,,,,,,,,,,,,,,,,,,
Keyword,search / all injuries / broad,,,,,Auto Injury,auto injury lawyers,PHRASE,,,,,,,,,,,,,,,,,,,,,,,,,,,,,,,,,,,,,,,,,,
Keyword,search / all injuries / broad,,,,,Auto Injury,auto injury attorney,PHRASE,,,,,,,,,,,,,,,,,,,,,,,,,,,,,,,,,,,,,,,,,,
Keyword,search / all injuries / broad,,,,,Auto Injury,auto injury attorneys,PHRASE,,,,,,,,,,,,,,,,,,,,,,,,,,,,,,,,,,,,,,,,,,
Keyword,search / all injuries / broad,,,,,Auto Injury,auto injury law firm,PHRASE,,,,,,,,,,,,,,,,,,,,,,,,,,,,,,,,,,,,,,,,,,
Keyword,search / all injuries / broad,,,,,Auto Injury,auto injury law firms,PHRASE,,,,,,,,,,,,,,,,,,,,,,,,,,,,,,,,,,,,,,,,,,
Keyword,search / all injuries / broad,,,,,Auto Injury,automobile accident lawyer,PHRASE,,,,,,,,,,,,,,,,,,,,,,,,,,,,,,,,,,,,,,,,,,
Keyword,search / all injuries / broad,,,,,Auto Injury,automobile accident lawyers,PHRASE,,,,,,,,,,,,,,,,,,,,,,,,,,,,,,,,,,,,,,,,,,
Keyword,search / all injuries / broad,,,,,Auto Injury,automobile accident attorney,PHRASE,,,,,,,,,,,,,,,,,,,,,,,,,,,,,,,,,,,,,,,,,,
Keyword,search / all injuries / broad,,,,,Auto Injury,automobile accident attorneys,PHRASE,,,,,,,,,,,,,,,,,,,,,,,,,,,,,,,,,,,,,,,,,,
Keyword,search / all injuries / broad,,,,,Auto Injury,automobile accident law firm,PHRASE,,,,,,,,,,,,,,,,,,,,,,,,,,,,,,,,,,,,,,,,,,
Keyword,search / all injuries / broad,,,,,Auto Injury,automobile accident law firms,PHRASE,,,,,,,,,,,,,,,,,,,,,,,,,,,,,,,,,,,,,,,,,,
Keyword,search / all injuries / broad,,,,,Auto Injury,automobile crash lawyer,PHRASE,,,,,,,,,,,,,,,,,,,,,,,,,,,,,,,,,,,,,,,,,,
Keyword,search / all injuries / broad,,,,,Auto Injury,automobile crash lawyers,PHRASE,,,,,,,,,,,,,,,,,,,,,,,,,,,,,,,,,,,,,,,,,,
Keyword,search / all injuries / broad,,,,,Auto Injury,automobile crash attorney,PHRASE,,,,,,,,,,,,,,,,,,,,,,,,,,,,,,,,,,,,,,,,,,
Keyword,search / all injuries / broad,,,,,Auto Injury,automobile crash attorneys,PHRASE,,,,,,,,,,,,,,,,,,,,,,,,,,,,,,,,,,,,,,,,,,
Keyword,search / all injuries / broad,,,,,Auto Injury,automobile crash law firm,PHRASE,,,,,,,,,,,,,,,,,,,,,,,,,,,,,,,,,,,,,,,,,,
Keyword,search / all injuries / broad,,,,,Auto Injury,automobile crash law firms,PHRASE,,,,,,,,,,,,,,,,,,,,,,,,,,,,,,,,,,,,,,,,,,
Keyword,search / all injuries / broad,,,,,Auto Injury,automobile injury lawyer,PHRASE,,,,,,,,,,,,,,,,,,,,,,,,,,,,,,,,,,,,,,,,,,
Keyword,search / all injuries / broad,,,,,Auto Injury,automobile injury lawyers,PHRASE,,,,,,,,,,,,,,,,,,,,,,,,,,,,,,,,,,,,,,,,,,
Keyword,search / all injuries / broad,,,,,Auto Injury,automobile injury attorney,PHRASE,,,,,,,,,,,,,,,,,,,,,,,,,,,,,,,,,,,,,,,,,,
Keyword,search / all injuries / broad,,,,,Auto Injury,automobile injury attorneys,PHRASE,,,,,,,,,,,,,,,,,,,,,,,,,,,,,,,,,,,,,,,,,,
Keyword,search / all injuries / broad,,,,,Auto Injury,automobile injury law firm,PHRASE,,,,,,,,,,,,,,,,,,,,,,,,,,,,,,,,,,,,,,,,,,
Keyword,search / all injuries / broad,,,,,Auto Injury,automobile injury law firms,PHRASE,,,,,,,,,,,,,,,,,,,,,,,,,,,,,,,,,,,,,,,,,,
Keyword,search / all injuries / broad,,,,,Auto Injury,vehicle accident lawyer,PHRASE,,,,,,,,,,,,,,,,,,,,,,,,,,,,,,,,,,,,,,,,,,
Keyword,search / all injuries / broad,,,,,Auto Injury,vehicle accident lawyers,PHRASE,,,,,,,,,,,,,,,,,,,,,,,,,,,,,,,,,,,,,,,,,,
Keyword,search / all injuries / broad,,,,,Auto Injury,vehicle accident attorney,PHRASE,,,,,,,,,,,,,,,,,,,,,,,,,,,,,,,,,,,,,,,,,,
Keyword,search / all injuries / broad,,,,,Auto Injury,vehicle accident attorneys,PHRASE,,,,,,,,,,,,,,,,,,,,,,,,,,,,,,,,,,,,,,,,,,
Keyword,search / all injuries / broad,,,,,Auto Injury,vehicle accident law firm,PHRASE,,,,,,,,,,,,,,,,,,,,,,,,,,,,,,,,,,,,,,,,,,
Keyword,search / all injuries / broad,,,,,Auto Injury,vehicle accident law firms,PHRASE,,,,,,,,,,,,,,,,,,,,,,,,,,,,,,,,,,,,,,,,,,
Keyword,search / all injuries / broad,,,,,Auto Injury,vehicle crash lawyer,PHRASE,,,,,,,,,,,,,,,,,,,,,,,,,,,,,,,,,,,,,,,,,,
Keyword,search / all injuries / broad,,,,,Auto Injury,vehicle crash lawyers,PHRASE,,,,,,,,,,,,,,,,,,,,,,,,,,,,,,,,,,,,,,,,,,
Keyword,search / all injuries / broad,,,,,Auto Injury,vehicle crash attorney,PHRASE,,,,,,,,,,,,,,,,,,,,,,,,,,,,,,,,,,,,,,,,,,
Keyword,search / all injuries / broad,,,,,Auto Injury,vehicle crash attorneys,PHRASE,,,,,,,,,,,,,,,,,,,,,,,,,,,,,,,,,,,,,,,,,,
Keyword,search / all injuries / broad,,,,,Auto Injury,vehicle crash law firm,PHRASE,,,,,,,,,,,,,,,,,,,,,,,,,,,,,,,,,,,,,,,,,,
Keyword,search / all injuries / broad,,,,,Auto Injury,vehicle crash law firms,PHRASE,,,,,,,,,,,,,,,,,,,,,,,,,,,,,,,,,,,,,,,,,,
Keyword,search / all injuries / broad,,,,,Auto Injury,vehicle injury lawyer,PHRASE,,,,,,,,,,,,,,,,,,,,,,,,,,,,,,,,,,,,,,,,,,
Keyword,search / all injuries / broad,,,,,Auto Injury,vehicle injury lawyers,PHRASE,,,,,,,,,,,,,,,,,,,,,,,,,,,,,,,,,,,,,,,,,,
Keyword,search / all injuries / broad,,,,,Auto Injury,vehicle injury attorney,PHRASE,,,,,,,,,,,,,,,,,,,,,,,,,,,,,,,,,,,,,,,,,,
Keyword,search / all injuries / broad,,,,,Auto Injury,vehicle injury attorneys,PHRASE,,,,,,,,,,,,,,,,,,,,,,,,,,,,,,,,,,,,,,,,,,
Keyword,search / all injuries / broad,,,,,Auto Injury,vehicle injury law firm,PHRASE,,,,,,,,,,,,,,,,,,,,,,,,,,,,,,,,,,,,,,,,,,
Keyword,search / all injuries / broad,,,,,Auto Injury,vehicle injury law firms,PHRASE,,,,,,,,,,,,,,,,,,,,,,,,,,,,,,,,,,,,,,,,,,
Responsive search ad,search / all injuries / broad,,,,,Auto Injury,,,https://landverpersonalinjury.com/,Injured in a auto accident?,Top Auto Accident Attorney,CA Auto Accident Lawyers,Top-Rated California Attorneys,Ex-Insurance Defense Lawyers,We Fight For Max Compensation,Millions Secured For Victims,We Know How Insurers Think,No Fee Unless We Win,We Cover All Case Costs,100% Free Consultation 24/7,Direct Access To Your Lawyer,Speak To An Attorney Now,{KeyWord:Auto Accident Lawyer CA},Injured In {LOCATION(City):California}?,1,1,1,2,2,2,2,2,3,3,3,3,3,1,1,Injured in a CA auto accident? We cover all case costs. No fee unless we win. Call 24/7,Former insurance defense attorneys on your side. We know how they think & how to win.,Securing millions for accident victims statewide. Get the max settlement you deserve.,45 years injury law experience. $38.5M+ verdicts. 100% Free injury consultation.,1,2,2,2,,,
Keyword,search / all injuries / broad,,,,,Motorcycle Injury,motorcycle accident lawyer,PHRASE,,,,,,,,,,,,,,,,,,,,,,,,,,,,,,,,,,,,,,,,,,
Keyword,search / all injuries / broad,,,,,Motorcycle Injury,motorcycle accident lawyers,PHRASE,,,,,,,,,,,,,,,,,,,,,,,,,,,,,,,,,,,,,,,,,,
Keyword,search / all injuries / broad,,,,,Motorcycle Injury,motorcycle accident attorney,PHRASE,,,,,,,,,,,,,,,,,,,,,,,,,,,,,,,,,,,,,,,,,,
Keyword,search / all injuries / broad,,,,,Motorcycle Injury,motorcycle accident attorneys,PHRASE,,,,,,,,,,,,,,,,,,,,,,,,,,,,,,,,,,,,,,,,,,
Keyword,search / all injuries / broad,,,,,Motorcycle Injury,motorcycle accident law firm,PHRASE,,,,,,,,,,,,,,,,,,,,,,,,,,,,,,,,,,,,,,,,,,
Keyword,search / all injuries / broad,,,,,Motorcycle Injury,motorcycle accident law firms,PHRASE,,,,,,,,,,,,,,,,,,,,,,,,,,,,,,,,,,,,,,,,,,
Keyword,search / all injuries / broad,,,,,Motorcycle Injury,motorcycle crash lawyer,PHRASE,,,,,,,,,,,,,,,,,,,,,,,,,,,,,,,,,,,,,,,,,,
Keyword,search / all injuries / broad,,,,,Motorcycle Injury,motorcycle crash lawyers,PHRASE,,,,,,,,,,,,,,,,,,,,,,,,,,,,,,,,,,,,,,,,,,
Keyword,search / all injuries / broad,,,,,Motorcycle Injury,motorcycle crash attorney,PHRASE,,,,,,,,,,,,,,,,,,,,,,,,,,,,,,,,,,,,,,,,,,
Keyword,search / all injuries / broad,,,,,Motorcycle Injury,motorcycle crash attorneys,PHRASE,,,,,,,,,,,,,,,,,,,,,,,,,,,,,,,,,,,,,,,,,,
Keyword,search / all injuries / broad,,,,,Motorcycle Injury,motorcycle crash law firm,PHRASE,,,,,,,,,,,,,,,,,,,,,,,,,,,,,,,,,,,,,,,,,,
Keyword,search / all injuries / broad,,,,,Motorcycle Injury,motorcycle crash law firms,PHRASE,,,,,,,,,,,,,,,,,,,,,,,,,,,,,,,,,,,,,,,,,,
Keyword,search / all injuries / broad,,,,,Motorcycle Injury,motorcycle injury lawyer,PHRASE,,,,,,,,,,,,,,,,,,,,,,,,,,,,,,,,,,,,,,,,,,
Keyword,search / all injuries / broad,,,,,Motorcycle Injury,motorcycle injury lawyers,PHRASE,,,,,,,,,,,,,,,,,,,,,,,,,,,,,,,,,,,,,,,,,,
Keyword,search / all injuries / broad,,,,,Motorcycle Injury,motorcycle injury attorney,PHRASE,,,,,,,,,,,,,,,,,,,,,,,,,,,,,,,,,,,,,,,,,,
Keyword,search / all injuries / broad,,,,,Motorcycle Injury,motorcycle injury attorneys,PHRASE,,,,,,,,,,,,,,,,,,,,,,,,,,,,,,,,,,,,,,,,,,
Keyword,search / all injuries / broad,,,,,Motorcycle Injury,motorcycle injury law firm,PHRASE,,,,,,,,,,,,,,,,,,,,,,,,,,,,,,,,,,,,,,,,,,
Keyword,search / all injuries / broad,,,,,Motorcycle Injury,motorcycle injury law firms,PHRASE,,,,,,,,,,,,,,,,,,,,,,,,,,,,,,,,,,,,,,,,,,
Responsive search ad,search / all injuries / broad,,,,,Motorcycle Injury,,,https://landverpersonalinjury.com/,Injured in a motorcycle accident?,Top Motorcycle Accident Attorney,CA Motorcycle Accident Lawyers,Top-Rated California Attorneys,Ex-Insurance Defense Lawyers,We Fight For Max Compensation,Millions Secured For Victims,We Know How Insurers Think,No Fee Unless We Win,We Cover All Case Costs,100% Free Consultation 24/7,Direct Access To Your Lawyer,Speak To An Attorney Now,{KeyWord:Motorcycle Accident Lawyer CA},Injured In {LOCATION(City):California}?,1,1,1,2,2,2,2,2,3,3,3,3,3,1,1,Injured in a motorcycle accident? We cover all case costs. No fee unless we win. Call 24/7,Former insurance defense attorneys on your side. We know how they think & how to win.,Securing millions for accident victims statewide. Get the max settlement you deserve.,45 years injury law experience. $38.5M+ verdicts. 100% Free injury consultation.,1,2,2,2,,,
Keyword,search / all injuries / broad,,,,,Truck Injury,truck accident lawyer,PHRASE,,,,,,,,,,,,,,,,,,,,,,,,,,,,,,,,,,,,,,,,,,
Keyword,search / all injuries / broad,,,,,Truck Injury,truck accident lawyers,PHRASE,,,,,,,,,,,,,,,,,,,,,,,,,,,,,,,,,,,,,,,,,,
Keyword,search / all injuries / broad,,,,,Truck Injury,truck accident attorney,PHRASE,,,,,,,,,,,,,,,,,,,,,,,,,,,,,,,,,,,,,,,,,,
Keyword,search / all injuries / broad,,,,,Truck Injury,truck accident attorneys,PHRASE,,,,,,,,,,,,,,,,,,,,,,,,,,,,,,,,,,,,,,,,,,
Keyword,search / all injuries / broad,,,,,Truck Injury,truck accident law firm,PHRASE,,,,,,,,,,,,,,,,,,,,,,,,,,,,,,,,,,,,,,,,,,
Keyword,search / all injuries / broad,,,,,Truck Injury,truck accident law firms,PHRASE,,,,,,,,,,,,,,,,,,,,,,,,,,,,,,,,,,,,,,,,,,
Keyword,search / all injuries / broad,,,,,Truck Injury,truck crash lawyer,PHRASE,,,,,,,,,,,,,,,,,,,,,,,,,,,,,,,,,,,,,,,,,,
Keyword,search / all injuries / broad,,,,,Truck Injury,truck crash lawyers,PHRASE,,,,,,,,,,,,,,,,,,,,,,,,,,,,,,,,,,,,,,,,,,
Keyword,search / all injuries / broad,,,,,Truck Injury,truck crash attorney,PHRASE,,,,,,,,,,,,,,,,,,,,,,,,,,,,,,,,,,,,,,,,,,
Keyword,search / all injuries / broad,,,,,Truck Injury,truck crash attorneys,PHRASE,,,,,,,,,,,,,,,,,,,,,,,,,,,,,,,,,,,,,,,,,,
Keyword,search / all injuries / broad,,,,,Truck Injury,truck crash law firm,PHRASE,,,,,,,,,,,,,,,,,,,,,,,,,,,,,,,,,,,,,,,,,,
Keyword,search / all injuries / broad,,,,,Truck Injury,truck crash law firms,PHRASE,,,,,,,,,,,,,,,,,,,,,,,,,,,,,,,,,,,,,,,,,,
Keyword,search / all injuries / broad,,,,,Truck Injury,truck injury lawyer,PHRASE,,,,,,,,,,,,,,,,,,,,,,,,,,,,,,,,,,,,,,,,,,
Keyword,search / all injuries / broad,,,,,Truck Injury,truck injury lawyers,PHRASE,,,,,,,,,,,,,,,,,,,,,,,,,,,,,,,,,,,,,,,,,,
Keyword,search / all injuries / broad,,,,,Truck Injury,truck injury attorney,PHRASE,,,,,,,,,,,,,,,,,,,,,,,,,,,,,,,,,,,,,,,,,,
Keyword,search / all injuries / broad,,,,,Truck Injury,truck injury attorneys,PHRASE,,,,,,,,,,,,,,,,,,,,,,,,,,,,,,,,,,,,,,,,,,
Keyword,search / all injuries / broad,,,,,Truck Injury,truck injury law firm,PHRASE,,,,,,,,,,,,,,,,,,,,,,,,,,,,,,,,,,,,,,,,,,
Keyword,search / all injuries / broad,,,,,Truck Injury,truck injury law firms,PHRASE,,,,,,,,,,,,,,,,,,,,,,,,,,,,,,,,,,,,,,,,,,
Responsive search ad,search / all injuries / broad,,,,,Truck Injury,,,https://landverpersonalinjury.com/,Injured in a truck accident?,Top Truck Accident Attorney,CA Truck Accident Lawyers,Top-Rated California Attorneys,Ex-Insurance Defense Lawyers,We Fight For Max Compensation,Millions Secured For Victims,We Know How Insurers Think,No Fee Unless We Win,We Cover All Case Costs,100% Free Consultation 24/7,Direct Access To Your Lawyer,Speak To An Attorney Now,{KeyWord:Truck Accident Lawyer CA},Injured In {LOCATION(City):California}?,1,1,1,2,2,2,2,2,3,3,3,3,3,1,1,Injured in a CA truck accident? We cover all case costs. No fee unless we win. Call 24/7,Former insurance defense attorneys on your side. We know how they think & how to win.,Securing millions for accident victims statewide. Get the max settlement you deserve.,45 years injury law experience. $38.5M+ verdicts. 100% Free injury consultation.,1,2,2,2,,,
Keyword,search / all injuries / broad,,,,,18 wheeler Injury,18 wheeler accident lawyer,PHRASE,,,,,,,,,,,,,,,,,,,,,,,,,,,,,,,,,,,,,,,,,,
Keyword,search / all injuries / broad,,,,,18 wheeler Injury,18 wheeler accident lawyers,PHRASE,,,,,,,,,,,,,,,,,,,,,,,,,,,,,,,,,,,,,,,,,,
Keyword,search / all injuries / broad,,,,,18 wheeler Injury,18 wheeler accident attorney,PHRASE,,,,,,,,,,,,,,,,,,,,,,,,,,,,,,,,,,,,,,,,,,
Keyword,search / all injuries / broad,,,,,18 wheeler Injury,18 wheeler accident attorneys,PHRASE,,,,,,,,,,,,,,,,,,,,,,,,,,,,,,,,,,,,,,,,,,
Keyword,search / all injuries / broad,,,,,18 wheeler Injury,18 wheeler accident law firm,PHRASE,,,,,,,,,,,,,,,,,,,,,,,,,,,,,,,,,,,,,,,,,,
Keyword,search / all injuries / broad,,,,,18 wheeler Injury,18 wheeler accident law firms,PHRASE,,,,,,,,,,,,,,,,,,,,,,,,,,,,,,,,,,,,,,,,,,
Keyword,search / all injuries / broad,,,,,18 wheeler Injury,18 wheeler crash lawyer,PHRASE,,,,,,,,,,,,,,,,,,,,,,,,,,,,,,,,,,,,,,,,,,
Keyword,search / all injuries / broad,,,,,18 wheeler Injury,18 wheeler crash lawyers,PHRASE,,,,,,,,,,,,,,,,,,,,,,,,,,,,,,,,,,,,,,,,,,
Keyword,search / all injuries / broad,,,,,18 wheeler Injury,18 wheeler crash attorney,PHRASE,,,,,,,,,,,,,,,,,,,,,,,,,,,,,,,,,,,,,,,,,,
Keyword,search / all injuries / broad,,,,,18 wheeler Injury,18 wheeler crash attorneys,PHRASE,,,,,,,,,,,,,,,,,,,,,,,,,,,,,,,,,,,,,,,,,,
Keyword,search / all injuries / broad,,,,,18 wheeler Injury,18 wheeler crash law firm,PHRASE,,,,,,,,,,,,,,,,,,,,,,,,,,,,,,,,,,,,,,,,,,
Keyword,search / all injuries / broad,,,,,18 wheeler Injury,18 wheeler crash law firms,PHRASE,,,,,,,,,,,,,,,,,,,,,,,,,,,,,,,,,,,,,,,,,,
Keyword,search / all injuries / broad,,,,,18 wheeler Injury,18 wheeler injury lawyer,PHRASE,,,,,,,,,,,,,,,,,,,,,,,,,,,,,,,,,,,,,,,,,,
Keyword,search / all injuries / broad,,,,,18 wheeler Injury,18 wheeler injury lawyers,PHRASE,,,,,,,,,,,,,,,,,,,,,,,,,,,,,,,,,,,,,,,,,,
Keyword,search / all injuries / broad,,,,,18 wheeler Injury,18 wheeler injury attorney,PHRASE,,,,,,,,,,,,,,,,,,,,,,,,,,,,,,,,,,,,,,,,,,
Keyword,search / all injuries / broad,,,,,18 wheeler Injury,18 wheeler injury attorneys,PHRASE,,,,,,,,,,,,,,,,,,,,,,,,,,,,,,,,,,,,,,,,,,
Keyword,search / all injuries / broad,,,,,18 wheeler Injury,18 wheeler injury law firm,PHRASE,,,,,,,,,,,,,,,,,,,,,,,,,,,,,,,,,,,,,,,,,,
Keyword,search / all injuries / broad,,,,,18 wheeler Injury,18 wheeler injury law firms,PHRASE,,,,,,,,,,,,,,,,,,,,,,,,,,,,,,,,,,,,,,,,,,
Responsive search ad,search / all injuries / broad,,,,,18 wheeler Injury,,,https://landverpersonalinjury.com/,Injured in a 18-wheeler accident?,Top 18-wheeler Accident Attorney,CA 18-wheeler Accident Lawyers,Top-Rated California Attorneys,Ex-Insurance Defense Lawyers,We Fight For Max Compensation,Millions Secured For Victims,We Know How Insurers Think,No Fee Unless We Win,We Cover All Case Costs,100% Free Consultation 24/7,Direct Access To Your Lawyer,Speak To An Attorney Now,{KeyWord:18-wheeler Accident Lawyer CA},Injured In {LOCATION(City):California}?,1,1,1,2,2,2,2,2,3,3,3,3,3,1,1,Injured in a 18-wheeler accident? We cover all case costs. No fee unless we win. Call 24/7,Former insurance defense attorneys on your side. We know how they think & how to win.,Securing millions for accident victims statewide. Get the max settlement you deserve.,45 years injury law experience. $38.5M+ verdicts. 100% Free injury consultation.,1,2,2,2,,,
Keyword,search / all injuries / broad,,,,,Bus Injury,bus accident lawyer,PHRASE,,,,,,,,,,,,,,,,,,,,,,,,,,,,,,,,,,,,,,,,,,
Keyword,search / all injuries / broad,,,,,Bus Injury,bus accident lawyers,PHRASE,,,,,,,,,,,,,,,,,,,,,,,,,,,,,,,,,,,,,,,,,,
Keyword,search / all injuries / broad,,,,,Bus Injury,bus accident attorney,PHRASE,,,,,,,,,,,,,,,,,,,,,,,,,,,,,,,,,,,,,,,,,,
Keyword,search / all injuries / broad,,,,,Bus Injury,bus accident attorneys,PHRASE,,,,,,,,,,,,,,,,,,,,,,,,,,,,,,,,,,,,,,,,,,
Keyword,search / all injuries / broad,,,,,Bus Injury,bus accident law firm,PHRASE,,,,,,,,,,,,,,,,,,,,,,,,,,,,,,,,,,,,,,,,,,
Keyword,search / all injuries / broad,,,,,Bus Injury,bus accident law firms,PHRASE,,,,,,,,,,,,,,,,,,,,,,,,,,,,,,,,,,,,,,,,,,
Keyword,search / all injuries / broad,,,,,Bus Injury,bus crash lawyer,PHRASE,,,,,,,,,,,,,,,,,,,,,,,,,,,,,,,,,,,,,,,,,,
Keyword,search / all injuries / broad,,,,,Bus Injury,bus crash lawyers,PHRASE,,,,,,,,,,,,,,,,,,,,,,,,,,,,,,,,,,,,,,,,,,
Keyword,search / all injuries / broad,,,,,Bus Injury,bus crash attorney,PHRASE,,,,,,,,,,,,,,,,,,,,,,,,,,,,,,,,,,,,,,,,,,
Keyword,search / all injuries / broad,,,,,Bus Injury,bus crash attorneys,PHRASE,,,,,,,,,,,,,,,,,,,,,,,,,,,,,,,,,,,,,,,,,,
Keyword,search / all injuries / broad,,,,,Bus Injury,bus crash law firm,PHRASE,,,,,,,,,,,,,,,,,,,,,,,,,,,,,,,,,,,,,,,,,,
Keyword,search / all injuries / broad,,,,,Bus Injury,bus crash law firms,PHRASE,,,,,,,,,,,,,,,,,,,,,,,,,,,,,,,,,,,,,,,,,,
Keyword,search / all injuries / broad,,,,,Bus Injury,bus injury lawyer,PHRASE,,,,,,,,,,,,,,,,,,,,,,,,,,,,,,,,,,,,,,,,,,
Keyword,search / all injuries / broad,,,,,Bus Injury,bus injury lawyers,PHRASE,,,,,,,,,,,,,,,,,,,,,,,,,,,,,,,,,,,,,,,,,,
Keyword,search / all injuries / broad,,,,,Bus Injury,bus injury attorney,PHRASE,,,,,,,,,,,,,,,,,,,,,,,,,,,,,,,,,,,,,,,,,,
Keyword,search / all injuries / broad,,,,,Bus Injury,bus injury attorneys,PHRASE,,,,,,,,,,,,,,,,,,,,,,,,,,,,,,,,,,,,,,,,,,
Keyword,search / all injuries / broad,,,,,Bus Injury,bus injury law firm,PHRASE,,,,,,,,,,,,,,,,,,,,,,,,,,,,,,,,,,,,,,,,,,
Keyword,search / all injuries / broad,,,,,Bus Injury,bus injury law firms,PHRASE,,,,,,,,,,,,,,,,,,,,,,,,,,,,,,,,,,,,,,,,,,
Responsive search ad,search / all injuries / broad,,,,,Bus Injury,,,https://landverpersonalinjury.com/,Injured in a bus accident?,Top Bus Accident Attorney,CA Bus Accident Lawyers,Top-Rated California Attorneys,Ex-Insurance Defense Lawyers,We Fight For Max Compensation,Millions Secured For Victims,We Know How Insurers Think,No Fee Unless We Win,We Cover All Case Costs,100% Free Consultation 24/7,Direct Access To Your Lawyer,Speak To An Attorney Now,{KeyWord:Bus Accident Lawyer CA},Injured In {LOCATION(City):California}?,1,1,1,2,2,2,2,2,3,3,3,3,3,1,1,Injured in a CA bus accident? We cover all case costs. No fee unless we win. Call 24/7,Former insurance defense attorneys on your side. We know how they think & how to win.,Securing millions for accident victims statewide. Get the max settlement you deserve.,45 years injury law experience. $38.5M+ verdicts. 100% Free injury consultation.,1,2,2,2,,,
Keyword,search / all injuries / broad,,,,,Bicycle Injury,bicycle accident lawyer,PHRASE,,,,,,,,,,,,,,,,,,,,,,,,,,,,,,,,,,,,,,,,,,
Keyword,search / all injuries / broad,,,,,Bicycle Injury,bicycle accident lawyers,PHRASE,,,,,,,,,,,,,,,,,,,,,,,,,,,,,,,,,,,,,,,,,,
Keyword,search / all injuries / broad,,,,,Bicycle Injury,bicycle accident attorney,PHRASE,,,,,,,,,,,,,,,,,,,,,,,,,,,,,,,,,,,,,,,,,,
Keyword,search / all injuries / broad,,,,,Bicycle Injury,bicycle accident attorneys,PHRASE,,,,,,,,,,,,,,,,,,,,,,,,,,,,,,,,,,,,,,,,,,
Keyword,search / all injuries / broad,,,,,Bicycle Injury,bicycle accident law firm,PHRASE,,,,,,,,,,,,,,,,,,,,,,,,,,,,,,,,,,,,,,,,,,
Keyword,search / all injuries / broad,,,,,Bicycle Injury,bicycle accident law firms,PHRASE,,,,,,,,,,,,,,,,,,,,,,,,,,,,,,,,,,,,,,,,,,
Keyword,search / all injuries / broad,,,,,Bicycle Injury,bicycle crash lawyer,PHRASE,,,,,,,,,,,,,,,,,,,,,,,,,,,,,,,,,,,,,,,,,,
Keyword,search / all injuries / broad,,,,,Bicycle Injury,bicycle crash lawyers,PHRASE,,,,,,,,,,,,,,,,,,,,,,,,,,,,,,,,,,,,,,,,,,
Keyword,search / all injuries / broad,,,,,Bicycle Injury,bicycle crash attorney,PHRASE,,,,,,,,,,,,,,,,,,,,,,,,,,,,,,,,,,,,,,,,,,
Keyword,search / all injuries / broad,,,,,Bicycle Injury,bicycle crash attorneys,PHRASE,,,,,,,,,,,,,,,,,,,,,,,,,,,,,,,,,,,,,,,,,,
Keyword,search / all injuries / broad,,,,,Bicycle Injury,bicycle crash law firm,PHRASE,,,,,,,,,,,,,,,,,,,,,,,,,,,,,,,,,,,,,,,,,,
Keyword,search / all injuries / broad,,,,,Bicycle Injury,bicycle crash law firms,PHRASE,,,,,,,,,,,,,,,,,,,,,,,,,,,,,,,,,,,,,,,,,,
Keyword,search / all injuries / broad,,,,,Bicycle Injury,bicycle injury lawyer,PHRASE,,,,,,,,,,,,,,,,,,,,,,,,,,,,,,,,,,,,,,,,,,
Keyword,search / all injuries / broad,,,,,Bicycle Injury,bicycle injury lawyers,PHRASE,,,,,,,,,,,,,,,,,,,,,,,,,,,,,,,,,,,,,,,,,,
Keyword,search / all injuries / broad,,,,,Bicycle Injury,bicycle injury attorney,PHRASE,,,,,,,,,,,,,,,,,,,,,,,,,,,,,,,,,,,,,,,,,,
Keyword,search / all injuries / broad,,,,,Bicycle Injury,bicycle injury attorneys,PHRASE,,,,,,,,,,,,,,,,,,,,,,,,,,,,,,,,,,,,,,,,,,
Keyword,search / all injuries / broad,,,,,Bicycle Injury,bicycle injury law firm,PHRASE,,,,,,,,,,,,,,,,,,,,,,,,,,,,,,,,,,,,,,,,,,
Keyword,search / all injuries / broad,,,,,Bicycle Injury,bicycle injury law firms,PHRASE,,,,,,,,,,,,,,,,,,,,,,,,,,,,,,,,,,,,,,,,,,
Responsive search ad,search / all injuries / broad,,,,,Bicycle Injury,,,https://landverpersonalinjury.com/,Injured in a bicycle accident?,Top Bicycle Accident Attorney,CA Bicycle Accident Lawyers,Top-Rated California Attorneys,Ex-Insurance Defense Lawyers,We Fight For Max Compensation,Millions Secured For Victims,We Know How Insurers Think,No Fee Unless We Win,We Cover All Case Costs,100% Free Consultation 24/7,Direct Access To Your Lawyer,Speak To An Attorney Now,{KeyWord:Bicycle Accident Lawyer CA},Injured In {LOCATION(City):California}?,1,1,1,2,2,2,2,2,3,3,3,3,3,1,1,Injured in a CA bicycle accident? We cover all case costs. No fee unless we win. Call 24/7,Former insurance defense attorneys on your side. We know how they think & how to win.,Securing millions for accident victims statewide. Get the max settlement you deserve.,45 years injury law experience. $38.5M+ verdicts. 100% Free injury consultation.,1,2,2,2,,,
Keyword,search / all injuries / broad,,,,,Rideshare Injury,uber accident lawyer,PHRASE,,,,,,,,,,,,,,,,,,,,,,,,,,,,,,,,,,,,,,,,,,
Keyword,search / all injuries / broad,,,,,Rideshare Injury,uber accident lawyers,PHRASE,,,,,,,,,,,,,,,,,,,,,,,,,,,,,,,,,,,,,,,,,,
Keyword,search / all injuries / broad,,,,,Rideshare Injury,uber accident attorney,PHRASE,,,,,,,,,,,,,,,,,,,,,,,,,,,,,,,,,,,,,,,,,,
Keyword,search / all injuries / broad,,,,,Rideshare Injury,uber accident attorneys,PHRASE,,,,,,,,,,,,,,,,,,,,,,,,,,,,,,,,,,,,,,,,,,
Keyword,search / all injuries / broad,,,,,Rideshare Injury,uber accident law firm,PHRASE,,,,,,,,,,,,,,,,,,,,,,,,,,,,,,,,,,,,,,,,,,
Keyword,search / all injuries / broad,,,,,Rideshare Injury,uber accident law firms,PHRASE,,,,,,,,,,,,,,,,,,,,,,,,,,,,,,,,,,,,,,,,,,
Keyword,search / all injuries / broad,,,,,Rideshare Injury,uber crash lawyer,PHRASE,,,,,,,,,,,,,,,,,,,,,,,,,,,,,,,,,,,,,,,,,,
Keyword,search / all injuries / broad,,,,,Rideshare Injury,uber crash lawyers,PHRASE,,,,,,,,,,,,,,,,,,,,,,,,,,,,,,,,,,,,,,,,,,
Keyword,search / all injuries / broad,,,,,Rideshare Injury,uber crash attorney,PHRASE,,,,,,,,,,,,,,,,,,,,,,,,,,,,,,,,,,,,,,,,,,
Keyword,search / all injuries / broad,,,,,Rideshare Injury,uber crash attorneys,PHRASE,,,,,,,,,,,,,,,,,,,,,,,,,,,,,,,,,,,,,,,,,,
Keyword,search / all injuries / broad,,,,,Rideshare Injury,uber crash law firm,PHRASE,,,,,,,,,,,,,,,,,,,,,,,,,,,,,,,,,,,,,,,,,,
Keyword,search / all injuries / broad,,,,,Rideshare Injury,uber crash law firms,PHRASE,,,,,,,,,,,,,,,,,,,,,,,,,,,,,,,,,,,,,,,,,,
Keyword,search / all injuries / broad,,,,,Rideshare Injury,uber injury lawyer,PHRASE,,,,,,,,,,,,,,,,,,,,,,,,,,,,,,,,,,,,,,,,,,
Keyword,search / all injuries / broad,,,,,Rideshare Injury,uber injury lawyers,PHRASE,,,,,,,,,,,,,,,,,,,,,,,,,,,,,,,,,,,,,,,,,,
Keyword,search / all injuries / broad,,,,,Rideshare Injury,uber injury attorney,PHRASE,,,,,,,,,,,,,,,,,,,,,,,,,,,,,,,,,,,,,,,,,,
Keyword,search / all injuries / broad,,,,,Rideshare Injury,uber injury attorneys,PHRASE,,,,,,,,,,,,,,,,,,,,,,,,,,,,,,,,,,,,,,,,,,
Keyword,search / all injuries / broad,,,,,Rideshare Injury,uber injury law firm,PHRASE,,,,,,,,,,,,,,,,,,,,,,,,,,,,,,,,,,,,,,,,,,
Keyword,search / all injuries / broad,,,,,Rideshare Injury,uber injury law firms,PHRASE,,,,,,,,,,,,,,,,,,,,,,,,,,,,,,,,,,,,,,,,,,
Keyword,search / all injuries / broad,,,,,Rideshare Injury,lyft accident lawyer,PHRASE,,,,,,,,,,,,,,,,,,,,,,,,,,,,,,,,,,,,,,,,,,
Keyword,search / all injuries / broad,,,,,Rideshare Injury,lyft accident lawyers,PHRASE,,,,,,,,,,,,,,,,,,,,,,,,,,,,,,,,,,,,,,,,,,
Keyword,search / all injuries / broad,,,,,Rideshare Injury,lyft accident attorney,PHRASE,,,,,,,,,,,,,,,,,,,,,,,,,,,,,,,,,,,,,,,,,,
Keyword,search / all injuries / broad,,,,,Rideshare Injury,lyft accident attorneys,PHRASE,,,,,,,,,,,,,,,,,,,,,,,,,,,,,,,,,,,,,,,,,,
Keyword,search / all injuries / broad,,,,,Rideshare Injury,lyft accident law firm,PHRASE,,,,,,,,,,,,,,,,,,,,,,,,,,,,,,,,,,,,,,,,,,
Keyword,search / all injuries / broad,,,,,Rideshare Injury,lyft accident law firms,PHRASE,,,,,,,,,,,,,,,,,,,,,,,,,,,,,,,,,,,,,,,,,,
Keyword,search / all injuries / broad,,,,,Rideshare Injury,lyft crash lawyer,PHRASE,,,,,,,,,,,,,,,,,,,,,,,,,,,,,,,,,,,,,,,,,,
Keyword,search / all injuries / broad,,,,,Rideshare Injury,lyft crash lawyers,PHRASE,,,,,,,,,,,,,,,,,,,,,,,,,,,,,,,,,,,,,,,,,,
Keyword,search / all injuries / broad,,,,,Rideshare Injury,lyft crash attorney,PHRASE,,,,,,,,,,,,,,,,,,,,,,,,,,,,,,,,,,,,,,,,,,
Keyword,search / all injuries / broad,,,,,Rideshare Injury,lyft crash attorneys,PHRASE,,,,,,,,,,,,,,,,,,,,,,,,,,,,,,,,,,,,,,,,,,
Keyword,search / all injuries / broad,,,,,Rideshare Injury,lyft crash law firm,PHRASE,,,,,,,,,,,,,,,,,,,,,,,,,,,,,,,,,,,,,,,,,,
Keyword,search / all injuries / broad,,,,,Rideshare Injury,lyft crash law firms,PHRASE,,,,,,,,,,,,,,,,,,,,,,,,,,,,,,,,,,,,,,,,,,
Keyword,search / all injuries / broad,,,,,Rideshare Injury,lyft injury lawyer,PHRASE,,,,,,,,,,,,,,,,,,,,,,,,,,,,,,,,,,,,,,,,,,
Keyword,search / all injuries / broad,,,,,Rideshare Injury,lyft injury lawyers,PHRASE,,,,,,,,,,,,,,,,,,,,,,,,,,,,,,,,,,,,,,,,,,
Keyword,search / all injuries / broad,,,,,Rideshare Injury,lyft injury attorney,PHRASE,,,,,,,,,,,,,,,,,,,,,,,,,,,,,,,,,,,,,,,,,,
Keyword,search / all injuries / broad,,,,,Rideshare Injury,lyft injury attorneys,PHRASE,,,,,,,,,,,,,,,,,,,,,,,,,,,,,,,,,,,,,,,,,,
Keyword,search / all injuries / broad,,,,,Rideshare Injury,lyft injury law firm,PHRASE,,,,,,,,,,,,,,,,,,,,,,,,,,,,,,,,,,,,,,,,,,
Keyword,search / all injuries / broad,,,,,Rideshare Injury,lyft injury law firms,PHRASE,,,,,,,,,,,,,,,,,,,,,,,,,,,,,,,,,,,,,,,,,,
Keyword,search / all injuries / broad,,,,,Rideshare Injury,rideshare accident lawyer,PHRASE,,,,,,,,,,,,,,,,,,,,,,,,,,,,,,,,,,,,,,,,,,
Keyword,search / all injuries / broad,,,,,Rideshare Injury,rideshare accident lawyers,PHRASE,,,,,,,,,,,,,,,,,,,,,,,,,,,,,,,,,,,,,,,,,,
Keyword,search / all injuries / broad,,,,,Rideshare Injury,rideshare accident attorney,PHRASE,,,,,,,,,,,,,,,,,,,,,,,,,,,,,,,,,,,,,,,,,,
Keyword,search / all injuries / broad,,,,,Rideshare Injury,rideshare accident attorneys,PHRASE,,,,,,,,,,,,,,,,,,,,,,,,,,,,,,,,,,,,,,,,,,
Keyword,search / all injuries / broad,,,,,Rideshare Injury,rideshare accident law firm,PHRASE,,,,,,,,,,,,,,,,,,,,,,,,,,,,,,,,,,,,,,,,,,
Keyword,search / all injuries / broad,,,,,Rideshare Injury,rideshare accident law firms,PHRASE,,,,,,,,,,,,,,,,,,,,,,,,,,,,,,,,,,,,,,,,,,
Keyword,search / all injuries / broad,,,,,Rideshare Injury,rideshare crash lawyer,PHRASE,,,,,,,,,,,,,,,,,,,,,,,,,,,,,,,,,,,,,,,,,,
Keyword,search / all injuries / broad,,,,,Rideshare Injury,rideshare crash lawyers,PHRASE,,,,,,,,,,,,,,,,,,,,,,,,,,,,,,,,,,,,,,,,,,
Keyword,search / all injuries / broad,,,,,Rideshare Injury,rideshare crash attorney,PHRASE,,,,,,,,,,,,,,,,,,,,,,,,,,,,,,,,,,,,,,,,,,
Keyword,search / all injuries / broad,,,,,Rideshare Injury,rideshare crash attorneys,PHRASE,,,,,,,,,,,,,,,,,,,,,,,,,,,,,,,,,,,,,,,,,,
Keyword,search / all injuries / broad,,,,,Rideshare Injury,rideshare crash law firm,PHRASE,,,,,,,,,,,,,,,,,,,,,,,,,,,,,,,,,,,,,,,,,,
Keyword,search / all injuries / broad,,,,,Rideshare Injury,rideshare crash law firms,PHRASE,,,,,,,,,,,,,,,,,,,,,,,,,,,,,,,,,,,,,,,,,,
Keyword,search / all injuries / broad,,,,,Rideshare Injury,rideshare injury lawyer,PHRASE,,,,,,,,,,,,,,,,,,,,,,,,,,,,,,,,,,,,,,,,,,
Keyword,search / all injuries / broad,,,,,Rideshare Injury,rideshare injury lawyers,PHRASE,,,,,,,,,,,,,,,,,,,,,,,,,,,,,,,,,,,,,,,,,,
Keyword,search / all injuries / broad,,,,,Rideshare Injury,rideshare injury attorney,PHRASE,,,,,,,,,,,,,,,,,,,,,,,,,,,,,,,,,,,,,,,,,,
Keyword,search / all injuries / broad,,,,,Rideshare Injury,rideshare injury attorneys,PHRASE,,,,,,,,,,,,,,,,,,,,,,,,,,,,,,,,,,,,,,,,,,
Keyword,search / all injuries / broad,,,,,Rideshare Injury,rideshare injury law firm,PHRASE,,,,,,,,,,,,,,,,,,,,,,,,,,,,,,,,,,,,,,,,,,
Keyword,search / all injuries / broad,,,,,Rideshare Injury,rideshare injury law firms,PHRASE,,,,,,,,,,,,,,,,,,,,,,,,,,,,,,,,,,,,,,,,,,
Responsive search ad,search / all injuries / broad,,,,,Rideshare Injury,,,https://landverpersonalinjury.com/,Injured in a rideshare accident?,Top Rideshare Accident Attorney,CA Rideshare Accident Lawyers,Top-Rated California Attorneys,Ex-Insurance Defense Lawyers,We Fight For Max Compensation,Millions Secured For Victims,We Know How Insurers Think,No Fee Unless We Win,We Cover All Case Costs,100% Free Consultation 24/7,Direct Access To Your Lawyer,Speak To An Attorney Now,{KeyWord:Rideshare Accident Lawyer CA},Injured In {LOCATION(City):California}?,1,1,1,2,2,2,2,2,3,3,3,3,3,1,1,Injured in a rideshare accident? We cover all case costs. No fee unless we win. Call 24/7,Former insurance defense attorneys on your side. We know how they think & how to win.,Securing millions for accident victims statewide. Get the max settlement you deserve.,45 years injury law experience. $38.5M+ verdicts. 100% Free injury consultation.,1,2,2,2,,,
Keyword,search / all injuries / broad,,,,,Pedestrian Injury,pedestrian accident lawyer,PHRASE,,,,,,,,,,,,,,,,,,,,,,,,,,,,,,,,,,,,,,,,,,
Keyword,search / all injuries / broad,,,,,Pedestrian Injury,pedestrian accident lawyers,PHRASE,,,,,,,,,,,,,,,,,,,,,,,,,,,,,,,,,,,,,,,,,,
Keyword,search / all injuries / broad,,,,,Pedestrian Injury,pedestrian accident attorney,PHRASE,,,,,,,,,,,,,,,,,,,,,,,,,,,,,,,,,,,,,,,,,,
Keyword,search / all injuries / broad,,,,,Pedestrian Injury,pedestrian accident attorneys,PHRASE,,,,,,,,,,,,,,,,,,,,,,,,,,,,,,,,,,,,,,,,,,
Keyword,search / all injuries / broad,,,,,Pedestrian Injury,pedestrian accident law firm,PHRASE,,,,,,,,,,,,,,,,,,,,,,,,,,,,,,,,,,,,,,,,,,
Keyword,search / all injuries / broad,,,,,Pedestrian Injury,pedestrian accident law firms,PHRASE,,,,,,,,,,,,,,,,,,,,,,,,,,,,,,,,,,,,,,,,,,
Keyword,search / all injuries / broad,,,,,Pedestrian Injury,pedestrian injury lawyer,PHRASE,,,,,,,,,,,,,,,,,,,,,,,,,,,,,,,,,,,,,,,,,,
Keyword,search / all injuries / broad,,,,,Pedestrian Injury,pedestrian injury lawyers,PHRASE,,,,,,,,,,,,,,,,,,,,,,,,,,,,,,,,,,,,,,,,,,
Keyword,search / all injuries / broad,,,,,Pedestrian Injury,pedestrian injury attorney,PHRASE,,,,,,,,,,,,,,,,,,,,,,,,,,,,,,,,,,,,,,,,,,
Keyword,search / all injuries / broad,,,,,Pedestrian Injury,pedestrian injury attorneys,PHRASE,,,,,,,,,,,,,,,,,,,,,,,,,,,,,,,,,,,,,,,,,,
Keyword,search / all injuries / broad,,,,,Pedestrian Injury,pedestrian injury law firm,PHRASE,,,,,,,,,,,,,,,,,,,,,,,,,,,,,,,,,,,,,,,,,,
Keyword,search / all injuries / broad,,,,,Pedestrian Injury,pedestrian injury law firms,PHRASE,,,,,,,,,,,,,,,,,,,,,,,,,,,,,,,,,,,,,,,,,,
Responsive search ad,search / all injuries / broad,,,,,Pedestrian Injury,,,https://landverpersonalinjury.com/,Injured in a pedestrian accident?,Top Pedestrian Accident Attorney,CA Pedestrian Accident Lawyers,Top-Rated California Attorneys,Ex-Insurance Defense Lawyers,We Fight For Max Compensation,Millions Secured For Victims,We Know How Insurers Think,No Fee Unless We Win,We Cover All Case Costs,100% Free Consultation 24/7,Direct Access To Your Lawyer,Speak To An Attorney Now,{KeyWord:Pedestrian Accident Lawyer CA},Injured In {LOCATION(City):California}?,1,1,1,2,2,2,2,2,3,3,3,3,3,1,1,Injured in a pedestrian accident? We cover all case costs. No fee unless we win. Call 24/7,Former insurance defense attorneys on your side. We know how they think & how to win.,Securing millions for accident victims statewide. Get the max settlement you deserve.,45 years injury law experience. $38.5M+ verdicts. 100% Free injury consultation.,1,2,2,2,,,
Keyword,search / all injuries / broad,,,,,Slip and Fall Injury,slip and fall accident lawyer,PHRASE,,,,,,,,,,,,,,,,,,,,,,,,,,,,,,,,,,,,,,,,,,
Keyword,search / all injuries / broad,,,,,Slip and Fall Injury,slip and fall accident lawyers,PHRASE,,,,,,,,,,,,,,,,,,,,,,,,,,,,,,,,,,,,,,,,,,
Keyword,search / all injuries / broad,,,,,Slip and Fall Injury,slip and fall accident attorney,PHRASE,,,,,,,,,,,,,,,,,,,,,,,,,,,,,,,,,,,,,,,,,,
Keyword,search / all injuries / broad,,,,,Slip and Fall Injury,slip and fall accident attorneys,PHRASE,,,,,,,,,,,,,,,,,,,,,,,,,,,,,,,,,,,,,,,,,,
Keyword,search / all injuries / broad,,,,,Slip and Fall Injury,slip and fall accident law firm,PHRASE,,,,,,,,,,,,,,,,,,,,,,,,,,,,,,,,,,,,,,,,,,
Keyword,search / all injuries / broad,,,,,Slip and Fall Injury,slip and fall accident law firms,PHRASE,,,,,,,,,,,,,,,,,,,,,,,,,,,,,,,,,,,,,,,,,,
Keyword,search / all injuries / broad,,,,,Slip and Fall Injury,slip and fall injury lawyer,PHRASE,,,,,,,,,,,,,,,,,,,,,,,,,,,,,,,,,,,,,,,,,,
Keyword,search / all injuries / broad,,,,,Slip and Fall Injury,slip and fall injury lawyers,PHRASE,,,,,,,,,,,,,,,,,,,,,,,,,,,,,,,,,,,,,,,,,,
Keyword,search / all injuries / broad,,,,,Slip and Fall Injury,slip and fall injury attorney,PHRASE,,,,,,,,,,,,,,,,,,,,,,,,,,,,,,,,,,,,,,,,,,
Keyword,search / all injuries / broad,,,,,Slip and Fall Injury,slip and fall injury attorneys,PHRASE,,,,,,,,,,,,,,,,,,,,,,,,,,,,,,,,,,,,,,,,,,
Keyword,search / all injuries / broad,,,,,Slip and Fall Injury,slip and fall injury law firm,PHRASE,,,,,,,,,,,,,,,,,,,,,,,,,,,,,,,,,,,,,,,,,,
Keyword,search / all injuries / broad,,,,,Slip and Fall Injury,slip and fall injury law firms,PHRASE,,,,,,,,,,,,,,,,,,,,,,,,,,,,,,,,,,,,,,,,,,
Responsive search ad,search / all injuries / broad,,,,,Slip and Fall Injury,,,https://landverpersonalinjury.com/,Injured in a slip and fall accident?,Top Slip And Fall Accident Attorney,Slip And Fall Accident Lawyers,Top-Rated California Attorneys,Ex-Insurance Defense Lawyers,We Fight For Max Compensation,Millions Secured For Victims,We Know How Insurers Think,No Fee Unless We Win,We Cover All Case Costs,100% Free Consultation 24/7,Direct Access To Your Lawyer,Speak To An Attorney Now,{KeyWord:Slip And Fall Accident Lawyer CA},Injured In {LOCATION(City):California}?,1,1,1,2,2,2,2,2,3,3,3,3,3,1,1,Injured in a slip and fall accident? We cover all case costs. No fee unless we win. Call 24/7,Former insurance defense attorneys on your side. We know how they think & how to win.,Securing millions for accident victims statewide. Get the max settlement you deserve.,45 years injury law experience. $38.5M+ verdicts. 100% Free injury consultation.,1,2,2,2,,,
Keyword,search / all injuries / broad,,,,,Dog Bite Injury,dog bite lawyer,PHRASE,,,,,,,,,,,,,,,,,,,,,,,,,,,,,,,,,,,,,,,,,,
Keyword,search / all injuries / broad,,,,,Dog Bite Injury,dog bite lawyers,PHRASE,,,,,,,,,,,,,,,,,,,,,,,,,,,,,,,,,,,,,,,,,,
Keyword,search / all injuries / broad,,,,,Dog Bite Injury,dog bite attorney,PHRASE,,,,,,,,,,,,,,,,,,,,,,,,,,,,,,,,,,,,,,,,,,
Keyword,search / all injuries / broad,,,,,Dog Bite Injury,dog bite attorneys,PHRASE,,,,,,,,,,,,,,,,,,,,,,,,,,,,,,,,,,,,,,,,,,
Keyword,search / all injuries / broad,,,,,Dog Bite Injury,dog bite law firm,PHRASE,,,,,,,,,,,,,,,,,,,,,,,,,,,,,,,,,,,,,,,,,,
Keyword,search / all injuries / broad,,,,,Dog Bite Injury,dog bite law firms,PHRASE,,,,,,,,,,,,,,,,,,,,,,,,,,,,,,,,,,,,,,,,,,
Keyword,search / all injuries / broad,,,,,Dog Bite Injury,dog attack lawyer,PHRASE,,,,,,,,,,,,,,,,,,,,,,,,,,,,,,,,,,,,,,,,,,
Keyword,search / all injuries / broad,,,,,Dog Bite Injury,dog attack lawyers,PHRASE,,,,,,,,,,,,,,,,,,,,,,,,,,,,,,,,,,,,,,,,,,
Keyword,search / all injuries / broad,,,,,Dog Bite Injury,dog attack attorney,PHRASE,,,,,,,,,,,,,,,,,,,,,,,,,,,,,,,,,,,,,,,,,,
Keyword,search / all injuries / broad,,,,,Dog Bite Injury,dog attack attorneys,PHRASE,,,,,,,,,,,,,,,,,,,,,,,,,,,,,,,,,,,,,,,,,,
Keyword,search / all injuries / broad,,,,,Dog Bite Injury,dog attack law firm,PHRASE,,,,,,,,,,,,,,,,,,,,,,,,,,,,,,,,,,,,,,,,,,
Keyword,search / all injuries / broad,,,,,Dog Bite Injury,dog attack law firms,PHRASE,,,,,,,,,,,,,,,,,,,,,,,,,,,,,,,,,,,,,,,,,,
Keyword,search / all injuries / broad,,,,,Dog Bite Injury,dog injury lawyer,PHRASE,,,,,,,,,,,,,,,,,,,,,,,,,,,,,,,,,,,,,,,,,,
Keyword,search / all injuries / broad,,,,,Dog Bite Injury,dog injury lawyers,PHRASE,,,,,,,,,,,,,,,,,,,,,,,,,,,,,,,,,,,,,,,,,,
Keyword,search / all injuries / broad,,,,,Dog Bite Injury,dog injury attorney,PHRASE,,,,,,,,,,,,,,,,,,,,,,,,,,,,,,,,,,,,,,,,,,
Keyword,search / all injuries / broad,,,,,Dog Bite Injury,dog injury attorneys,PHRASE,,,,,,,,,,,,,,,,,,,,,,,,,,,,,,,,,,,,,,,,,,
Keyword,search / all injuries / broad,,,,,Dog Bite Injury,dog injury law firm,PHRASE,,,,,,,,,,,,,,,,,,,,,,,,,,,,,,,,,,,,,,,,,,
Keyword,search / all injuries / broad,,,,,Dog Bite Injury,dog injury law firms,PHRASE,,,,,,,,,,,,,,,,,,,,,,,,,,,,,,,,,,,,,,,,,,
Responsive search ad,search / all injuries / broad,,,,,Dog Bite Injury,,,https://landverpersonalinjury.com/,Injured in a dog bite?,Top Dog Bite Attorney in CA,CA Dog Bite Lawyers,Top-Rated California Attorneys,Ex-Insurance Defense Lawyers,We Fight For Max Compensation,Millions Secured For Victims,We Know How Insurers Think,No Fee Unless We Win,We Cover All Case Costs,100% Free Consultation 24/7,Direct Access To Your Lawyer,Speak To An Attorney Now,{KeyWord:Dog Bite Lawyer CA},Injured In {LOCATION(City):California}?,1,1,1,2,2,2,2,2,3,3,3,3,3,1,1,Injured in a CA dog bite? We cover all case costs. No fee unless we win. Call 24/7,Former insurance defense attorneys on your side. We know how they think & how to win.,Securing millions for accident victims statewide. Get the max settlement you deserve.,45 years injury law experience. $38.5M+ verdicts. 100% Free injury consultation.,1,2,2,2,,,
Sitelink,search / all injuries / broad,,,,,,,,https://landverpersonalinjury.com#l1,,,,,,,,,,,,,,,,,,,,,,,,,,,,,,,,,,,,,,,No Fee Unless We Win,Pay absolutely nothing upfront.,We only get paid if you win.
Sitelink,search / all injuries / broad,,,,,,,,https://landverpersonalinjury.com/#l2,,,,,,,,,,,,,,,,,,,,,,,,,,,,,,,,,,,,,,,Former Insurance Attys,We know how insurers think.,Former defense lawyers on your side
Sitelink,search / all injuries / broad,,,,,,,,https://landverpersonalinjury.com/#l3,,,,,,,,,,,,,,,,,,,,,,,,,,,,,,,,,,,,,,,No Out-Of-Pocket Costs,Zero costs to start your case.,We handle all legal expenses.
Sitelink,search / all injuries / broad,,,,,,,,https://landverpersonalinjury.com/#l4,,,,,,,,,,,,,,,,,,,,,,,,,,,,,,,,,,,,,,,Free 24/7 Consultation,Speak with an actual lawyer.,100% free & confidential review.
Sitelink,search / all injuries / broad,,,,,,,,https://landverpersonalinjury.com/#l5,,,,,,,,,,,,,,,,,,,,,,,,,,,,,,,,,,,,,,,"Uber, Lyft & Auto Crashes",Handling CA rideshare accidents.,Rear-end & major auto collisions.
Sitelink,search / all injuries / broad,,,,,,,,https://landverpersonalinjury.com/#l6,,,,,,,,,,,,,,,,,,,,,,,,,,,,,,,,,,,,,,,Available Statewide in CA,Serving injury victims in CA.,Call us from anywhere in the state.
