Ad_group,AdId,Status,Final_url,Headlines,Descriptions
18 wheeler Injury LA,821201487267,ENABLED,https://landverpersonalinjury.com/,18 Wheeler Injury Lawyers LA | {KeyWord:18 Wheeler Lawyers Los Angeles} | LA 18 Wheeler Lawyers | Top-Rated California Attorneys | Ex-Insurance Defense Lawyers | We Fight For Max Compensation | Millions Secured For Victims | We Know How Insurers Think | No Fee Unless We Win | We Cover All Case Costs | 100% Free Consultation 24/7 | Direct Access To Your Lawyer | Speak To An Attorney Now,Injured in truck crash? We cover all case costs. No fee unless we win. Call 24/7 | Former insurance defense attorneys on your side. We know how they think & how to win. | Securing millions for accident victims statewide. Get the max settlement you deserve. | 45 years injury law experience. $38.5M+ verdicts. 100% Free injury consultation.
Auto Injury LA,821201487270,ENABLED,https://landverpersonalinjury.tilda.ws/,Auto Accident Injury Lawyer | {KeyWord:Auto Accident Injury Lawyer} | No Fee Unless You Win | Free Injury Consult 24/7 | Fight for Your Injuries | Maximum Injury Recovery | 45 Years Injury Law CA | $38.5M+ Injury Verdicts | Auto Injury Attorneys CA,Hurt in an auto accident? We fight for full injury compensation. Free consult 24/7. | No upfront fees. You pay only when we win your auto injury case. Call Landver Law. | Medical bills piling up after an auto crash? We handle everything. Call us now. | 45 years injury law experience. Serving injured clients across all of California.
Bicycle Injury LA,821310319807,ENABLED,https://landverpersonalinjury.com/,Injured in a bicycle accident? | Top Bicycle Accident Attorney | LAA Bicycle Accident Lawyers | Top-Rated California Attorneys | Ex-Insurance Defense Lawyers | We Fight For Max Compensation | Millions Secured For Victims | We Know How Insurers Think | No Fee Unless We Win | We Cover All Case Costs | 100% Free Consultation 24/7 | Direct Access To Your Lawyer | Speak To An Attorney Now | {KeyWord:Bicycle Accident Lawyer LA},Injured in a CA bicycle accident? We cover all case costs. No fee unless we win. Call 24/7 | Former insurance defense attorneys on your side. We know how they think & how to win. | Securing millions for accident victims statewide. Get the max settlement you deserve. | 45 years injury law experience. $38.5M+ verdicts. 100% Free injury consultation.
Bus Injury LA,821310319825,ENABLED,https://landverpersonalinjury.com/,Injured in a bus accident? | Top Bus Accident Attorney | LA Bus Accident Lawyers | Top-Rated California Attorneys | Ex-Insurance Defense Lawyers | We Fight For Max Compensation | Millions Secured For Victims | We Know How Insurers Think | No Fee Unless We Win | We Cover All Case Costs | 100% Free Consultation 24/7 | Direct Access To Your Lawyer | Speak To An Attorney Now | {KeyWord:Bus Accident Lawyer LA},Injured in a CA bus accident? We cover all case costs. No fee unless we win. Call 24/7 | Former insurance defense attorneys on your side. We know how they think & how to win. | Securing millions for accident victims statewide. Get the max settlement you deserve. | 45 years injury law experience. $38.5M+ verdicts. 100% Free injury consultation.
Car Injury,811855814563,ENABLED,https://landverpersonalinjury.com/,Car Accident Injury Lawyer LA | {KeyWord:Car Accident Injury Lawyer LA} | No Fee Unless You Win | Free Injury Consult 24/7 | $38.5M Car Injury Verdict | Fight the Insurance Co. | Get Your Maximum Settlement | Top LA Injury Law Firm | 20+ Years Injury Law CA,"Injured in a car accident? We fight insurers to get you full injury compensation. | No upfront fees. You pay nothing unless we win your car injury case. Call us now. | Medical bills, lost wages, pain & suffering — we handle every part of your injury. | 45 years injury law experience. $38.5M+ verdicts. Free 24/7 injury consultation."
Car Injury,811855814566,ENABLED,https://landverpersonalinjury.com/,Injured in a car accident? | Get full injury compensation. | Top LA Injury Law Firm,"Car accident injury lawyers LA. Maximum injury recovery. Free consultation. | No upfront fees. You pay nothing unless we win your car injury case. Call us now. | Medical bills, lost wages, pain & suffering — we handle every part of your injury. | 45 years injury law experience. $38.5M+ verdicts. Free 24/7 injury consultation."
Car Injury,821201487264,ENABLED,https://landverpersonalinjury.com/,Injured in a car accident? | Top Auto Injury Attorney in LA | LA Car Accident Injury Lawyers | Top-Rated California Attorneys | Ex-Insurance Defense Lawyers | We Fight For Max Compensation | Millions Secured For Victims | We Know How Insurers Think | No Fee Unless We Win | We Cover All Case Costs | 100% Free Consultation 24/7 | Direct Access To Your Lawyer | Speak To An Attorney Now,Injured in a LA car crash? We cover all case costs. No fee unless we win. Call 24/7 | Former insurance defense attorneys on your side. We know how they think & how to win. | Securing millions for accident victims statewide. Get the max settlement you deserve. | 45 years injury law experience. $38.5M+ verdicts. 100% Free injury consultation.
Car Injury LA,821201487273,ENABLED,https://landverpersonalinjury.com/,Injured in a car accident? | Top Auto Injury Attorney in LA | LA Car Accident Injury Lawyers | Top-Rated California Attorneys | Ex-Insurance Defense Lawyers | We Fight For Max Compensation | Millions Secured For Victims | We Know How Insurers Think | No Fee Unless We Win | We Cover All Case Costs | 100% Free Consultation 24/7 | Direct Access To Your Lawyer | Speak To An Attorney Now | {KeyWord:Car Accident Injury Lawyer LA},Injured in LA car crash? We cover all case costs. No fee unless we win. Call 24/7 | Former insurance defense attorneys on your side. We know how they think & how to win. | Securing millions for accident victims statewide. Get the max settlement you deserve. | 45 years injury law experience. $38.5M+ verdicts. 100% Free injury consultation.
Dog Bite Injury LA,821310319810,ENABLED,https://landverpersonalinjury.com/,Injured in a dog bite? | Top Dog Bite Attorney in LA | LA Dog Bite Lawyers | Top-Rated California Attorneys | Ex-Insurance Defense Lawyers | We Fight For Max Compensation | Millions Secured For Victims | We Know How Insurers Think | No Fee Unless We Win | We Cover All Case Costs | 100% Free Consultation 24/7 | Direct Access To Your Lawyer | Speak To An Attorney Now | {KeyWord:Dog Bite Lawyer LA},Injured in a CA dog bite? We cover all case costs. No fee unless we win. Call 24/7 | Former insurance defense attorneys on your side. We know how they think & how to win. | Securing millions for accident victims statewide. Get the max settlement you deserve. | 45 years injury law experience. $38.5M+ verdicts. 100% Free injury consultation.
Motorcycle Injury LA,821310319813,ENABLED,https://landverpersonalinjury.com/,Hit in a motorcycle accident? | Motorcycle Accident Attorney | LA Motorcycle Accident Lawyers | Top-Rated California Attorneys | Ex-Insurance Defense Lawyers | We Fight For Max Compensation | Millions Secured For Victims | We Know How Insurers Think | No Fee Unless We Win | We Cover All Case Costs | 100% Free Consultation 24/7 | Direct Access To Your Lawyer | Speak To An Attorney Now | {KeyWord:Motorcycle Accident Lawyer LA},Injured in a motorcycle accident? We cover all case costs. No fee unless we win. Call 24/7 | Former insurance defense attorneys on your side. We know how they think & how to win. | Securing millions for accident victims statewide. Get the max settlement you deserve. | 45 years injury law experience. $38.5M+ verdicts. 100% Free injury consultation.
Pedestrian Injury LA,821310319816,ENABLED,https://landverpersonalinjury.com/,Hit in a pedestrian accident? | Top Pedestrian Accident Lawyer | LA Pedestrian Accident Lawyers | Top-Rated California Attorneys | Ex-Insurance Defense Lawyers | We Fight For Max Compensation | Millions Secured For Victims | We Know How Insurers Think | No Fee Unless We Win | We Cover All Case Costs | 100% Free Consultation 24/7 | Direct Access To Your Lawyer | Speak To An Attorney Now | {KeyWord:Pedestrian Accident Lawyer LA},Injured in a pedestrian accident? We cover all case costs. No fee unless we win. Call 24/7 | Former insurance defense attorneys on your side. We know how they think & how to win. | Securing millions for accident victims statewide. Get the max settlement you deserve. | 45 years injury law experience. $38.5M+ verdicts. 100% Free injury consultation.
Personal Injury,811855814569,ENABLED,https://landverpersonalinjury.com/,Personal Injury Lawyers LA | {KeyWord:Personal Injury Lawyers LA} | No Fee Unless You Win | Free Injury Consult 24/7 | $38.5M+ Injury Verdicts | Top LA Injury Law Firm | Get Your Maximum Settlement | 20+ Years Injury Law CA,"Injured due to someone's negligence in LA? Landver Law fights for every dollar. | No upfront fees. Contingency only. Free injury consultation 24/7. Call us now. | Car crashes, slips & falls, truck accidents — we handle all serious injury cases. | 45 years injury law experience. Multimillion-dollar verdicts. Statewide CA coverage."
Slip and Fall Injury LA,821310319819,PAUSED,https://landverpersonalinjury.com/,Slip & Fall Injury Lawyer | {KeyWord:Slip & Fall Injury Lawyer} | No Fee Unless You Win | Free Injury Consult 24/7 | Premises Injury Attorney | Fight Negligent Owners | Maximum Injury Recovery | $38.5M+ Injury Verdicts | Slip Injury Experts LA,"Hurt in a slip or trip and fall? We hold negligent property owners accountable in LA. | No upfront fees. You pay only when we win your slip and fall injury case. Call now. | Broken bones, head injuries, back pain вЂ” we fight for full slip and fall compensation. | 45 years injury law experience. Serving injured victims across all of LA."
Slip and Fall Injury LA,821310319822,ENABLED,https://landverpersonalinjury.com/,{KeyWord:Slip &Fall Accident Lawyer LA} | Slip & Fall Accident Attorney | Slip And Fall Accident Lawyers | Top-Rated California Attorneys | Ex-Insurance Defense Lawyers | We Fight For Max Compensation | Millions Secured For Victims | We Know How Insurers Think | No Fee Unless We Win | We Cover All Case Costs | 100% Free Consultation 24/7 | Direct Access To Your Lawyer | Speak To An Attorney Now | {KeyWord:Slip And Fall Accident Lawyer},Injured in a slip and fall accident? We cover all case costs. No fee unless we win. | Former insurance defense attorneys on your side. We know how they think & how to win. | Securing millions for accident victims statewide. Get the max settlement you deserve. | 45 years injury law experience. $38.5M+ verdicts. 100% Free injury consultation.
Truck Injury LA,821201487276,ENABLED,https://landverpersonalinjury.com/,Truck Accident Attorneys LA | {KeyWord:Truck Accident Lawyers LA} | LA Truck Accident Lawyers | Top-Rated California Attorneys | Ex-Insurance Defense Lawyers | We Fight For Max Compensation | Millions Secured For Victims | We Know How Insurers Think | No Fee Unless We Win | We Cover All Case Costs | 100% Free Consultation 24/7 | Direct Access To Your Lawyer | Speak To An Attorney Now,Injured in truck crash? We cover all case costs. No fee unless we win. Call 24/7 | Former insurance defense attorneys on your side. We know how they think & how to win. | Securing millions for accident victims statewide. Get the max settlement you deserve. | 45 years injury law experience. $38.5M+ verdicts. 100% Free injury consultation.
