Row Type,Campaign,Ad group,Final URL,Headline 1,Headline 2,Headline 3,Headline 4,Headline 5,Headline 6,Headline 7,Headline 8,Headline 9,Headline 10,Headline 11,Headline 12,Headline 13,Headline 14,Headline 15,Headline 1 position,Headline 2 position,Headline 3 position,Headline 4 position,Headline 5 position,Headline 6 position,Headline 7 position,Headline 8 position,Headline 9 position,Headline 10 position,Headline 11 position,Headline 12 position,Headline 13 position,Headline 14 position,Headline 15 position,Description 1,Description 2,Description 3,Description 4,Description 1 position,Description 2 position,Description 3 position,Description 4 position,Link Text,Description Line 1,Description Line 2
Responsive search ad,search / all injuries / la,Bicycle Injury LA,https://landverpersonalinjury.com/,Injured in a bicycle accident?,Top Bicycle Accident Attorney,CA Bicycle Accident Lawyers,Top-Rated California Attorneys,Ex-Insurance Defense Lawyers,We Fight For Max Compensation,Millions Secured For Victims,We Know How Insurers Think,No Fee Unless We Win,We Cover All Case Costs,100% Free Consultation 24/7,Direct Access To Your Lawyer,Speak To An Attorney Now,{KeyWord:Bicycle Accident Lawyer CA},Injured In {LOCATION(City):California}?,1,1,1,2,2,2,2,2,3,3,3,3,3,1,1,Injured in a CA bicycle accident? We cover all case costs. No fee unless we win. Call 24/7,Former insurance defense attorneys on your side. We know how they think & how to win.,Securing millions for accident victims statewide. Get the max settlement you deserve.,45 years injury law experience. $38.5M+ verdicts. 100% Free injury consultation.,1,2,2,2,,,
Responsive search ad,search / all injuries / la,Dog Bite Injury LA,https://landverpersonalinjury.com/,Injured in a dog bite?,Top Dog Bite Attorney in CA,CA Dog Bite Lawyers,Top-Rated California Attorneys,Ex-Insurance Defense Lawyers,We Fight For Max Compensation,Millions Secured For Victims,We Know How Insurers Think,No Fee Unless We Win,We Cover All Case Costs,100% Free Consultation 24/7,Direct Access To Your Lawyer,Speak To An Attorney Now,{KeyWord:Dog Bite Lawyer CA},Injured In {LOCATION(City):California}?,1,1,1,2,2,2,2,2,3,3,3,3,3,1,1,Injured in a CA dog bite? We cover all case costs. No fee unless we win. Call 24/7,Former insurance defense attorneys on your side. We know how they think & how to win.,Securing millions for accident victims statewide. Get the max settlement you deserve.,45 years injury law experience. $38.5M+ verdicts. 100% Free injury consultation.,1,2,2,2,,,
Responsive search ad,search / all injuries / la,Motorcycle Injury LA,https://landverpersonalinjury.com/,Injured in a motorcycle accident?,Top Motorcycle Accident Attorney,CA Motorcycle Accident Lawyers,Top-Rated California Attorneys,Ex-Insurance Defense Lawyers,We Fight For Max Compensation,Millions Secured For Victims,We Know How Insurers Think,No Fee Unless We Win,We Cover All Case Costs,100% Free Consultation 24/7,Direct Access To Your Lawyer,Speak To An Attorney Now,{KeyWord:Motorcycle Accident Lawyer CA},Injured In {LOCATION(City):California}?,1,1,1,2,2,2,2,2,3,3,3,3,3,1,1,Injured in a motorcycle accident? We cover all case costs. No fee unless we win. Call 24/7,Former insurance defense attorneys on your side. We know how they think & how to win.,Securing millions for accident victims statewide. Get the max settlement you deserve.,45 years injury law experience. $38.5M+ verdicts. 100% Free injury consultation.,1,2,2,2,,,
Responsive search ad,search / all injuries / la,Pedestrian Injury LA,https://landverpersonalinjury.com/,Injured in a pedestrian accident?,Top Pedestrian Accident Attorney,CA Pedestrian Accident Lawyers,Top-Rated California Attorneys,Ex-Insurance Defense Lawyers,We Fight For Max Compensation,Millions Secured For Victims,We Know How Insurers Think,No Fee Unless We Win,We Cover All Case Costs,100% Free Consultation 24/7,Direct Access To Your Lawyer,Speak To An Attorney Now,{KeyWord:Pedestrian Accident Lawyer CA},Injured In {LOCATION(City):California}?,1,1,1,2,2,2,2,2,3,3,3,3,3,1,1,Injured in a pedestrian accident? We cover all case costs. No fee unless we win. Call 24/7,Former insurance defense attorneys on your side. We know how they think & how to win.,Securing millions for accident victims statewide. Get the max settlement you deserve.,45 years injury law experience. $38.5M+ verdicts. 100% Free injury consultation.,1,2,2,2,,,
Responsive search ad,search / all injuries / la,Slip and Fall Injury LA,https://landverpersonalinjury.com/,Injured in a slip and fall accident?,Top Slip And Fall Accident Attorney,Slip And Fall Accident Lawyers,Top-Rated California Attorneys,Ex-Insurance Defense Lawyers,We Fight For Max Compensation,Millions Secured For Victims,We Know How Insurers Think,No Fee Unless We Win,We Cover All Case Costs,100% Free Consultation 24/7,Direct Access To Your Lawyer,Speak To An Attorney Now,{KeyWord:Slip And Fall Accident Lawyer CA},Injured In {LOCATION(City):California}?,1,1,1,2,2,2,2,2,3,3,3,3,3,1,1,Injured in a slip and fall accident? We cover all case costs. No fee unless we win. Call 24/7,Former insurance defense attorneys on your side. We know how they think & how to win.,Securing millions for accident victims statewide. Get the max settlement you deserve.,45 years injury law experience. $38.5M+ verdicts. 100% Free injury consultation.,1,2,2,2,,,
Responsive search ad,search / all injuries / la,Bus Injury LA,https://landverpersonalinjury.com/,Injured in a bus accident?,Top Bus Accident Attorney,CA Bus Accident Lawyers,Top-Rated California Attorneys,Ex-Insurance Defense Lawyers,We Fight For Max Compensation,Millions Secured For Victims,We Know How Insurers Think,No Fee Unless We Win,We Cover All Case Costs,100% Free Consultation 24/7,Direct Access To Your Lawyer,Speak To An Attorney Now,{KeyWord:Bus Accident Lawyer CA},Injured In {LOCATION(City):California}?,1,1,1,2,2,2,2,2,3,3,3,3,3,1,1,Injured in a CA bus accident? We cover all case costs. No fee unless we win. Call 24/7,Former insurance defense attorneys on your side. We know how they think & how to win.,Securing millions for accident victims statewide. Get the max settlement you deserve.,45 years injury law experience. $38.5M+ verdicts. 100% Free injury consultation.,1,2,2,2,,,
Sitelink,search / all injuries / la,,https://landverpersonalinjury.com#l1,,,,,,,,,,,,,,,,,,,,,,,,,,,,,,,,,,,,,,,No Fee Unless We Win,Pay absolutely nothing upfront.,We only get paid if you win.
Sitelink,search / all injuries / la,,https://landverpersonalinjury.com/#l2,,,,,,,,,,,,,,,,,,,,,,,,,,,,,,,,,,,,,,,Former Insurance Attys,We know how insurers think.,Former defense lawyers on your side
Sitelink,search / all injuries / la,,https://landverpersonalinjury.com/#l3,,,,,,,,,,,,,,,,,,,,,,,,,,,,,,,,,,,,,,,No Out-Of-Pocket Costs,Zero costs to start your case.,We handle all legal expenses.
Sitelink,search / all injuries / la,,https://landverpersonalinjury.com/#l4,,,,,,,,,,,,,,,,,,,,,,,,,,,,,,,,,,,,,,,Free 24/7 Consultation,Speak with an actual lawyer.,100% free & confidential review.
Sitelink,search / all injuries / la,,https://landverpersonalinjury.com/#l5,,,,,,,,,,,,,,,,,,,,,,,,,,,,,,,,,,,,,,,"Uber, Lyft & Auto Crashes",Handling CA rideshare accidents.,Rear-end & major auto collisions.
Sitelink,search / all injuries / la,,https://landverpersonalinjury.com/#l6,,,,,,,,,,,,,,,,,,,,,,,,,,,,,,,,,,,,,,,Available Statewide in CA,Serving injury victims in CA.,Call us from anywhere in the state.
