product_id,product_title,l1,l2,impressions,clicks,cost,conversions,conv_value
gla_30751,"Прапор ""Камікадзе""",прапори,колекція 3.0,843,12,228.41,0.0,0.0
gla_32073,Зіп-худі unisex “Warrior”,чоловічий одяг,зіп-худі,146,2,15.58,0.0,0.0
gla_32308,Футболка unisex “Welcome to hell”,жіночий одяг,(пусто),257,3,28.43,0.0,0.0
gla_35124,"Прапор ""Ніколи назад""",прапори,"корогва х 93 омбр ""холодний яр""",199,0,0.0,0.0,0.0
gla_32272,Зіп-худі unisex “Garden of Bones”,жіночий одяг,(пусто),214,4,30.66,0.0,0.0
gla_33535,"Прапор ""Засвіт""",прапори,колекція 4.0,79,1,5.08,0.0,0.0
gla_32773,"Футболка unisex ""Вампір""",жіночий одяг,(пусто),21,0,0.0,0.0,0.0
gla_32257,Зіп-худі unisex “Welcome to hell”,жіночий одяг,(пусто),2467,34,227.79,0.5,850.0
gla_34546,"Футболка ""Час спокою""",новинки,(пусто),29,0,0.0,0.0,0.0
gla_32303,Футболка unisex “Azazel”,жіночий одяг,(пусто),90,0,0.0,0.0,0.0
gla_32333,Футболка unisex “Garden of Bones”,жіночий одяг,(пусто),30,0,0.0,0.0,0.0
gla_32291,Футболка unisex “Azazel”,sale,(пусто),6,0,0.0,0.0,0.0
gla_34599,"Футболка ""НРК""",новинки,(пусто),194,3,10.45,0.0,0.0
gla_34612,"Футболка ""Баба Яга""",новинки,(пусто),26,0,0.0,0.0,0.0
gla_32343,Футболка unisex “Arch of the Underworld”,жіночий одяг,(пусто),10,0,0.0,0.0,0.0
gla_28057,"Прапор ""Медик""",прапори,колекція 2.0,121,6,54.48,0.0,0.0
gla_28168,"Прапор ""Серебрянський ліс""",прапори,колекція 2.0,297,5,68.39,0.0,0.0
gla_28560,"Футболка ""База""",чоловічий одяг,футболки,663,5,31.26,0.0,0.0
gla_32155,Футболка unisex “Welcome to hell”,чоловічий одяг,футболки,21,0,0.0,0.0,0.0
gla_32199,"Футболка unisex ""Вампір""",чоловічий одяг,футболки,137,1,28.92,0.0,0.0
gla_32051,Штани чоловічі спортивні широкі,чоловічий одяг,(пусто),865,17,236.55,0.0,0.0
gla_28002,"Прапор ""Дрони ведуть""",прапори,колекція 1.0,670,8,84.5,0.0,0.0
gla_32071,Зіп-худі unisex “Warrior”,чоловічий одяг,зіп-худі,405,0,0.0,0.0,0.0
gla_34597,"Футболка ""НРК""",новинки,(пусто),120,0,0.0,0.0,0.0
gla_32267,Зіп-худі unisex “Tarot”,жіночий одяг,(пусто),62,0,0.0,0.0,0.0
gla_32102,Зіп-худі unisex “Arch of the Underworld”,чоловічий одяг,зіп-худі,71,1,2.53,0.0,0.0
gla_34730,"Футболка ""Лелека""",новинки,(пусто),292,2,17.79,0.0,0.0
gla_35003,"Худі oversize ""Той самий вайб""",новинки,(пусто),194,6,104.36,0.0,0.0
gla_32220,Світшот чоловічий “Tarot”,чоловічий одяг,світшоти,22,0,0.0,0.0,0.0
gla_28387,"Прапор ""Тобі п*зда""",прапори,колекція 3.0,94,1,15.72,0.0,0.0
gla_30345,"Прапор ""План помсти""",прапори,колекція 3.0,262,2,31.43,0.0,0.0
gla_32062,Штани чоловічі спортивні джогери,чоловічий одяг,(пусто),35,0,0.0,0.0,0.0
gla_32085,Зіп-худі unisex “Tarot”,чоловічий одяг,зіп-худі,46,0,0.0,0.0,0.0
gla_32107,Зіп-худі unisex “Azazel”,чоловічий одяг,зіп-худі,7,0,0.0,0.0,0.0
gla_32226,Світшот чоловічий “Garden of Bones”,чоловічий одяг,світшоти,25,0,0.0,0.0,0.0
gla_32210,Світшот чоловічий “Warrior”,чоловічий одяг,світшоти,109,1,2.59,0.0,0.0
gla_28207,"Прапор ""Мелодія смерті""",прапори,колекція 2.0,57,1,19.69,0.0,0.0
gla_32332,Футболка unisex “Garden of Bones”,жіночий одяг,(пусто),5,0,0.0,0.0,0.0
gla_29161,"Лонгслів ""Міномет""",чоловічий одяг,лонгсліви,47,0,0.0,0.0,0.0
gla_30321,"Прапор ""Інструктор""",прапори,колекція 3.0,81,2,149.0,0.0,0.0
gla_34569,"Футболка ""Зв'язок""",новинки,(пусто),60,0,0.0,0.0,0.0
gla_28050,"Прапор ""Тінь перемоги""",прапори,колекція 1.0,872,5,69.02,0.0,0.0
gla_28042,"Прапор ""Сплетіння темряви""",прапори,колекція 1.0,91,2,0.3,0.0,0.0
gla_34545,"Футболка ""Час спокою""",новинки,(пусто),22,0,0.0,0.0,0.0
gla_34644,"Футболка ""Вампіри""",новинки,(пусто),36,0,0.0,0.0,0.0
gla_28225,"Прапор ""Привиди вогню""",прапори,знижки,340,3,78.03,0.0,0.0
gla_28283,"Прапор ""Хижак""",прапори,колекція 3.0,143,2,24.21,1.0,1600.0
gla_33202,"Прапор ""Кінолог""",прапори,колекція 4.0,11,0,0.0,0.0,0.0
gla_33484,"Прапор ""Baby shark""",прапори,колекція 4.0,1,2,20.79,0.0,0.0
gla_32209,Світшот чоловічий “Warrior”,чоловічий одяг,світшоти,118,0,0.0,0.0,0.0
gla_30738,"Прапор ""Інженер""",прапори,колекція 3.0,420,1,4.22,0.0,0.0
gla_33517,"Прапор ""Перехоплювач""",прапори,колекція 4.0,291,4,33.31,0.0,0.0
gla_32078,Зіп-худі unisex “Welcome to hell”,чоловічий одяг,зіп-худі,379,6,110.09,0.0,0.0
gla_34570,"Футболка ""Зв'язок""",новинки,(пусто),218,3,36.64,0.0,0.0
gla_34656,"Футболка ""Гроза району""",новинки,(пусто),157,1,3.64,0.0,0.0
gla_32324,Футболка unisex “Tarot”,жіночий одяг,(пусто),39,1,2.22,0.0,0.0
gla_32338,Футболка unisex “Arch of the Underworld”,жіночий одяг,(пусто),11,0,0.0,0.0,0.0
gla_34654,"Футболка ""Гроза району""",новинки,(пусто),74,0,0.0,0.0,0.0
gla_34879,"Худі oversize ""Дорога на схід""",новинки,(пусто),578,7,68.37,0.5,850.0
gla_32134,Футболка unisex “Warrior”,sale,(пусто),27,0,0.0,0.0,0.0
gla_32165,Футболка unisex “Tarot”,чоловічий одяг,футболки,12,0,0.0,0.0,0.0
gla_32273,Зіп-худі unisex “Garden of Bones”,жіночий одяг,(пусто),288,1,5.8,0.0,0.0
gla_34572,"Футболка ""Зв'язок""",новинки,(пусто),112,0,0.0,0.0,0.0
gla_28397,"Прапор ""Історія""",прапори,колекція 3.0,53,0,0.0,0.0,0.0
gla_34685,"Футболка ""Дорога на схід""",новинки,(пусто),136,1,1.28,0.0,0.0
gla_32231,Світшот чоловічий “Arch of the Underworld”,чоловічий одяг,світшоти,32,0,0.0,0.0,0.0
gla_32179,Футболка unisex “Garden of Bones”,чоловічий одяг,футболки,72,0,0.0,0.0,0.0
gla_33500,"Прапор ""Втрата сигналу""",прапори,колекція 4.0,92,0,0.0,0.0,0.0
gla_28385,"Прапор ""Винищувач""",прапори,колекція 3.0,114,2,55.4,0.0,0.0
gla_32087,Зіп-худі unisex “Tarot”,чоловічий одяг,зіп-худі,13,2,11.44,0.0,0.0
gla_32201,"Футболка unisex ""Вампір""",чоловічий одяг,футболки,58,1,6.49,0.0,0.0
gla_32118,Футболка unisex “Warrior”,чоловічий одяг,футболки,7,0,0.0,0.0,0.0
gla_33468,"Прапор ""Залізні побратими""",прапори,колекція 4.0,156,1,14.46,0.0,0.0
gla_28064,"Прапор ""До кінця, брате""",прапори,колекція 2.0,214,0,0.0,0.0,0.0
gla_34870,"Худі oversize ""Арта""",новинки,(пусто),1027,5,197.94,0.0,0.0
gla_28253,"Прапор ""Звʼязок""",прапори,колекція 3.0,23,0,0.0,0.0,0.0
gla_32052,Штани чоловічі спортивні широкі,чоловічий одяг,(пусто),2512,61,763.73,0.0,0.0
gla_34891,"Худі oversize ""Вампіри""",новинки,(пусто),238,2,10.34,0.0,0.0
gla_34671,"Футболка ""Згідно з наказом""",новинки,(пусто),1119,8,170.14,0.0,0.0
gla_32339,Футболка unisex “Arch of the Underworld”,жіночий одяг,(пусто),8,0,0.0,0.0,0.0
gla_34596,"Футболка ""НРК""",новинки,(пусто),129,2,35.98,0.0,0.0
gla_32253,Шорти жіночі спортивні укорочені,жіночий одяг,(пусто),12,0,0.0,0.0,0.0
gla_34942,"Худі oversize ""Згідно з наказом""",новинки,(пусто),1851,17,133.55,0.0,0.0
gla_32284,Зіп-худі unisex “Azazel”,жіночий одяг,(пусто),35,1,19.04,0.0,0.0
gla_32053,Штани чоловічі спортивні широкі,чоловічий одяг,(пусто),866,23,491.48,0.0,0.0
gla_28136,"Прапор ""Ловці Темряви""",прапори,колекція 2.0,161,1,6.64,0.0,0.0
gla_32189,Футболка unisex “Arch of the Underworld”,чоловічий одяг,футболки,109,0,0.0,0.0,0.0
gla_34643,"Футболка ""Вампіри""",новинки,(пусто),75,0,0.0,0.0,0.0
gla_34715,"Футболка ""Зелений спектр""",новинки,(пусто),15,1,5.51,0.0,0.0
gla_34929,"Худі oversize ""В етері""",новинки,(пусто),956,7,95.81,0.0,0.0
gla_32327,Футболка unisex “Garden of Bones”,жіночий одяг,(пусто),9,0,0.0,0.0,0.0
gla_32279,Зіп-худі unisex “Arch of the Underworld”,жіночий одяг,(пусто),47,0,0.0,0.0,0.0
gla_27990,"Прапор ""За столом смерті""",прапори,колекція 1.0,406,6,72.2,0.0,0.0
gla_28117,"Прапор ""Спеціальна операція""",прапори,колекція 2.0,171,1,45.04,0.0,0.0
gla_33229,"Прапор ""Тут небо наше""",прапори,колекція 4.0,14,0,0.0,0.0,0.0
gla_34772,"Футболка ""Той самий вайб""",новинки,(пусто),30,0,0.0,0.0,0.0
gla_32246,Штани жіночі спортивні широкі,жіночий одяг,(пусто),95,0,0.0,0.0,0.0
gla_32309,Футболка unisex “Welcome to hell”,жіночий одяг,(пусто),151,2,6.08,0.0,0.0
gla_32184,Футболка unisex “Arch of the Underworld”,чоловічий одяг,футболки,14,0,0.0,0.0,0.0
gla_34686,"Футболка ""Дорога на схід""",новинки,(пусто),33,0,0.0,0.0,0.0
gla_28266,"Прапор ""Чисте Небо""",прапори,колекція 3.0,67,0,0.0,0.0,0.0
gla_34611,"Футболка ""Баба Яга""",новинки,(пусто),33,3,19.54,0.0,0.0
gla_32216,Світшот чоловічий “Welcome to hell”,чоловічий одяг,світшоти,88,0,0.0,0.0,0.0
gla_27983,"Прапор ""П*зда п*дарам""",прапори,колекція 1.0,1078,9,277.77,0.5,749.5
gla_33199,"Прапор ""Мінометники""",прапори,колекція 4.0,220,1,0.94,0.0,0.0
gla_32260,Зіп-худі unisex “Welcome to hell”,жіночий одяг,(пусто),2380,25,192.73,0.0,0.0
gla_34673,"Футболка ""Згідно з наказом""",новинки,(пусто),1270,10,151.54,0.0,0.0
gla_32230,Світшот чоловічий “Arch of the Underworld”,чоловічий одяг,світшоти,46,0,0.0,0.0,0.0
gla_32140,Футболка unisex “Azazel”,чоловічий одяг,футболки,127,1,18.98,0.0,0.0
gla_32072,Зіп-худі unisex “Warrior”,чоловічий одяг,зіп-худі,116,0,0.0,0.0,0.0
gla_32081,Зіп-худі unisex “Welcome to hell”,чоловічий одяг,зіп-худі,186,3,28.89,0.0,0.0
gla_34610,"Футболка ""Баба Яга""",новинки,(пусто),80,4,56.75,0.0,0.0
gla_35054,"Худі oversize ""НРК""",новинки,(пусто),13,1,2.2,0.0,0.0
gla_32263,Зіп-худі unisex “Tarot”,жіночий одяг,(пусто),85,1,1.45,0.0,0.0
gla_34698,"Футболка ""Залізні побратими""",новинки,(пусто),67,0,0.0,0.0,0.0
gla_32195,"Футболка unisex ""Вампір""",чоловічий одяг,футболки,113,0,0.0,0.0,0.0
gla_34672,"Футболка ""Згідно з наказом""",новинки,(пусто),1101,13,127.03,0.0,0.0
gla_34979,"Худі oversize ""Лелека""",новинки,(пусто),281,3,34.45,0.0,0.0
gla_34952,"Худі oversize ""Залізні побратими""",новинки,(пусто),337,4,39.82,0.0,0.0
gla_34670,"Футболка ""Згідно з наказом""",новинки,(пусто),537,1,2.09,0.0,0.0
gla_28561,"Футболка ""База""",чоловічий одяг,футболки,470,8,36.02,0.0,0.0
gla_33184,"Прапор ""На нулі""",прапори,знижки,364,0,0.0,0.0,0.0
gla_34744,"Футболка ""Baby shark""",новинки,(пусто),4,0,0.0,0.0,0.0
gla_28083,"Прапор ""333""",прапори,колекція 2.0,257,3,65.49,0.5,749.5
gla_34773,"Футболка ""Той самий вайб""",новинки,(пусто),44,0,0.0,0.0,0.0
gla_32224,Світшот чоловічий “Garden of Bones”,чоловічий одяг,світшоти,33,1,2.07,0.0,0.0
gla_34598,"Футболка ""НРК""",новинки,(пусто),116,2,5.28,0.0,0.0
gla_34850,"Худі oversize ""Евак""",новинки,(пусто),1245,8,129.6,0.0,0.0
gla_34544,"Футболка ""Час спокою""",новинки,(пусто),91,0,0.0,0.0,0.0
gla_32088,Зіп-худі unisex “Tarot”,чоловічий одяг,зіп-худі,24,0,0.0,0.0,0.0
gla_34713,"Футболка ""Зелений спектр""",новинки,(пусто),18,0,0.0,0.0,0.0
gla_32292,Футболка unisex “Azazel”,sale,(пусто),2,0,0.0,0.0,0.0
gla_33211,"Прапор ""А шо там в баби на городі?""",прапори,колекція 4.0,215,1,37.41,0.0,0.0
gla_32110,Зіп-худі unisex “Azazel”,чоловічий одяг,зіп-худі,11,0,0.0,0.0,0.0
gla_32130,Футболка unisex “Warrior”,чоловічий одяг,футболки,24,0,0.0,0.0,0.0
gla_30336,"Прапор ""Володар вогню""",прапори,колекція 3.0,160,1,17.11,0.0,0.0
gla_32175,Футболка unisex “Garden of Bones”,чоловічий одяг,футболки,20,0,0.0,0.0,0.0
gla_34761,"Футболка ""Перехоплювач""",новинки,(пусто),59,0,0.0,0.0,0.0
gla_32054,Штани чоловічі спортивні широкі,чоловічий одяг,(пусто),1675,20,291.2,0.0,0.0
gla_33238,"Прапор ""Прогноз погоди: град""",прапори,колекція 4.0,98,1,41.04,0.0,0.0
gla_34731,"Футболка ""Лелека""",новинки,(пусто),279,6,101.48,0.0,0.0
gla_32119,Футболка unisex “Warrior”,чоловічий одяг,футболки,13,0,0.0,0.0,0.0
gla_32313,Футболка unisex “Welcome to hell”,жіночий одяг,(пусто),41,0,0.0,0.0,0.0
gla_32194,"Футболка unisex ""Вампір""",чоловічий одяг,футболки,249,5,91.61,0.0,0.0
gla_32093,Зіп-худі unisex “Garden of Bones”,sale,(пусто),72,0,0.0,0.0,0.0
gla_34571,"Футболка ""Зв'язок""",новинки,(пусто),92,0,0.0,0.0,0.0
gla_32993,"Прапор ""Лелека""",прапори,колекція 4.0,372,3,53.2,0.0,0.0
gla_32074,Зіп-худі unisex “Warrior”,чоловічий одяг,зіп-худі,178,3,20.01,0.0,0.0
gla_32166,Футболка unisex “Tarot”,чоловічий одяг,футболки,8,0,0.0,0.0,0.0
gla_33235,"Прапор ""Той самий вайб""",прапори,колекція 4.0,573,3,50.85,0.0,0.0
gla_32215,Світшот чоловічий “Welcome to hell”,чоловічий одяг,світшоти,57,0,0.0,0.0,0.0
gla_34687,"Футболка ""Дорога на схід""",новинки,(пусто),64,0,0.0,0.0,0.0
gla_34746,"Футболка ""Baby shark""",новинки,(пусто),1,0,0.0,0.0,0.0
gla_32180,Футболка unisex “Garden of Bones”,чоловічий одяг,футболки,32,0,0.0,0.0,0.0
gla_32196,"Футболка unisex ""Вампір""",чоловічий одяг,футболки,205,1,4.48,0.0,0.0
gla_32138,Футболка unisex “Azazel”,чоловічий одяг,футболки,13,0,0.0,0.0,0.0
gla_33226,"Прапор ""Вампір""",прапори,колекція 4.0,302,2,9.31,0.0,0.0
gla_32060,Штани чоловічі спортивні джогери,чоловічий одяг,(пусто),77,0,0.0,0.0,0.0
gla_30664,"Прапор ""Дорога на схід""",прапори,колекція 3.0,557,4,24.32,0.0,0.0
gla_32274,Зіп-худі unisex “Garden of Bones”,жіночий одяг,(пусто),82,0,0.0,0.0,0.0
gla_28209,"Прапор ""Тиша""",прапори,колекція 2.0,888,6,102.32,0.0,0.0
gla_32304,Футболка unisex “Azazel”,жіночий одяг,(пусто),3,0,0.0,0.0,0.0
gla_32277,Зіп-худі unisex “Arch of the Underworld”,жіночий одяг,(пусто),87,1,12.1,0.0,0.0
gla_32252,Шорти жіночі спортивні укорочені,жіночий одяг,(пусто),7,0,0.0,0.0,0.0
gla_28108,"Прапор ""Прямо в ціль""",прапори,колекція 2.0,103,1,12.44,0.0,0.0
gla_32319,Футболка unisex “Tarot”,жіночий одяг,(пусто),2,0,0.0,0.0,0.0
gla_32329,Футболка unisex “Garden of Bones”,жіночий одяг,(пусто),6,0,0.0,0.0,0.0
gla_32211,Світшот чоловічий “Warrior”,чоловічий одяг,світшоти,77,1,24.55,0.0,0.0
gla_34584,"Футболка ""Арта""",новинки,(пусто),229,3,22.79,0.0,0.0
gla_28187,"Прапор ""FPV пілот""",прапори,колекція 2.0,549,6,75.22,0.0,0.0
gla_32171,Футболка unisex “Tarot”,чоловічий одяг,футболки,47,1,6.38,0.0,0.0
gla_28130,"Прапор ""Очі темряви""",прапори,колекція 2.0,78,3,110.6,0.0,0.0
gla_33196,"Прапор ""Привіт від Богдани""",прапори,колекція 4.0,287,1,42.5,0.0,0.0
gla_28381,"Прапор ""Одного разу під Запоріжжям""",прапори,колекція 3.0,365,2,11.99,0.0,0.0
gla_32244,Штани жіночі спортивні широкі,жіночий одяг,(пусто),222,1,4.41,0.0,0.0
gla_28389,"Прапор ""Морпіхи""",прапори,колекція 3.0,91,1,9.43,0.0,0.0
gla_32161,Футболка unisex “Welcome to hell”,чоловічий одяг,футболки,106,0,0.0,0.0,0.0
gla_33568,"Прапор ""Грім і сталь""",прапори,колекція 4.0,190,1,18.12,0.0,0.0
gla_32322,Футболка unisex “Tarot”,жіночий одяг,(пусто),9,0,0.0,0.0,0.0
gla_28371,"Прапор ""Одного разу під Сумами""",прапори,колекція 3.0,2,0,0.0,0.0,0.0
gla_28379,"Прапор ""Одного разу під Донецьком""",прапори,колекція 3.0,11,0,0.0,0.0,0.0
gla_32287,Зіп-худі unisex “Azazel”,жіночий одяг,(пусто),25,0,0.0,0.0,0.0
gla_32079,Зіп-худі unisex “Welcome to hell”,чоловічий одяг,зіп-худі,221,3,16.36,0.0,0.0
gla_28559,"Футболка ""База""",чоловічий одяг,футболки,528,6,79.02,0.0,0.0
gla_34771,"Футболка ""Той самий вайб""",новинки,(пусто),27,0,0.0,0.0,0.0
gla_34547,"Футболка ""Час спокою""",новинки,(пусто),82,2,36.6,0.0,0.0
gla_33510,"Прапор ""На виїзд""",прапори,колекція 4.0,463,5,163.14,0.0,0.0
gla_32264,Зіп-худі unisex “Tarot”,жіночий одяг,(пусто),54,0,0.0,0.0,0.0
gla_32106,Зіп-худі unisex “Azazel”,чоловічий одяг,зіп-худі,42,1,4.16,0.0,0.0
gla_32772,"Футболка unisex ""Вампір""",жіночий одяг,(пусто),79,1,0.01,0.0,0.0
gla_32312,Футболка unisex “Welcome to hell”,жіночий одяг,(пусто),10,0,0.0,0.0,0.0
gla_33442,"Прапор ""Шеф""",прапори,колекція 3.0,282,2,17.85,0.0,0.0
gla_28287,"Прапор ""Між пеклом і домом""",прапори,колекція 3.0,264,1,35.19,0.0,0.0
gla_34657,"Футболка ""Гроза району""",новинки,(пусто),97,0,0.0,0.0,0.0
gla_32288,Зіп-худі unisex “Azazel”,жіночий одяг,(пусто),22,0,0.0,0.0,0.0
gla_34700,"Футболка ""Залізні побратими""",новинки,(пусто),47,0,0.0,0.0,0.0
gla_32334,Футболка unisex “Garden of Bones”,жіночий одяг,(пусто),40,0,0.0,0.0,0.0
gla_32298,Футболка unisex “Azazel”,жіночий одяг,(пусто),38,0,0.0,0.0,0.0
gla_28285,"Прапор ""Незламні""",прапори,колекція 3.0,374,3,17.41,0.0,0.0
gla_32344,Футболка unisex “Arch of the Underworld”,жіночий одяг,(пусто),4,0,0.0,0.0,0.0
gla_30724,"Прапор ""Подих снайпера""",прапори,колекція 3.0,201,0,0.0,0.0,0.0
gla_34583,"Футболка ""Арта""",новинки,(пусто),189,0,0.0,0.0,0.0
gla_34628,"Футболка ""В етері""",новинки,(пусто),227,2,9.11,0.0,0.0
gla_33476,"Прапор ""В етері""",прапори,колекція 4.0,467,4,72.32,0.0,0.0
gla_32774,"Футболка unisex ""Вампір""",жіночий одяг,(пусто),65,0,0.0,0.0,0.0
gla_32082,Зіп-худі unisex “Welcome to hell”,чоловічий одяг,зіп-худі,102,0,0.0,0.0,0.0
gla_30289,"Прапор ""Пекельна трійка""",прапори,колекція 3.0,134,0,0.0,0.0,0.0
gla_32323,Футболка unisex “Tarot”,жіночий одяг,(пусто),27,0,0.0,0.0,0.0
gla_32342,Футболка unisex “Arch of the Underworld”,жіночий одяг,(пусто),14,0,0.0,0.0,0.0
gla_32075,Зіп-худі unisex “Warrior”,чоловічий одяг,зіп-худі,214,5,65.12,0.0,0.0
gla_32247,Штани жіночі спортивні широкі,жіночий одяг,(пусто),545,16,176.59,0.0,0.0
gla_34586,"Футболка ""Арта""",новинки,(пусто),173,1,16.53,0.0,0.0
gla_34770,"Футболка ""Той самий вайб""",новинки,(пусто),33,0,0.0,0.0,0.0
gla_30743,"Прапор ""Штурмовики""",прапори,колекція 3.0,401,1,3.57,0.0,0.0
gla_35015,"Худі oversize ""Баба Яга""",новинки,(пусто),156,1,3.93,0.0,0.0
gla_32271,Зіп-худі unisex “Garden of Bones”,жіночий одяг,(пусто),153,4,37.78,0.0,0.0
gla_32265,Зіп-худі unisex “Tarot”,жіночий одяг,(пусто),111,3,33.57,0.0,0.0
gla_28375,"Прапор ""Одного разу під Харковом""",прапори,колекція 3.0,343,6,200.26,0.0,0.0
gla_28395,"Прапор ""ДСНС""",прапори,колекція 3.0,498,7,40.78,0.0,0.0
gla_34919,"Худі oversize ""Baby shark""",новинки,(пусто),28,1,14.38,0.0,0.0
gla_33492,"Прапор ""Танкісти""",чоловічий одяг,sale,216,2,75.02,0.0,0.0
gla_33526,"Прапор ""Постріл за пострілом""",прапори,колекція 4.0,92,1,40.64,0.0,0.0
gla_32128,Футболка unisex “Warrior”,чоловічий одяг,футболки,55,1,46.07,0.0,0.0
gla_34903,"Худі oversize ""Гроза району""",новинки,(пусто),974,7,74.15,0.0,0.0
gla_28558,"Футболка ""База""",чоловічий одяг,футболки,847,11,74.59,0.0,0.0
gla_32109,Зіп-худі unisex “Azazel”,чоловічий одяг,зіп-худі,21,0,0.0,0.0,0.0
gla_34631,"Футболка ""В етері""",новинки,(пусто),714,5,47.66,0.0,0.0
gla_34630,"Футболка ""В етері""",новинки,(пусто),293,1,13.81,0.0,0.0
gla_32266,Зіп-худі unisex “Tarot”,жіночий одяг,(пусто),260,2,67.13,0.0,0.0
gla_32225,Світшот чоловічий “Garden of Bones”,чоловічий одяг,світшоти,17,0,0.0,0.0,0.0
gla_33543,"Прапор ""Гострозорий птах""",прапори,колекція 4.0,53,0,0.0,0.0,0.0
gla_28014,"Прапор ""Донбас""",прапори,колекція 1.0,326,1,4.98,0.0,0.0
gla_32135,Футболка unisex “Warrior”,sale,(пусто),83,2,24.76,0.0,0.0
gla_32200,"Футболка unisex ""Вампір""",чоловічий одяг,футболки,76,0,0.0,0.0,0.0
gla_32258,Зіп-худі unisex “Welcome to hell”,жіночий одяг,(пусто),677,2,20.36,0.0,0.0
gla_32149,Футболка unisex “Azazel”,чоловічий одяг,футболки,45,0,0.0,0.0,0.0
gla_32328,Футболка unisex “Garden of Bones”,жіночий одяг,(пусто),32,0,0.0,0.0,0.0
gla_34991,"Худі oversize ""Перехоплювач""",новинки,(пусто),206,3,12.34,0.0,0.0
gla_32120,Футболка unisex “Warrior”,чоловічий одяг,футболки,20,0,0.0,0.0,0.0
gla_34712,"Футболка ""Зелений спектр""",новинки,(пусто),16,0,0.0,0.0,0.0
gla_34962,"Худі oversize ""Зелений спектр""",новинки,(пусто),679,5,59.66,0.0,0.0
gla_32080,Зіп-худі unisex “Welcome to hell”,чоловічий одяг,зіп-худі,146,2,30.83,0.0,0.0
gla_32129,Футболка unisex “Warrior”,чоловічий одяг,футболки,41,0,0.0,0.0,0.0
gla_32086,Зіп-худі unisex “Tarot”,чоловічий одяг,зіп-худі,21,0,0.0,0.0,0.0
gla_34840,"Худі oversize ""Звʼязок""",новинки,(пусто),435,2,53.75,0.0,0.0
gla_32280,Зіп-худі unisex “Arch of the Underworld”,жіночий одяг,(пусто),34,0,0.0,0.0,0.0
gla_34697,"Футболка ""Залізні побратими""",новинки,(пусто),23,0,0.0,0.0,0.0
gla_33244,"Прапор ""На кулаках""",прапори,колекція 4.0,190,1,10.35,0.0,0.0
gla_34642,"Футболка ""Вампіри""",новинки,(пусто),192,0,0.0,0.0,0.0
gla_33560,"Прапор ""Heavy Shot""",прапори,колекція 4.0,142,0,0.0,0.0,0.0
gla_34860,"Худі oversize ""Час спокою""",новинки,(пусто),644,9,109.7,0.0,0.0
gla_29876,Комплект кріплення для прапора,аксесуари,(пусто),228,5,19.29,0.0,0.0
gla_35027,"Худі oversize ""Вампір""",новинки,(пусто),208,3,49.56,0.0,0.0
gla_34585,"Футболка ""Арта""",новинки,(пусто),373,2,28.03,0.0,0.0
gla_32061,Штани чоловічі спортивні джогери,чоловічий одяг,(пусто),64,3,133.32,0.0,0.0
gla_34714,"Футболка ""Зелений спектр""",новинки,(пусто),7,0,0.0,0.0,0.0
gla_32285,Зіп-худі unisex “Azazel”,жіночий одяг,(пусто),51,1,4.91,0.0,0.0
gla_32185,Футболка unisex “Arch of the Underworld”,чоловічий одяг,футболки,14,0,0.0,0.0,0.0
gla_32139,Футболка unisex “Azazel”,чоловічий одяг,футболки,10,0,0.0,0.0,0.0
gla_32103,Зіп-худі unisex “Arch of the Underworld”,чоловічий одяг,зіп-худі,73,0,0.0,0.0,0.0
gla_33552,"Прапор ""Німий""",прапори,колекція 4.0,52,0,0.0,0.0,0.0
gla_32259,Зіп-худі unisex “Welcome to hell”,жіночий одяг,(пусто),1736,20,147.08,0.0,0.0
gla_35042,"Худі oversize ""Вампір""",новинки,(пусто),213,1,7.65,0.0,0.0
gla_28144,"Прапор ""Механік""",прапори,колекція 2.0,164,1,13.85,0.0,0.0
gla_28377,"Прапор ""Одного разу під Луганськом""",прапори,колекція 3.0,4,0,0.0,0.0,0.0
gla_32144,Футболка unisex “Azazel”,чоловічий одяг,футболки,17,0,0.0,0.0,0.0
gla_32214,Світшот чоловічий “Welcome to hell”,чоловічий одяг,світшоти,55,1,2.08,0.0,0.0
gla_32307,Футболка unisex “Welcome to hell”,жіночий одяг,(пусто),124,0,0.0,0.0,0.0
gla_30717,"Прапор ""Битва за життя""",прапори,колекція 3.0,262,3,59.27,0.0,0.0
gla_32245,Штани жіночі спортивні широкі,жіночий одяг,(пусто),161,1,4.68,0.0,0.0
gla_32174,Футболка unisex “Garden of Bones”,чоловічий одяг,футболки,9,0,0.0,0.0,0.0
gla_34688,"Футболка ""Дорога на схід""",новинки,(пусто),59,0,0.0,0.0,0.0
gla_34613,"Футболка ""Баба Яга""",новинки,(пусто),58,1,17.19,0.0,0.0
gla_33193,"Прапор ""Кулеметник""",прапори,колекція 4.0,134,0,0.0,0.0,0.0
gla_34699,"Футболка ""Залізні побратими""",новинки,(пусто),34,0,0.0,0.0,0.0
gla_32181,Футболка unisex “Garden of Bones”,чоловічий одяг,футболки,79,0,0.0,0.0,0.0
gla_33232,"Прапор ""Знайомство з пісюном""",прапори,колекція 4.0,234,0,0.0,0.0,0.0
gla_34729,"Футболка ""Лелека""",новинки,(пусто),156,1,9.7,0.0,0.0
gla_32089,Зіп-худі unisex “Tarot”,чоловічий одяг,зіп-худі,7,0,0.0,0.0,0.0
gla_33450,"Прапор ""Згідно з наказом""",прапори,колекція 4.0,1252,28,297.87,0.0,0.0
gla_28101,"Прапор ""Захисник світу""",прапори,колекція 2.0,160,2,54.46,0.0,0.0
gla_32293,Футболка unisex “Azazel”,sale,(пусто),5,0,0.0,0.0,0.0
gla_33451,"Прапор ""Зелений спектр""",прапори,колекція 4.0,62,0,0.0,0.0,0.0
gla_34732,"Футболка ""Лелека""",новинки,(пусто),113,0,0.0,0.0,0.0
gla_28008,"Прапор ""Донецьк""",прапори,колекція 1.0,879,11,189.79,0.0,0.0
gla_32164,Футболка unisex “Tarot”,чоловічий одяг,футболки,1,0,0.0,0.0,0.0
gla_28259,"Прапор ""Водій""",прапори,знижки,489,5,44.44,0.0,0.0
gla_30710,"Прапор ""Баба Яга""",прапори,колекція 3.0,278,3,16.9,0.0,0.0
gla_33205,"Прапор ""Стабік""",прапори,колекція 4.0,28,0,0.0,0.0,0.0
gla_32281,Зіп-худі unisex “Arch of the Underworld”,жіночий одяг,(пусто),45,0,0.0,0.0,0.0
gla_28393,"Прапор ""Сапер""",прапори,колекція 3.0,120,2,12.31,0.0,0.0
gla_32318,Футболка unisex “Tarot”,жіночий одяг,(пусто),8,0,0.0,0.0,0.0
gla_32169,Футболка unisex “Tarot”,чоловічий одяг,футболки,26,0,0.0,0.0,0.0
gla_32270,Зіп-худі unisex “Garden of Bones”,жіночий одяг,(пусто),696,9,65.41,0.0,0.0
gla_28077,"Прапор ""Життя""",прапори,колекція 2.0,102,0,0.0,0.0,0.0
gla_28383,"Прапор ""Одного разу під Херсоном""",прапори,колекція 3.0,54,0,0.0,0.0,0.0
gla_32154,Футболка unisex “Welcome to hell”,чоловічий одяг,футболки,23,0,0.0,0.0,0.0
gla_33241,"Прапор ""Маршрутка""",прапори,колекція 4.0,137,1,8.86,0.0,0.0
gla_32278,Зіп-худі unisex “Arch of the Underworld”,жіночий одяг,(пусто),18,0,0.0,0.0,0.0
gla_32337,Футболка unisex “Arch of the Underworld”,жіночий одяг,(пусто),21,0,0.0,0.0,0.0
gla_34759,"Футболка ""Перехоплювач""",новинки,(пусто),69,1,14.79,0.0,0.0
gla_28211,"Прапор ""Де посадка""",прапори,колекція 3.0,268,0,0.0,0.0,0.0
gla_32156,Футболка unisex “Welcome to hell”,чоловічий одяг,футболки,57,0,0.0,0.0,0.0
gla_32256,Зіп-худі unisex “Welcome to hell”,жіночий одяг,(пусто),982,13,178.46,0.0,0.0
gla_32783,"Футболка unisex ""Вампір""",жіночий одяг,(пусто),445,2,14.43,0.0,0.0
gla_34817,"Худі oversize ""Морпіхи""",новинки,(пусто),425,2,12.77,0.0,0.0
gla_34641,"Футболка ""Вампіри""",новинки,(пусто),117,2,3.67,0.0,0.0
gla_32068,Шорти чоловічі спортивні,чоловічий одяг,(пусто),1,0,0.0,0.0,0.0
gla_32251,Шорти жіночі спортивні укорочені,жіночий одяг,(пусто),32,0,0.0,0.0,0.0
gla_27995,"Прапор ""Воїн в полі""",прапори,колекція 1.0,336,1,33.09,0.0,0.0
gla_28156,"Прапор ""Місцевий""",прапори,колекція 2.0,84,0,0.0,0.0,0.0
gla_32250,Шорти жіночі спортивні укорочені,жіночий одяг,(пусто),5,0,0.0,0.0,0.0
gla_34760,"Футболка ""Перехоплювач""",новинки,(пусто),137,2,16.71,0.0,0.0
gla_34745,"Футболка ""Baby shark""",новинки,(пусто),1,0,0.0,0.0,0.0
gla_34828,"Худі oversize ""Сапер""",новинки,(пусто),724,10,128.9,0.0,0.0
gla_32191,Футболка unisex “Arch of the Underworld”,чоловічий одяг,футболки,195,0,0.0,0.0,0.0
gla_32221,Світшот чоловічий “Tarot”,чоловічий одяг,світшоти,8,0,0.0,0.0,0.0
gla_32133,Футболка unisex “Warrior”,sale,(пусто),34,0,0.0,0.0,0.0
gla_32170,Футболка unisex “Tarot”,чоловічий одяг,футболки,20,1,0.92,0.0,0.0
gla_32145,Футболка unisex “Azazel”,чоловічий одяг,футболки,8,0,0.0,0.0,0.0
gla_30309,"Прапор ""Армійська Авіація""",прапори,колекція 3.0,42,0,0.0,0.0,0.0
gla_32236,Світшот чоловічий “Azazel”,чоловічий одяг,світшоти,11,0,0.0,0.0,0.0
gla_33223,"Прапор ""Спіймані чмоні""",прапори,колекція 4.0,132,1,3.71,0.0,0.0
gla_34629,"Футболка ""В етері""",новинки,(пусто),703,4,52.06,0.0,0.0
gla_32235,Світшот чоловічий “Azazel”,чоловічий одяг,світшоти,17,0,0.0,0.0,0.0
gla_33182,"Прапор ""Гроза району""",прапори,колекція 4.0,666,7,92.92,1.0,1699.0
gla_29160,"Лонгслів ""Міномет""",чоловічий одяг,лонгсліви,183,1,2.15,0.0,0.0
gla_34801,"Худі oversize ""Міномет""",новинки,(пусто),478,5,81.75,0.0,0.0
gla_32108,Зіп-худі unisex “Azazel”,чоловічий одяг,зіп-худі,52,0,0.0,0.0,0.0
gla_34762,"Футболка ""Перехоплювач""",новинки,(пусто),35,1,6.15,0.0,0.0
gla_34655,"Футболка ""Гроза району""",новинки,(пусто),69,0,0.0,0.0,0.0
