Campaign,AdGroup,SearchTerm,Impressions,Clicks,Cost,Conversions_period_from,Conversions
Пошук \ Бренд,Бренд Кирилиця,корогва,1023,294,1195.07,2026-07-09,16.0
Пошук \ Бренд,Бренд Кирилиця,корогва прапори,226,84,432.58,2026-07-09,2.0
Пошук \ Бренд,Бренд Латиниця,corogva,123,57,81.69,2026-07-09,2.0
Пошук \ Одяг,Футболки,військові футболки з принтом на замовлення,100,32,772.28,2026-07-09,0.0
Пошук \ Бренд,Бренд Кирилиця,корогва магазин,30,14,42.81,2026-07-09,3.0
Пошук \ Прапори,Бригадні прапори (оригінальна група),замовити прапор бригади,33,13,249.13,2026-07-09,0.0
Пошук \ Бренд,Бренд Кирилиця,корогва сайт,19,11,67.74,2026-07-09,1.0
Пошук \ Бренд,Бренд Кирилиця,прапор корогва,26,7,20.63,2026-07-09,1.0
Пошук \ Бренд,Бренд Кирилиця,прапори корогва,19,7,44.14,2026-07-09,0.0
Пошук \ Прапори,Мілітарі — UA,купити прапор військовий,17,7,140.2,2026-07-09,0.0
Пошук \ Прапори,Мілітарі — UA,прапори для військових,35,7,161.93,2026-07-09,0.0
Пошук \ Одяг,Футболки,футболка зсу купити,71,7,171.74,2026-07-09,0.0
Пошук \ Прапори,Бригадні прапори (оригінальна група),корогва магазин,8,5,30.64,2026-07-09,0.0
Пошук \ Бренд,Бренд Кирилиця,корогви,7,4,5.02,2026-07-09,0.0
Пошук \ Прапори,Милитари — RU,флаги военные,8,4,45.92,2026-07-09,0.0
Пошук \ Прапори,Мілітарі — UA,прапор зсу купити,6,4,98.91,2026-07-09,0.0
Пошук \ Одяг,Футболки,футболки зсу купити,54,4,102.65,2026-07-09,0.0
Пошук \ Бренд,Бренд Кирилиця,корогва футболка,4,3,29.45,2026-07-09,0.0
Пошук \ Бренд,Бренд Кирилиця,корогва це,52,3,608.43,2026-07-09,0.0
Пошук \ Прапори,Мілітарі — UA,бойові прапори військових частин,13,3,72.13,2026-07-09,0.0
Пошук \ Прапори,Мілітарі — UA,військові прапори,26,3,73.56,2026-07-09,0.0
Пошук \ Прапори,Мілітарі — UA,прапор військовий,21,3,63.03,2026-07-09,0.0
Пошук \ Прапори,Мілітарі — UA,прапор для військових,12,3,64.9,2026-07-09,0.0
Пошук \ Прапори,Бригадні прапори (оригінальна група),прапор 92 бригади,11,3,48.76,2026-07-09,0.0
Пошук \ Бренд,Бренд Кирилиця,korogva,7,2,2.33,2026-07-09,0.0
Пошук \ Бренд,Бренд Кирилиця,корогва прапор,15,2,0.26,2026-07-09,0.0
Пошук \ Бренд,Бренд Кирилиця,коругва,13,2,137.99,2026-07-09,0.0
Пошук \ Прапори,Милитари — RU,военные флаги,4,2,45.95,2026-07-09,0.0
Пошук \ Прапори,Мілітарі — UA,бойові прапори,12,2,47.03,2026-07-09,0.0
Пошук \ Прапори,Мілітарі — UA,купити стяг україни,5,2,37.48,2026-07-09,0.0
Пошук \ Прапори,Мілітарі — UA,прапор безвісти зниклих військових,19,2,49.46,2026-07-09,0.0
Пошук \ Прапори,Мілітарі — UA,прапор дронщики,12,2,35.9,2026-07-09,0.0
Пошук \ Прапори,Мілітарі — UA,прапор з військовим,9,2,36.41,2026-07-09,0.0
Пошук \ Прапори,Мілітарі — UA,прапори військові,24,2,47.78,2026-07-09,0.0
Пошук \ Прапори,Бригадні прапори (оригінальна група),заказати прапор бригади,8,2,19.78,2026-07-09,0.0
Пошук \ Прапори,Бригадні прапори (оригінальна група),прапор 25 бригади,23,2,24.66,2026-07-09,0.0
Пошук \ Прапори,Бригадні прапори (оригінальна група),прапор 82 бригада дшв,5,2,33.37,2026-07-09,0.0
Пошук \ Прапори,Бригадні прапори (оригінальна група),прапори бригад зсу,9,2,15.26,2026-07-09,0.0
Пошук \ Одяг,Футболки,військові футболки купити,9,2,63.02,2026-07-09,0.0
Пошук \ Одяг,Футболки,купити футболки військові,17,2,51.89,2026-07-09,0.0
Пошук \ Одяг,Футболки,купити футболки для військових,9,2,38.81,2026-07-09,0.0
Пошук \ Одяг,Футболки,купити футболки зсу,14,2,28.06,2026-07-09,0.0
Пошук \ Одяг,Футболки,купить футболки зсу,12,2,56.91,2026-07-09,0.0
Пошук \ Одяг,Футболки,купить футболку в стиле милитари,2,2,229.15,2026-07-09,0.0
Пошук \ Одяг,Футболки,патриотичні футболки,5,2,26.33,2026-07-09,0.0
Пошук \ Одяг,Футболки,патріотичні футболки чоловічі купити,4,2,53.94,2026-07-09,0.0
Пошук \ Бренд,Бренд Латиниця,corogva com,2,1,0.05,2026-07-09,0.0
Пошук \ Бренд,Бренд Латиниця,прапор корогва,1,1,6.4,2026-07-09,0.0
Пошук \ Бренд,Бренд Кирилиця,корогва в церкві,2,1,87.65,2026-07-09,0.0
Пошук \ Бренд,Бренд Кирилиця,корогва прапори купити,2,1,3.88,2026-07-09,0.0
Пошук \ Бренд,Бренд Кирилиця,корогова,2,1,36.77,2026-07-09,0.0
Пошук \ Прапори,Милитари — RU,военный флаг,4,1,24.61,2026-07-09,0.0
Пошук \ Прапори,Милитари — RU,нацистский флаг купить,5,1,24.27,2026-07-09,0.0
Пошук \ Прапори,Милитари — RU,флаг военный,8,1,23.33,2026-07-09,0.0
Пошук \ Прапори,Милитари — RU,флаг вооруженных сил украины,1,1,24.07,2026-07-09,0.0
Пошук \ Прапори,Милитари — RU,флаг гур мо,1,1,23.97,2026-07-09,0.0
Пошук \ Прапори,Милитари — RU,флаг нацистской германии купить,8,1,24.68,2026-07-09,0.0
Пошук \ Прапори,Милитари — RU,флаги расцвечивания,4,1,23.91,2026-07-09,0.0
Пошук \ Прапори,Мілітарі — UA,військовий прапор україни,13,1,10.06,2026-07-09,0.0
Пошук \ Прапори,Мілітарі — UA,мілітарі прапори,15,1,24.21,2026-07-09,0.0
Пошук \ Прапори,Мілітарі — UA,прапор з підписами військових,6,1,19.34,2026-07-09,0.0
Пошук \ Прапори,Мілітарі — UA,прапор медик,4,1,23.6,2026-07-09,0.0
Пошук \ Прапори,Мілітарі — UA,прапор мілітарі,8,1,23.87,2026-07-09,0.0
Пошук \ Прапори,Мілітарі — UA,прапори бригад зсу купити,15,1,24.94,2026-07-09,0.0
Пошук \ Прапори,Мілітарі — UA,прапори військових частин,6,1,23.67,2026-07-09,0.0
Пошук \ Прапори,Мілітарі — UA,підпис на прапорі для військових,9,1,24.86,2026-07-09,0.0
Пошук \ Прапори,Мілітарі — UA,стяг україни купити,4,1,24.44,2026-07-09,0.0
Пошук \ Прапори,Мілітарі — UA,що таке бойовий прапор військової частини,1,1,1.47,2026-07-09,0.0
Пошук \ Прапори,Бригадні прапори (оригінальна група),купити прапор 128 бригади,5,1,27.84,2026-07-09,0.0
Пошук \ Прапори,Бригадні прапори (оригінальна група),купити прапор 95 бригади,11,1,9.7,2026-07-09,0.0
Пошук \ Прапори,Бригадні прапори (оригінальна група),купити стяг україни,3,1,7.77,2026-07-09,0.0
Пошук \ Прапори,Бригадні прапори (оригінальна група),прапор 118 бригади,11,1,9.62,2026-07-09,0.0
Пошук \ Прапори,Бригадні прапори (оригінальна група),прапор 158 бригади,4,1,9.8,2026-07-09,0.0
Пошук \ Прапори,Бригадні прапори (оригінальна група),прапор 24 бригади,5,1,62.02,2026-07-09,0.0
Пошук \ Прапори,Бригадні прапори (оригінальна група),прапор 3 окрема штурмова бригада,1,1,9.26,2026-07-09,0.0
Пошук \ Прапори,Бригадні прапори (оригінальна група),прапор 3 штурмова бригада,9,1,13.13,2026-07-09,0.0
Пошук \ Прапори,Бригадні прапори (оригінальна група),прапор 30 бригади,11,1,52.66,2026-07-09,0.0
Пошук \ Прапори,Бригадні прапори (оригінальна група),прапор 34 бригади,3,1,10.0,2026-07-09,0.0
Пошук \ Прапори,Бригадні прапори (оригінальна група),прапор 46 бригади,23,1,52.63,2026-07-09,0.0
Пошук \ Прапори,Бригадні прапори (оригінальна група),прапор 58 бригади,13,1,17.09,2026-07-09,0.0
Пошук \ Прапори,Бригадні прапори (оригінальна група),прапор 63 бригади,9,1,19.73,2026-07-09,0.0
Пошук \ Прапори,Бригадні прапори (оригінальна група),прапор 68 єгерської бригади,9,1,5.11,2026-07-09,0.0
Пошук \ Прапори,Бригадні прапори (оригінальна група),прапор 77 бригади,5,1,14.82,2026-07-09,0.0
Пошук \ Прапори,Бригадні прапори (оригінальна група),прапор 80 бригади,15,1,62.26,2026-07-09,0.0
Пошук \ Прапори,Бригадні прапори (оригінальна група),прапор 82 бригади,15,1,22.22,2026-07-09,0.0
Пошук \ Прапори,Бригадні прапори (оригінальна група),прапор 93 бригади холодний яр,16,1,9.89,2026-07-09,0.0
Пошук \ Прапори,Бригадні прапори (оригінальна група),прапор 95 бригади,19,1,45.21,2026-07-09,0.0
Пошук \ Прапори,Бригадні прапори (оригінальна група),прапор бригади,28,1,13.25,2026-07-09,0.0
Пошук \ Прапори,Бригадні прапори (оригінальна група),прапор бригади рубіж,4,1,9.77,2026-07-09,0.0
Пошук \ Прапори,Бригадні прапори (оригінальна група),прапор зсу купити,5,1,36.25,2026-07-09,0.0
Пошук \ Прапори,Бригадні прапори (оригінальна група),прапори бригад,8,1,0.59,2026-07-09,0.0
Пошук \ Одяг,штани,купити військові штани з наколінниками,1,1,15.82,2026-07-09,0.0
Пошук \ Одяг,штани,купити військові штани мультикам,3,1,15.61,2026-07-09,0.0
Пошук \ Одяг,штани,купити штани піксель зсу літні,1,1,58.66,2026-07-09,0.0
Пошук \ Одяг,Футболки,армійські футболки купити,3,1,7.71,2026-07-09,0.0
Пошук \ Одяг,Футболки,жіночі патріотичні футболки купити,1,1,45.72,2026-07-09,0.0
Пошук \ Одяг,Футболки,купити військові футболки,15,1,13.38,2026-07-09,0.0
Пошук \ Одяг,Футболки,купити патріотичні футболки,15,1,28.31,2026-07-09,0.0
Пошук \ Одяг,Футболки,купити футболку койот,6,1,39.73,2026-07-09,0.0
Пошук \ Одяг,Футболки,купить футболку поло зсу,10,1,72.28,2026-07-09,0.0
Пошук \ Одяг,Футболки,патриотични футболки,4,1,14.64,2026-07-09,0.0
Пошук \ Одяг,Футболки,патріотичні футболки купити київ,2,1,5.59,2026-07-09,0.0
Пошук \ Одяг,Футболки,футболка зсу купить,19,1,59.57,2026-07-09,0.0
Пошук \ Одяг,Футболки,футболка зсу ціна,6,1,9.13,2026-07-09,0.0
Пошук \ Бренд,Бренд Латиниця,korogva,2,0,0.0,2026-07-09,0.0
Пошук \ Бренд,Бренд Кирилиця,козацька корогва,4,0,0.0,2026-07-09,0.0
Пошук \ Бренд,Бренд Кирилиця,коровга,1,0,0.0,2026-07-09,0.0
Пошук \ Бренд,Бренд Кирилиця,корогва козацька,5,0,0.0,2026-07-09,0.0
Пошук \ Бренд,Бренд Кирилиця,корогва що це,5,0,0.0,2026-07-09,0.0
Пошук \ Бренд,Бренд Кирилиця,корогвами,1,0,0.0,2026-07-09,0.0
Пошук \ Бренд,Бренд Кирилиця,корогви у козаків,1,0,0.0,2026-07-09,0.0
Пошук \ Бренд,Бренд Кирилиця,корогви фото,2,0,0.0,2026-07-09,0.0
Пошук \ Бренд,Бренд Кирилиця,корогви це,1,0,0.0,2026-07-09,0.0
Пошук \ Бренд,Бренд Кирилиця,корогвп,2,0,0.0,2026-07-09,0.0
Пошук \ Бренд,Бренд Кирилиця,шо таке корогва,2,0,0.0,2026-07-09,0.0
Пошук \ Бренд,Бренд Кирилиця,що таке корогва,1,0,0.0,2026-07-09,0.0
Пошук \ Прапори,Милитари — RU,армейские флаги,1,0,0.0,2026-07-09,0.0
Пошук \ Прапори,Милитари — RU,армия флаг,1,0,0.0,2026-07-09,0.0
Пошук \ Прапори,Милитари — RU,артиллерия флаг,1,0,0.0,2026-07-09,0.0
Пошук \ Прапори,Милитари — RU,военные флаги стран,1,0,0.0,2026-07-09,0.0
Пошук \ Прапори,Милитари — RU,военные флаги украины,5,0,0.0,2026-07-09,0.0
Пошук \ Прапори,Милитари — RU,военный флаг украины,6,0,0.0,2026-07-09,0.0
Пошук \ Прапори,Милитари — RU,гур флаг,3,0,0.0,2026-07-09,0.0
Пошук \ Прапори,Милитари — RU,дшв флаг,2,0,0.0,2026-07-09,0.0
Пошук \ Прапори,Милитари — RU,купить флаг 3 рейха украина,3,0,0.0,2026-07-09,0.0
Пошук \ Прапори,Милитари — RU,купить флаг 93 бригады,2,0,0.0,2026-07-09,0.0
Пошук \ Прапори,Милитари — RU,купить флаг ввс ссср,1,0,0.0,2026-07-09,0.0
Пошук \ Прапори,Милитари — RU,купить флаг германской империи,2,0,0.0,2026-07-09,0.0
Пошук \ Прапори,Милитари — RU,купить флаг нсдап,1,0,0.0,2026-07-09,0.0
Пошук \ Прапори,Милитари — RU,спецназ гру флаг,1,0,0.0,2026-07-09,0.0
Пошук \ Прапори,Милитари — RU,флаг арми,3,0,0.0,2026-07-09,0.0
Пошук \ Прапори,Милитари — RU,флаг армии,1,0,0.0,2026-07-09,0.0
Пошук \ Прапори,Милитари — RU,флаг артиллерии,7,0,0.0,2026-07-09,0.0
Пошук \ Прапори,Милитари — RU,флаг артиллерия,1,0,0.0,2026-07-09,0.0
Пошук \ Прапори,Милитари — RU,флаг вмс,2,0,0.0,2026-07-09,0.0
Пошук \ Прапори,Милитари — RU,флаг вмс украины купить,4,0,0.0,2026-07-09,0.0
Пошук \ Прапори,Милитари — RU,флаг вмф ссср купить,1,0,0.0,2026-07-09,0.0
Пошук \ Прапори,Милитари — RU,флаг военная разведка,1,0,0.0,2026-07-09,0.0
Пошук \ Прапори,Милитари — RU,флаг военно морских сил украины,2,0,0.0,2026-07-09,0.0
Пошук \ Прапори,Милитари — RU,флаг гру,1,0,0.0,2026-07-09,0.0
Пошук \ Прапори,Милитари — RU,флаг гур,14,0,0.0,2026-07-09,0.0
Пошук \ Прапори,Милитари — RU,флаг дшв украины,1,0,0.0,2026-07-09,0.0
Пошук \ Прапори,Милитари — RU,флаг кригсмарине купить,2,0,0.0,2026-07-09,0.0
Пошук \ Прапори,Милитари — RU,флаг разведка,2,0,0.0,2026-07-09,0.0
Пошук \ Прапори,Милитари — RU,флаг сша купить,2,0,0.0,2026-07-09,0.0
Пошук \ Прапори,Милитари — RU,флаг украины военный,2,0,0.0,2026-07-09,0.0
Пошук \ Прапори,Мілітарі — UA,бойовий козацький прапор,1,0,0.0,2026-07-09,0.0
Пошук \ Прапори,Мілітарі — UA,бойовий прапор,20,0,0.0,2026-07-09,0.0
Пошук \ Прапори,Мілітарі — UA,бойовий прапор військової частини,15,0,0.0,2026-07-09,0.0
Пошук \ Прапори,Мілітарі — UA,бойовий прапор військової частини збройних сил україни,1,0,0.0,2026-07-09,0.0
Пошук \ Прапори,Мілітарі — UA,бойовий прапор зсу,5,0,0.0,2026-07-09,0.0
Пошук \ Прапори,Мілітарі — UA,бойовий прапор козаків,8,0,0.0,2026-07-09,0.0
Пошук \ Прапори,Мілітарі — UA,бойовий прапор україни,5,0,0.0,2026-07-09,0.0
Пошук \ Прапори,Мілітарі — UA,вручення бойового прапора,1,0,0.0,2026-07-09,0.0
Пошук \ Прапори,Мілітарі — UA,військовий бойовий прапор,1,0,0.0,2026-07-09,0.0
Пошук \ Прапори,Мілітарі — UA,військовий прапор,6,0,0.0,2026-07-09,0.0
Пошук \ Прапори,Мілітарі — UA,військовий прапор 7 букв,2,0,0.0,2026-07-09,0.0
Пошук \ Прапори,Мілітарі — UA,військово морський прапор,1,0,0.0,2026-07-09,0.0
Пошук \ Прапори,Мілітарі — UA,військові з прапором,2,0,0.0,2026-07-09,0.0
Пошук \ Прапори,Мілітарі — UA,військові з прапором україни,2,0,0.0,2026-07-09,0.0
Пошук \ Прапори,Мілітарі — UA,військові прапори україни,10,0,0.0,2026-07-09,0.0
Пошук \ Прапори,Мілітарі — UA,гур прапор,4,0,0.0,2026-07-09,0.0
Пошук \ Прапори,Мілітарі — UA,гур флаг,1,0,0.0,2026-07-09,0.0
Пошук \ Прапори,Мілітарі — UA,козацький бойовий прапор,9,0,0.0,2026-07-09,0.0
Пошук \ Прапори,Мілітарі — UA,купити прапор корогва,2,0,0.0,2026-07-09,0.0
Пошук \ Прапори,Мілітарі — UA,купить знамя победы,1,0,0.0,2026-07-09,0.0
Пошук \ Прапори,Мілітарі — UA,напис на прапорі для військових,2,0,0.0,2026-07-09,0.0
Пошук \ Прапори,Мілітарі — UA,побажання на прапорі від військових,6,0,0.0,2026-07-09,0.0
Пошук \ Прапори,Мілітарі — UA,прапор артилерія,4,0,0.0,2026-07-09,0.0
Пошук \ Прапори,Мілітарі — UA,прапор артилерії,7,0,0.0,2026-07-09,0.0
Пошук \ Прапори,Мілітарі — UA,прапор бпла,8,0,0.0,2026-07-09,0.0
Пошук \ Прапори,Мілітарі — UA,прапор воєнна розвідка україни,2,0,0.0,2026-07-09,0.0
Пошук \ Прапори,Мілітарі — UA,прапор війська запорозького,1,0,0.0,2026-07-09,0.0
Пошук \ Прапори,Мілітарі — UA,прапор військової частини,4,0,0.0,2026-07-09,0.0
Пошук \ Прапори,Мілітарі — UA,прапор гур,37,0,0.0,2026-07-09,0.0
Пошук \ Прапори,Мілітарі — UA,прапор гур мо,16,0,0.0,2026-07-09,0.0
Пошук \ Прапори,Мілітарі — UA,прапор гур мо україни,2,0,0.0,2026-07-09,0.0
Пошук \ Прапори,Мілітарі — UA,прапор зниклих військових,1,0,0.0,2026-07-09,0.0
Пошук \ Прапори,Мілітарі — UA,прапор мінометників,3,0,0.0,2026-07-09,0.0
Пошук \ Прапори,Мілітарі — UA,прапор реб,3,0,0.0,2026-07-09,0.0
Пошук \ Прапори,Мілітарі — UA,прапор розвідки,21,0,0.0,2026-07-09,0.0
Пошук \ Прапори,Мілітарі — UA,прапор розвідки україни,3,0,0.0,2026-07-09,0.0
Пошук \ Прапори,Мілітарі — UA,прапор фпв,10,0,0.0,2026-07-09,0.0
Пошук \ Прапори,Мілітарі — UA,прапори загиблих військових,2,0,0.0,2026-07-09,0.0
Пошук \ Прапори,Мілітарі — UA,флаг конфедерации купить,6,0,0.0,2026-07-09,0.0
Пошук \ Прапори,Мілітарі — UA,що написати на прапорі військовим,4,0,0.0,2026-07-09,0.0
Пошук \ Прапори,Бригадні прапори (оригінальна група),128 бригада прапор,1,0,0.0,2026-07-09,0.0
Пошук \ Прапори,Бригадні прапори (оригінальна група),71 бригада прапор,1,0,0.0,2026-07-09,0.0
Пошук \ Прапори,Бригадні прапори (оригінальна група),80 бригада прапор,4,0,0.0,2026-07-09,0.0
Пошук \ Прапори,Бригадні прапори (оригінальна група),95 бригада прапор,1,0,0.0,2026-07-09,0.0
Пошук \ Прапори,Бригадні прапори (оригінальна група),бригадні прапори,3,0,0.0,2026-07-09,0.0
Пошук \ Прапори,Бригадні прапори (оригінальна група),корогва купити,1,0,0.0,2026-07-09,0.0
Пошук \ Прапори,Бригадні прапори (оригінальна група),купити прапор 24 бригади,6,0,0.0,2026-07-09,0.0
Пошук \ Прапори,Бригадні прапори (оригінальна група),купити прапор 72 бригади,3,0,0.0,2026-07-09,0.0
Пошук \ Прапори,Бригадні прапори (оригінальна група),купити прапор 79 бригади,1,0,0.0,2026-07-09,0.0
Пошук \ Прапори,Бригадні прапори (оригінальна група),купити прапор 80 бригади,2,0,0.0,2026-07-09,0.0
Пошук \ Прапори,Бригадні прапори (оригінальна група),купити прапор 93 бригади,1,0,0.0,2026-07-09,0.0
Пошук \ Прапори,Бригадні прапори (оригінальна група),патріотичні прапори купити,1,0,0.0,2026-07-09,0.0
Пошук \ Прапори,Бригадні прапори (оригінальна група),прапор 10 бригади,2,0,0.0,2026-07-09,0.0
Пошук \ Прапори,Бригадні прапори (оригінальна група),прапор 100 бригади,4,0,0.0,2026-07-09,0.0
Пошук \ Прапори,Бригадні прапори (оригінальна група),прапор 100 омбр,1,0,0.0,2026-07-09,0.0
Пошук \ Прапори,Бригадні прапори (оригінальна група),прапор 101 бригади,3,0,0.0,2026-07-09,0.0
Пошук \ Прапори,Бригадні прапори (оригінальна група),прапор 102 бригада,2,0,0.0,2026-07-09,0.0
Пошук \ Прапори,Бригадні прапори (оригінальна група),прапор 110 бригади,7,0,0.0,2026-07-09,0.0
Пошук \ Прапори,Бригадні прапори (оригінальна група),прапор 110 омбр,2,0,0.0,2026-07-09,0.0
Пошук \ Прапори,Бригадні прапори (оригінальна група),прапор 115 бригади,4,0,0.0,2026-07-09,0.0
Пошук \ Прапори,Бригадні прапори (оригінальна група),прапор 117 бригади,4,0,0.0,2026-07-09,0.0
Пошук \ Прапори,Бригадні прапори (оригінальна група),прапор 128 бригади,8,0,0.0,2026-07-09,0.0
Пошук \ Прапори,Бригадні прапори (оригінальна група),прапор 152 бригади,1,0,0.0,2026-07-09,0.0
Пошук \ Прапори,Бригадні прапори (оригінальна група),прапор 152 єгерської бригади,3,0,0.0,2026-07-09,0.0
Пошук \ Прапори,Бригадні прапори (оригінальна група),прапор 153 бригади,2,0,0.0,2026-07-09,0.0
Пошук \ Прапори,Бригадні прапори (оригінальна група),прапор 155 бригади,14,0,0.0,2026-07-09,0.0
Пошук \ Прапори,Бригадні прапори (оригінальна група),прапор 156 бригади,3,0,0.0,2026-07-09,0.0
Пошук \ Прапори,Бригадні прапори (оригінальна група),прапор 17 танкової бригади,8,0,0.0,2026-07-09,0.0
Пошук \ Прапори,Бригадні прапори (оригінальна група),прапор 18 слов янської бригади,3,0,0.0,2026-07-09,0.0
Пошук \ Прапори,Бригадні прапори (оригінальна група),прапор 23 омбр,1,0,0.0,2026-07-09,0.0
Пошук \ Прапори,Бригадні прапори (оригінальна група),прапор 25 дшв,1,0,0.0,2026-07-09,0.0
Пошук \ Прапори,Бригадні прапори (оригінальна група),прапор 28 бригади,6,0,0.0,2026-07-09,0.0
Пошук \ Прапори,Бригадні прапори (оригінальна група),прапор 3 штурмової бригади,2,0,0.0,2026-07-09,0.0
Пошук \ Прапори,Бригадні прапори (оригінальна група),прапор 32 бригади,6,0,0.0,2026-07-09,0.0
Пошук \ Прапори,Бригадні прапори (оригінальна група),прапор 33 бригади,2,0,0.0,2026-07-09,0.0
Пошук \ Прапори,Бригадні прапори (оригінальна група),прапор 34 бригади морської піхоти,31,0,0.0,2026-07-09,0.0
Пошук \ Прапори,Бригадні прапори (оригінальна група),прапор 35 бригада морської піхоти,3,0,0.0,2026-07-09,0.0
Пошук \ Прапори,Бригадні прапори (оригінальна група),прапор 36 бригади,5,0,0.0,2026-07-09,0.0
Пошук \ Прапори,Бригадні прапори (оригінальна група),прапор 36 бригади морської піхоти,14,0,0.0,2026-07-09,0.0
Пошук \ Прапори,Бригадні прапори (оригінальна група),прапор 37 бригада морської піхоти,9,0,0.0,2026-07-09,0.0
Пошук \ Прапори,Бригадні прапори (оригінальна група),прапор 37 бригади,1,0,0.0,2026-07-09,0.0
Пошук \ Прапори,Бригадні прапори (оригінальна група),прапор 38 бригади морської піхоти,25,0,0.0,2026-07-09,0.0
Пошук \ Прапори,Бригадні прапори (оригінальна група),прапор 39 бригада морської піхоти,3,0,0.0,2026-07-09,0.0
Пошук \ Прапори,Бригадні прапори (оригінальна група),прапор 42 бригади,9,0,0.0,2026-07-09,0.0
Пошук \ Прапори,Бригадні прапори (оригінальна група),прапор 43 бригади,3,0,0.0,2026-07-09,0.0
Пошук \ Прапори,Бригадні прапори (оригінальна група),прапор 47 бригади,7,0,0.0,2026-07-09,0.0
Пошук \ Прапори,Бригадні прапори (оригінальна група),прапор 53 бригади,6,0,0.0,2026-07-09,0.0
Пошук \ Прапори,Бригадні прапори (оригінальна група),прапор 54 бригади,6,0,0.0,2026-07-09,0.0
Пошук \ Прапори,Бригадні прапори (оригінальна група),прапор 56 бригади,6,0,0.0,2026-07-09,0.0
Пошук \ Прапори,Бригадні прапори (оригінальна група),прапор 57 бригади,4,0,0.0,2026-07-09,0.0
Пошук \ Прапори,Бригадні прапори (оригінальна група),прапор 59 бригади,7,0,0.0,2026-07-09,0.0
Пошук \ Прапори,Бригадні прапори (оригінальна група),прапор 61 бригади,10,0,0.0,2026-07-09,0.0
Пошук \ Прапори,Бригадні прапори (оригінальна група),прапор 66 бригади,8,0,0.0,2026-07-09,0.0
Пошук \ Прапори,Бригадні прапори (оригінальна група),прапор 67 бригади,5,0,0.0,2026-07-09,0.0
Пошук \ Прапори,Бригадні прапори (оригінальна група),прапор 68 бригади,6,0,0.0,2026-07-09,0.0
Пошук \ Прапори,Бригадні прапори (оригінальна група),прапор 71 бригади,15,0,0.0,2026-07-09,0.0
Пошук \ Прапори,Бригадні прапори (оригінальна група),прапор 71 єгерської бригади,5,0,0.0,2026-07-09,0.0
Пошук \ Прапори,Бригадні прапори (оригінальна група),прапор 72 бригади,25,0,0.0,2026-07-09,0.0
Пошук \ Прапори,Бригадні прапори (оригінальна група),прапор 77 бригада дшв,3,0,0.0,2026-07-09,0.0
Пошук \ Прапори,Бригадні прапори (оригінальна група),прапор 78 бригади,8,0,0.0,2026-07-09,0.0
Пошук \ Прапори,Бригадні прапори (оригінальна група),прапор 79 бригади,11,0,0.0,2026-07-09,0.0
Пошук \ Прапори,Бригадні прапори (оригінальна група),прапор 81 бригади,14,0,0.0,2026-07-09,0.0
Пошук \ Прапори,Бригадні прапори (оригінальна група),прапор 93 бригади,8,0,0.0,2026-07-09,0.0
Пошук \ Прапори,Бригадні прапори (оригінальна група),прапор дшв 77 бригада,3,0,0.0,2026-07-09,0.0
Пошук \ Прапори,Бригадні прапори (оригінальна група),прапор дшв 80 бригада,2,0,0.0,2026-07-09,0.0
Пошук \ Прапори,Бригадні прапори (оригінальна група),прапор магура,1,0,0.0,2026-07-09,0.0
Пошук \ Прапори,Бригадні прапори (оригінальна група),прапор президентської бригади,7,0,0.0,2026-07-09,0.0
Пошук \ Прапори,Бригадні прапори (оригінальна група),прапор третьої штурмової бригади,12,0,0.0,2026-07-09,0.0
Пошук \ Прапори,Бригадні прапори (оригінальна група),прапори бригад зсу купити,2,0,0.0,2026-07-09,0.0
Пошук \ Одяг,худі,купити мілітарі худі,2,0,0.0,2026-07-09,0.0
Пошук \ Одяг,худі,купити худі мілітарі,1,0,0.0,2026-07-09,0.0
Пошук \ Одяг,штани,5.11 apex pant,1,0,0.0,2026-07-09,0.0
Пошук \ Одяг,штани,5.11 tactical apex,1,0,0.0,2026-07-09,0.0
Пошук \ Одяг,штани,5.11 tactical stryke pants black,2,0,0.0,2026-07-09,0.0
Пошук \ Одяг,штани,aor2 emerson,3,0,0.0,2026-07-09,0.0
Пошук \ Одяг,штани,army combat pants,1,0,0.0,2026-07-09,0.0
Пошук \ Одяг,штани,baggy military pants,2,0,0.0,2026-07-09,0.0
Пошук \ Одяг,штани,cheap military pants,1,0,0.0,2026-07-09,0.0
Пошук \ Одяг,штани,crye precision g4,2,0,0.0,2026-07-09,0.0
Пошук \ Одяг,штани,flecktarn combat pants,2,0,0.0,2026-07-09,0.0
Пошук \ Одяг,штани,flecktarn pants,1,0,0.0,2026-07-09,0.0
Пошук \ Одяг,штани,helikon tex greyman tactical pants,1,0,0.0,2026-07-09,0.0
Пошук \ Одяг,штани,m tac aggressor gen 2,1,0,0.0,2026-07-09,0.0
Пошук \ Одяг,штани,m tac aggressor lady,1,0,0.0,2026-07-09,0.0
Пошук \ Одяг,штани,military pants cheap,1,0,0.0,2026-07-09,0.0
Пошук \ Одяг,штани,multicam g3,1,0,0.0,2026-07-09,0.0
Пошук \ Одяг,штани,pentagon bdu 2.0,1,0,0.0,2026-07-09,0.0
Пошук \ Одяг,штани,pentagon tactical jeans,1,0,0.0,2026-07-09,0.0
Пошук \ Одяг,штани,військові штани купити,2,0,0.0,2026-07-09,0.0
Пошук \ Одяг,штани,купити військові штани,6,0,0.0,2026-07-09,0.0
Пошук \ Одяг,штани,купити військові штани зсу,1,0,0.0,2026-07-09,0.0
Пошук \ Одяг,штани,купити військові штани піксель,1,0,0.0,2026-07-09,0.0
Пошук \ Одяг,штани,купити чоловічі штани мілітарі,2,0,0.0,2026-07-09,0.0
Пошук \ Одяг,штани,купити штани зсу літні,1,0,0.0,2026-07-09,0.0
Пошук \ Одяг,штани,купити штани мілітарі,1,0,0.0,2026-07-09,0.0
Пошук \ Одяг,штани,купить військові штани,1,0,0.0,2026-07-09,0.0
Пошук \ Одяг,штани,купить пиксельные штаны зсу,2,0,0.0,2026-07-09,0.0
Пошук \ Одяг,штани,купить штани військові,2,0,0.0,2026-07-09,0.0
Пошук \ Одяг,штани,купить штаны милитари мужские,1,0,0.0,2026-07-09,0.0
Пошук \ Одяг,штани,купить штаны пиксель зсу тактические,1,0,0.0,2026-07-09,0.0
Пошук \ Одяг,штани,штани зсу купити,3,0,0.0,2026-07-09,0.0
Пошук \ Одяг,шорти,купити шорти військові,1,0,0.0,2026-07-09,0.0
Пошук \ Одяг,шорти,купить шорты зсу,1,0,0.0,2026-07-09,0.0
Пошук \ Одяг,Футболки,замовити патріотичні футболки,1,0,0.0,2026-07-09,0.0
Пошук \ Одяг,Футболки,зсу футболка купить,2,0,0.0,2026-07-09,0.0
Пошук \ Одяг,Футболки,купити мілітарі футболку,2,0,0.0,2026-07-09,0.0
Пошук \ Одяг,Футболки,купити футболки патріотичні,5,0,0.0,2026-07-09,0.0
Пошук \ Одяг,Футболки,купити футболки чоловічі військові,2,0,0.0,2026-07-09,0.0
Пошук \ Одяг,Футболки,купити футболку зсу,2,0,0.0,2026-07-09,0.0
Пошук \ Одяг,Футболки,купити футболку зсу з принтом,1,0,0.0,2026-07-09,0.0
Пошук \ Одяг,Футболки,купити футболку мілітарі,1,0,0.0,2026-07-09,0.0
Пошук \ Одяг,Футболки,купити футболку неймара,7,0,0.0,2026-07-09,0.0
Пошук \ Одяг,Футболки,купити футболку поло зсу,2,0,0.0,2026-07-09,0.0
Пошук \ Одяг,Футболки,купить мужскую футболку милитари,1,0,0.0,2026-07-09,0.0
Пошук \ Одяг,Футболки,купить патріотичні футболки,4,0,0.0,2026-07-09,0.0
Пошук \ Одяг,Футболки,купить футболку кортез,1,0,0.0,2026-07-09,0.0
Пошук \ Одяг,Футболки,патриотические футболки для детей,1,0,0.0,2026-07-09,0.0
Пошук \ Одяг,Футболки,патріотичні футболки купити,9,0,0.0,2026-07-09,0.0
Пошук \ Одяг,Футболки,патріотичні футболки купити недорого,4,0,0.0,2026-07-09,0.0
Пошук \ Одяг,Футболки,поло зсу купить,2,0,0.0,2026-07-09,0.0
Пошук \ Одяг,Футболки,футболка зсу с крестом купить,1,0,0.0,2026-07-09,0.0
Пошук \ Одяг,Футболки,футболка поло зсу купити,3,0,0.0,2026-07-09,0.0
Пошук \ Одяг,Футболки,футболка поло зсу купить украина,11,0,0.0,2026-07-09,0.0
Пошук \ Одяг,Футболки,футболка поло олива зсу купить,4,0,0.0,2026-07-09,0.0
Пошук \ Одяг,Футболки,футболки військові купити,10,0,0.0,2026-07-09,0.0
